stationID,tz,obsTimeUtc,obsTimeLocal,epoch,lat,lon,solarRadiationHigh,uvHigh,winddirAvg,humidityHigh,humidityLow,humidityAvg,qcStatus,tempHigh,tempLow,tempAvg,windspeedHigh,windspeedLow,windspeedAvg,windgustHigh,windgustLow,windgustAvg,dewptHigh,dewptLow,dewptAvg,windchillHigh,windchillLow,windchillAvg,heatindexHigh,heatindexLow,heatindexAvg,pressureMax,pressureMin,pressureTrend,precipRate,precipTotal
ICEREZ2,Europe/Madrid,2020-07-15T21:59:58Z,2020-07-15 23:59:58,1594850398,41.217,-3.59,988.23,9.0,221,83,21,49,-1,28,9,19,11,0,1,17,0,2,13,2,7,28,9,19,27,9,19,1016.59,1013.21,0.13,0.0,0.0
ICEREZ2,Europe/Madrid,2020-07-16T21:59:56Z,2020-07-16 23:59:56,1594936796,41.217,-3.59,994.71,9.0,235,79,25,50,-1,30,11,21,13,0,1,18,0,2,12,7,9,30,11,21,28,11,20,1017.27,1014.56,-0.01,0.0,0.0
ICEREZ2,Europe/Madrid,2020-07-17T21:59:55Z,2020-07-17 23:59:55,1595023195,41.217,-3.59,986.88,9.0,239,85,17,50,-1,28,11,20,13,0,1,18,0,2,12,0,8,28,11,20,27,11,20,1016.26,1013.55,-0.06,0.0,0.0
ICEREZ2,Europe/Madrid,2020-07-18T21:59:54Z,2020-07-18 23:59:54,1595109594,41.217,-3.59,1001.2,9.0,225,70,14,39,-1,30,7,20,10,0,1,15,0,2,13,-1,4,30,7,20,29,7,19,1015.24,1012.19,-0.04,0.0,0.0
ICEREZ2,Europe/Madrid,2020-07-19T21:59:36Z,2020-07-19 23:59:36,1595195976,41.217,-3.59,825.04,8.0,165,76,18,39,-1,33,13,23,6,0,0,9,0,1,17,2,7,33,13,23,31,13,22,1013.88,1010.84,-0.04,23.37,4.06
ICEREZ2,Europe/Madrid,2020-07-20T21:59:51Z,2020-07-20 23:59:51,1595282391,41.217,-3.59,863.2,8.0,179,73,17,40,-1,33,14,25,5,0,0,7,0,0,14,4,9,33,14,25,31,14,24,1014.56,1012.19,0.07,0.0,0.0
ICEREZ2,Europe/Madrid,2020-07-21T21:59:50Z,2020-07-21 23:59:50,1595368790,41.217,-3.59,773.9,7.0,166,61,21,39,-1,34,17,26,8,0,1,13,0,1,15,2,10,34,17,26,32,17,25,1017.27,1013.55,0.07,0.0,0.0
ICEREZ2,Europe/Madrid,2020-07-22T21:59:38Z,2020-07-22 23:59:38,1595455178,41.217,-3.59,826.75,8.0,173,88,32,55,-1,29,17,23,6,0,0,9,0,1,17,9,13,29,17,23,28,17,22,1016.93,1014.22,0.0,3.05,1.27
ICEREZ2,Europe/Madrid,2020-07-23T21:59:47Z,2020-07-23 23:59:47,1595541587,41.217,-3.59,825.89,8.0,214,75,25,50,-1,31,15,23,5,0,0,13,0,1,16,8,12,31,15,23,30,15,23,1016.26,1012.53,-0.11,0.0,0.0
ICEREZ2,Europe/Madrid,2020-07-24T21:59:46Z,2020-07-24 23:59:46,1595627986,41.217,-3.59,816.84,7.0,216,81,22,49,-1,30,14,23,6,0,0,9,0,1,16,6,10,30,14,23,28,14,22,1014.9,1012.19,0.04,0.0,0.0
ICEREZ2,Europe/Madrid,2020-07-25T21:59:44Z,2020-07-25 23:59:44,1595714384,41.217,-3.59,855.0,8.0,217,69,20,42,-1,32,13,23,5,0,0,11,0,1,14,6,8,32,13,23,30,13,23,1014.9,1010.84,-0.07,0.0,0.0
ICEREZ2,Europe/Madrid,2020-07-26T21:59:59Z,2020-07-26 23:59:59,1595800799,41.217,-3.59,701.48,6.0,227,63,20,39,-1,33,13,24,5,0,0,7,0,0,13,5,8,33,13,24,32,13,23,1014.9,1012.53,0.06,6.1,1.02
ICEREZ2,Europe/Madrid,2020-07-27T21:59:58Z,2020-07-27 23:59:58,1595887198,41.217,-3.59,988.6,9.0,356,61,20,35,-1,37,16,28,11,0,1,24,0,3,14,5,10,37,16,28,36,16,27,1014.56,1012.19,-0.03,0.0,0.0
ICEREZ2,Europe/Madrid,2020-07-28T21:59:56Z,2020-07-28 23:59:56,1595973596,41.217,-3.59,1025.05,9.0,343,64,24,41,-1,33,16,26,8,0,1,15,0,2,15,8,11,33,16,26,32,16,25,1014.22,1012.19,0.03,0.0,0.0
ICEREZ2,Europe/Madrid,2020-07-29T21:59:39Z,2020-07-29 23:59:39,1596059979,41.217,-3.59,1088.79,10.0,337,80,24,47,-1,35,15,25,9,0,1,17,0,1,15,8,12,35,15,25,34,15,25,1014.22,1011.85,-0.07,0.0,0.0
ICEREZ2,Europe/Madrid,2020-07-30T21:59:53Z,2020-07-30 23:59:53,1596146393,41.217,-3.59,1160.84,11.0,8,51,19,33,-1,36,24,30,12,0,3,20,0,4,16,7,11,36,24,30,34,24,29,1013.88,1010.5,0.03,0.0,0.0
ICEREZ2,Europe/Madrid,2020-07-31T21:59:52Z,2020-07-31 23:59:52,1596232792,41.217,-3.59,1036.31,10.0,327,53,14,30,-1,35,19,28,14,0,2,20,0,3,12,3,8,35,19,28,33,19,27,1015.58,1012.87,0.1,0.0,0.0
ICEREZ2,Europe/Madrid,2020-08-01T21:59:50Z,2020-08-01 23:59:50,1596319190,41.217,-3.59,1012.94,9.0,312,57,12,34,-1,33,14,24,13,0,2,20,0,3,11,0,7,33,14,24,31,14,24,1016.59,1014.22,0.0,0.0,0.0
ICEREZ2,Europe/Madrid,2020-08-02T21:59:49Z,2020-08-02 23:59:49,1596405589,41.217,-3.59,1019.42,9.0,319,75,30,51,-1,30,12,21,12,0,2,18,0,2,14,7,10,30,12,21,29,12,21,1015.92,1013.21,-0.03,0.0,0.0
ICEREZ2,Europe/Madrid,2020-08-03T21:59:38Z,2020-08-03 23:59:38,1596491978,41.217,-3.59,1088.79,10.0,321,81,28,49,-1,27,10,20,14,0,2,20,0,3,11,5,8,27,10,20,27,10,19,1014.9,1012.19,-0.06,0.0,0.0
ICEREZ2,Europe/Madrid,2020-08-04T21:59:47Z,2020-08-04 23:59:47,1596578387,41.217,-3.59,1022.49,9.0,328,83,25,50,-1,29,9,20,11,0,1,17,0,2,11,6,8,29,9,20,28,9,19,1014.22,1011.51,-0.03,0.0,0.0
ICEREZ2,Europe/Madrid,2020-08-05T21:59:35Z,2020-08-05 23:59:35,1596664775,41.217,-3.59,1034.1,10.0,327,69,16,39,-1,34,11,22,9,0,1,15,0,2,11,0,6,34,11,22,31,11,22,1013.21,1010.5,-0.03,0.0,0.0
ICEREZ2,Europe/Madrid,2020-08-06T21:59:44Z,2020-08-06 23:59:44,1596751184,41.217,-3.59,1215.53,11.0,1,58,20,35,-1,35,15,27,10,0,2,15,0,3,15,5,9,35,15,27,33,15,26,1014.56,1011.51,0.1,0.0,0.0
ICEREZ2,Europe/Madrid,2020-08-07T21:59:58Z,2020-08-07 23:59:58,1596837598,41.217,-3.59,1097.47,10.0,359,45,21,31,-1,36,23,30,12,0,2,18,0,4,15,9,11,36,23,30,35,23,29,1017.95,1013.88,0.13,0.0,0.0
ICEREZ2,Europe/Madrid,2020-08-08T21:59:57Z,2020-08-08 23:59:57,1596923997,41.217,-3.59,1226.3,11.0,352,52,17,34,-1,35,20,28,10,0,1,15,0,2,14,5,10,35,20,28,34,20,27,1017.95,1015.58,-0.04,0.0,0.0
ICEREZ2,Europe/Madrid,2020-08-09T21:59:56Z,2020-08-09 23:59:56,1597010396,41.217,-3.59,1026.76,9.0,352,71,11,30,-1,36,20,29,11,0,2,17,0,3,15,-1,8,36,20,29,34,20,27,1016.59,1010.84,-0.18,1.78,0.25
ICEREZ2,Europe/Madrid,2020-08-10T21:59:54Z,2020-08-10 23:59:54,1597096794,41.217,-3.59,823.32,8.0,11,48,29,36,-1,29,19,25,14,0,2,24,0,4,14,6,9,29,19,25,28,19,24,1012.19,1009.48,-0.06,0.0,0.0
ICEREZ2,Europe/Madrid,2020-08-11T21:59:37Z,2020-08-11 23:59:37,1597183177,41.217,-3.59,559.08,5.0,7,94,34,66,-1,28,14,19,18,0,2,37,0,3,15,9,12,28,14,19,28,14,19,1014.9,1008.81,-0.03,18.54,16.76
ICEREZ2,Europe/Madrid,2020-08-12T21:59:36Z,2020-08-12 23:59:36,1597269576,41.217,-3.59,1159.5,11.0,5,79,38,62,-1,25,14,19,10,0,2,20,0,4,16,9,12,25,14,19,25,14,19,1012.87,1009.14,0.11,3.05,0.51
ICEREZ2,Europe/Madrid,2020-08-13T21:59:50Z,2020-08-13 23:59:50,1597355990,41.217,-3.59,1014.66,9.0,328,92,33,64,-1,28,11,19,8,0,1,13,0,2,15,9,12,28,11,19,28,11,19,1014.22,1012.19,0.06,0.0,0.0
ICEREZ2,Europe/Madrid,2020-08-14T21:59:49Z,2020-08-14 23:59:49,1597442389,41.217,-3.59,1088.79,10.0,339,85,25,52,-1,30,11,21,8,0,1,11,0,1,14,7,9,30,11,21,29,11,20,1014.22,1010.16,-0.1,0.0,0.0
ICEREZ2,Europe/Madrid,2020-08-15T21:59:37Z,2020-08-15 23:59:37,1597528777,41.217,-3.59,984.68,9.0,316,73,26,47,-1,27,9,19,13,0,2,20,0,3,12,3,7,27,9,19,27,9,19,1012.53,1009.48,0.01,0.0,0.0
ICEREZ2,Europe/Madrid,2020-08-16T21:59:47Z,2020-08-16 23:59:47,1597615187,41.217,-3.59,989.08,9.0,315,85,25,54,-1,25,8,16,14,0,2,22,0,3,9,3,6,25,8,16,24,8,16,1013.21,1011.18,0.03,0.0,0.0
ICEREZ2,Europe/Madrid,2020-08-17T21:59:46Z,2020-08-17 23:59:46,1597701586,41.217,-3.59,1081.82,10.0,317,88,28,58,-1,27,10,18,13,0,2,22,0,3,13,5,9,27,10,18,27,10,18,1014.63,1011.18,0.06,0.0,0.0
ICEREZ2,Europe/Madrid,2020-08-18T21:59:45Z,2020-08-18 23:59:45,1597787985,41.217,-3.59,1201.59,11.0,323,93,38,66,-1,27,15,20,11,0,1,17,0,2,16,10,13,27,15,20,27,15,20,1014.53,1011.72,-0.09,4.8,1.3
ICEREZ2,Europe/Madrid,2020-08-19T21:59:59Z,2020-08-19 23:59:59,1597874399,41.217,-3.59,1020.28,9.0,344,88,11,48,-1,31,12,21,14,0,1,20,0,2,14,-3,7,31,12,21,29,12,21,1012.53,1006.64,-0.17,0.0,0.0
ICEREZ2,Europe/Madrid,2020-08-20T21:51:58Z,2020-08-20 23:51:58,1597960318,41.217,-3.59,1072.76,10.0,4,53,13,28,-1,31,11,22,12,0,2,22,0,3,5,-1,2,31,11,22,29,11,22,1009.82,1006.64,0.07,0.0,0.0
ICEREZ2,Europe/Madrid,2020-08-21T21:59:56Z,2020-08-21 23:59:56,1598047196,41.217,-3.59,1142.62,11.0,329,96,33,68,-1,30,12,21,15,0,1,20,0,2,20,2,14,30,12,21,29,12,21,1016.83,1009.82,0.29,15.01,7.39
ICEREZ2,Europe/Madrid,2020-08-22T21:59:55Z,2020-08-22 23:59:55,1598133595,41.217,-3.59,995.08,9.0,327,96,15,59,-1,30,10,20,11,0,1,17,0,2,18,0,10,30,10,20,28,10,20,1019.81,1016.42,0.12,0.0,0.0
ICEREZ2,Europe/Madrid,2020-08-23T21:59:53Z,2020-08-23 23:59:53,1598219993,41.217,-3.59,998.63,9.0,335,82,19,47,-1,30,9,19,9,0,1,13,0,2,9,3,6,30,9,19,28,9,19,1019.81,1015.71,-0.12,0.0,0.0
ICEREZ2,Europe/Madrid,2020-08-24T21:59:53Z,2020-08-24 23:59:53,1598306393,41.217,-3.59,998.63,9.0,325,80,21,47,-1,31,9,20,13,0,1,17,0,1,10,5,7,31,9,20,29,9,19,1016.73,1010.43,-0.21,0.0,0.0
ICEREZ2,Europe/Madrid,2020-08-25T21:59:50Z,2020-08-25 23:59:50,1598392790,41.217,-3.59,981.25,9.0,315,71,17,42,-1,34,14,23,14,0,1,20,0,2,13,4,8,34,14,23,31,14,22,1013.51,1010.23,0.07,0.0,0.0
ICEREZ2,Europe/Madrid,2020-08-26T21:59:50Z,2020-08-26 23:59:50,1598479190,41.217,-3.59,981.25,9.0,322,64,19,39,-1,34,13,24,11,0,1,17,0,2,10,4,8,34,13,24,32,13,23,1015.71,1012.73,0.09,0.0,0.0
ICEREZ2,Europe/Madrid,2020-08-27T21:59:48Z,2020-08-27 23:59:48,1598565588,41.217,-3.59,982.48,9.0,320,67,19,43,-1,33,14,23,15,0,1,17,0,2,13,6,9,33,14,23,31,14,22,1015.61,1010.13,-0.22,0.0,0.0
ICEREZ2,Europe/Madrid,2020-08-28T21:59:47Z,2020-08-28 23:59:47,1598651987,41.217,-3.59,1090.51,10.0,310,78,15,50,-1,27,15,20,15,0,2,26,0,4,14,-3,8,27,15,20,26,15,20,1010.43,1002.34,-0.28,0.0,0.0
ICEREZ2,Europe/Madrid,2020-08-29T21:59:46Z,2020-08-29 23:59:46,1598738386,41.217,-3.59,1205.13,11.0,338,86,37,69,-1,19,5,12,13,0,1,24,0,2,10,2,6,19,5,12,19,5,12,1018.12,1003.01,0.6,10.21,2.31
ICEREZ2,Europe/Madrid,2020-08-30T21:59:35Z,2020-08-30 23:59:35,1598824775,41.217,-3.59,1250.15,12.0,343,95,32,65,-1,19,3,10,10,0,1,17,0,2,7,0,3,19,3,10,19,3,10,1022.52,1017.71,0.18,0.0,0.0
ICEREZ2,Europe/Madrid,2020-08-31T21:59:44Z,2020-08-31 23:59:44,1598911184,41.217,-3.59,988.23,9.0,325,87,21,50,-1,24,3,13,10,0,1,15,0,2,5,-1,1,24,3,13,23,3,13,1023.23,1012.94,-0.35,0.0,0.0
ICEREZ2,Europe/Madrid,2020-09-01T21:59:59Z,2020-09-01 23:59:59,1598997599,41.217,-3.59,1220.3,11.0,339,63,19,41,-1,25,9,16,10,0,1,13,0,1,5,-1,2,25,9,16,24,9,16,1014.22,1009.21,-0.12,0.0,0.0
ICEREZ2,Europe/Madrid,2020-09-02T21:59:57Z,2020-09-02 23:59:57,1599083997,41.217,-3.59,964.25,9.0,337,76,21,45,-1,27,6,17,11,0,1,15,0,1,7,1,3,27,6,17,26,6,16,1016.53,1010.94,0.21,0.0,0.0
ICEREZ2,Europe/Madrid,2020-09-03T21:59:57Z,2020-09-03 23:59:57,1599170397,41.217,-3.59,975.14,9.0,333,68,13,38,-1,31,8,19,8,0,1,15,0,1,7,-2,2,31,8,19,29,8,19,1019.54,1015.92,0.13,0.0,0.0
ICEREZ2,Europe/Madrid,2020-09-04T21:59:56Z,2020-09-04 23:59:56,1599256796,41.217,-3.59,957.4,9.0,0,52,22,36,-1,31,13,23,7,0,1,17,0,2,11,1,7,31,13,23,30,13,23,1019.44,1011.41,-0.28,0.0,0.0
ICEREZ2,Europe/Madrid,2020-09-05T21:59:54Z,2020-09-05 23:59:54,1599343194,41.217,-3.59,933.05,9.0,342,62,20,38,-1,32,13,23,12,0,1,20,0,2,11,5,7,32,13,23,30,13,22,1012.94,1008.33,-0.13,0.0,0.0
ICEREZ2,Europe/Madrid,2020-09-06T21:59:52Z,2020-09-06 23:59:52,1599429592,41.217,-3.59,970.0,9.0,327,79,29,50,-1,29,12,21,12,0,1,17,0,2,12,5,9,29,12,21,28,12,21,1010.02,1007.52,0.0,0.0,0.0
ICEREZ2,Europe/Madrid,2020-09-07T21:59:52Z,2020-09-07 23:59:52,1599515992,41.217,-3.59,984.68,9.0,345,88,22,55,-1,24,5,14,12,0,1,15,0,2,7,1,4,24,5,14,23,5,14,1012.53,1009.11,0.1,0.0,0.0
ICEREZ2,Europe/Madrid,2020-09-08T21:59:51Z,2020-09-08 23:59:51,1599602391,41.217,-3.59,956.91,9.0,354,72,21,44,-1,25,3,15,7,0,1,13,0,1,5,-5,1,25,3,15,25,3,14,1012.84,1010.53,0.0,0.0,0.0
ICEREZ2,Europe/Madrid,2020-09-09T21:59:49Z,2020-09-09 23:59:49,1599688789,41.217,-3.59,938.32,9.0,333,67,22,41,-1,28,9,18,11,0,1,15,0,2,8,2,4,28,9,18,27,9,18,1014.63,1011.04,0.04,0.0,0.0
ICEREZ2,Europe/Madrid,2020-09-10T21:59:37Z,2020-09-10 23:59:37,1599775177,41.217,-3.59,940.39,9.0,349,78,24,49,-1,28,8,18,9,0,1,17,0,2,9,4,6,28,8,18,27,8,18,1013.51,1009.62,-0.11,0.0,0.0
ICEREZ2,Europe/Madrid,2020-09-11T21:59:15Z,2020-09-11 23:59:15,1599861555,41.217,-3.59,940.88,9.0,333,73,24,45,-1,29,10,19,12,0,1,15,0,1,8,2,6,29,10,19,27,10,18,1010.74,1007.62,-0.06,0.0,0.0
ICEREZ2,Europe/Madrid,2020-09-12T21:59:45Z,2020-09-12 23:59:45,1599947985,41.217,-3.59,913.97,8.0,345,62,17,37,-1,31,9,20,11,0,1,17,0,1,7,1,3,31,9,20,29,9,19,1015.61,1009.21,0.25,0.0,0.0
ICEREZ2,Europe/Madrid,2020-09-13T21:59:44Z,2020-09-13 23:59:44,1600034384,41.217,-3.59,916.17,8.0,8,51,25,36,-1,30,16,24,10,0,2,20,0,4,10,3,8,30,16,24,28,16,23,1017.44,1014.53,0.03,0.0,0.0
ICEREZ2,Europe/Madrid,2020-09-14T21:59:59Z,2020-09-14 23:59:59,1600120799,41.217,-3.59,723.5,7.0,17,53,34,41,-1,26,20,23,12,0,3,26,0,6,11,7,9,26,20,23,26,20,23,1016.83,1013.34,-0.08,0.0,0.0
ICEREZ2,Europe/Madrid,2020-09-15T21:59:57Z,2020-09-15 23:59:57,1600207197,41.217,-3.59,921.8,8.0,356,90,38,59,-1,27,15,20,14,0,1,31,0,2,14,8,12,27,15,20,26,15,20,1017.03,1014.02,0.06,3.0,0.99
ICEREZ2,Europe/Madrid,2020-09-16T21:59:55Z,2020-09-16 23:59:55,1600293595,41.217,-3.59,884.98,8.0,350,83,30,55,-1,29,12,20,7,0,1,13,0,1,13,8,10,29,12,20,28,12,19,1016.12,1011.24,-0.15,0.0,0.0
ICEREZ2,Europe/Madrid,2020-09-17T21:59:54Z,2020-09-17 23:59:54,1600379994,41.217,-3.59,1047.56,10.0,1,95,45,62,-1,25,14,20,12,0,1,22,0,2,15,10,12,25,14,20,25,14,20,1012.73,1007.52,-0.08,35.41,13.69
ICEREZ2,Europe/Madrid,2020-09-18T21:59:53Z,2020-09-18 23:59:53,1600466393,41.217,-3.59,1150.45,11.0,349,98,56,84,-1,20,12,15,11,0,1,22,0,2,15,10,12,20,12,15,20,12,15,1010.13,1005.52,-0.1,19.81,35.61
ICEREZ2,Europe/Madrid,2020-09-19T21:59:52Z,2020-09-19 23:59:52,1600552792,41.217,-3.59,1134.79,11.0,349,98,59,81,-1,19,12,15,17,0,2,26,0,3,13,10,11,19,12,15,19,12,15,1015.71,1005.83,0.34,10.8,11.2
ICEREZ2,Europe/Madrid,2020-09-20T21:59:31Z,2020-09-20 23:59:31,1600639171,41.217,-3.59,1029.34,10.0,325,97,63,87,-1,20,13,15,15,0,1,20,0,2,15,11,13,20,13,15,20,13,15,1016.53,1013.82,0.01,6.6,4.09
ICEREZ2,Europe/Madrid,2020-09-21T21:59:50Z,2020-09-21 23:59:50,1600725590,41.217,-3.59,2367.8,15.0,330,98,52,82,-1,22,13,15,8,0,1,11,0,2,13,10,12,22,13,15,22,13,15,1017.03,1014.43,-0.02,18.59,7.59
ICEREZ2,Europe/Madrid,2020-09-22T21:59:49Z,2020-09-22 23:59:49,1600811989,41.217,-3.59,966.09,9.0,321,95,39,70,-1,21,10,15,13,0,1,18,0,2,12,5,9,21,10,15,21,10,15,1015.61,1011.31,-0.12,0.0,0.0
ICEREZ2,Europe/Madrid,2020-09-23T21:59:47Z,2020-09-23 23:59:47,1600898387,41.217,-3.59,930.85,9.0,325,97,58,81,-1,21,11,15,12,0,1,17,0,2,15,9,12,21,11,15,21,11,15,1013.34,1010.74,0.01,7.8,4.29
ICEREZ2,Europe/Madrid,2020-09-24T21:59:46Z,2020-09-24 23:59:46,1600984786,41.217,-3.59,809.01,7.0,314,95,47,75,-1,19,11,15,17,0,2,29,0,4,13,5,10,19,11,15,19,11,15,1014.93,1011.62,0.07,0.0,0.0
ICEREZ2,Europe/Madrid,2020-09-25T21:59:45Z,2020-09-25 23:59:45,1601071185,41.217,-3.59,1103.96,14.0,300,84,42,65,-1,15,6,11,17,0,5,29,0,8,7,1,4,15,5,10,15,6,11,1020.42,1014.43,0.23,0.0,0.0
ICEREZ2,Europe/Madrid,2020-09-26T21:59:44Z,2020-09-26 23:59:44,1601157584,41.217,-3.59,1087.08,10.0,315,92,50,70,-1,16,3,10,14,0,2,24,0,4,9,2,5,16,3,10,16,3,10,1020.42,1012.43,-0.32,0.0,0.0
ICEREZ2,Europe/Madrid,2020-09-27T21:59:44Z,2020-09-27 23:59:44,1601243984,41.217,-3.59,1045.0,10.0,326,97,38,74,-1,17,4,11,12,0,2,20,0,3,10,2,6,17,4,11,17,4,11,1015.34,1011.31,0.08,1.8,0.3
ICEREZ2,Europe/Madrid,2020-09-28T21:59:58Z,2020-09-28 23:59:58,1601330398,41.217,-3.59,836.29,8.0,334,96,19,62,-1,21,3,10,6,0,0,9,0,1,6,-5,2,21,3,10,21,3,10,1016.73,1014.22,0.05,0.0,0.0
ICEREZ2,Europe/Madrid,2020-09-29T21:59:57Z,2020-09-29 23:59:57,1601416797,41.217,-3.59,836.78,8.0,327,83,20,54,-1,24,5,13,10,0,1,15,0,1,7,-2,2,24,5,13,23,5,13,1016.53,1013.92,0.0,0.0,0.0
ICEREZ2,Europe/Madrid,2020-10-01T21:59:56Z,2020-10-01 23:59:56,1601589596,41.217,-3.59,885.34,8.0,339,93,48,69,-1,18,7,13,10,0,1,15,0,2,9,4,7,18,7,13,18,7,13,1012.53,1004.84,-0.31,0.0,0.0
ICEREZ2,Europe/Madrid,2020-10-02T21:59:55Z,2020-10-02 23:59:55,1601675995,41.217,-3.59,932.2,9.0,319,96,48,74,-1,14,5,10,29,0,6,46,0,10,11,0,5,14,3,9,14,5,10,1005.11,992.82,-0.18,9.6,19.81
ICEREZ2,Europe/Madrid,2020-10-03T21:59:54Z,2020-10-03 23:59:54,1601762394,41.217,-3.59,1003.76,9.0,319,89,54,72,-1,12,4,8,18,0,3,26,0,5,4,2,3,12,2,7,12,4,8,1007.92,1000.14,0.31,0.0,0.0
ICEREZ2,Europe/Madrid,2020-10-04T21:59:54Z,2020-10-04 23:59:54,1601848794,41.217,-3.59,1068.85,10.0,322,95,54,74,-1,14,7,10,18,0,3,31,0,5,9,3,5,14,6,10,14,7,10,1010.33,1004.84,0.09,3.0,1.19
ICEREZ2,Europe/Madrid,2020-10-05T21:59:52Z,2020-10-05 23:59:52,1601935192,41.217,-3.59,949.57,9.0,319,92,45,72,-1,15,6,10,12,0,2,20,0,4,7,3,5,15,4,10,15,6,10,1018.42,1009.92,0.34,0.0,0.0
ICEREZ2,Europe/Madrid,2020-10-06T21:59:51Z,2020-10-06 23:59:51,1602021591,41.217,-3.59,492.28,4.0,333,95,67,82,-1,19,11,14,10,0,1,13,0,1,13,7,11,19,11,14,19,11,14,1021.13,1011.62,-0.2,0.0,0.0
ICEREZ2,Europe/Madrid,2020-10-07T21:59:49Z,2020-10-07 23:59:49,1602107989,41.217,-3.59,791.27,7.0,334,99,48,79,-1,23,7,13,8,0,0,13,0,1,12,7,10,23,7,13,22,7,13,1015.04,1012.33,0.02,0.0,0.0
ICEREZ2,Europe/Madrid,2020-10-08T21:59:48Z,2020-10-08 23:59:48,1602194388,41.217,-3.59,838.49,8.0,343,97,37,70,-1,24,7,15,7,0,1,11,0,1,12,6,9,24,7,15,24,7,15,1013.92,1011.24,-0.06,0.0,0.0
ICEREZ2,Europe/Madrid,2020-10-09T21:59:48Z,2020-10-09 23:59:48,1602280788,41.217,-3.59,775.61,7.0,322,93,27,65,-1,24,8,15,10,0,1,15,0,1,10,3,7,24,8,15,23,8,15,1013.14,1011.04,0.01,0.0,0.0
ICEREZ2,Europe/Madrid,2020-10-10T21:59:47Z,2020-10-10 23:59:47,1602367187,41.217,-3.59,867.61,8.0,351,94,48,73,-1,20,4,11,10,0,1,18,0,1,11,3,6,20,4,11,20,4,11,1015.14,1011.62,0.09,0.0,0.0
ICEREZ2,Europe/Madrid,2020-10-11T21:59:46Z,2020-10-11 23:59:46,1602453586,41.217,-3.59,941.37,9.0,350,96,47,74,-1,13,2,7,10,0,1,18,0,2,4,0,2,13,2,7,13,2,7,1015.71,1013.24,0.0,0.0,0.0
ICEREZ2,Europe/Madrid,2020-10-12T21:59:46Z,2020-10-12 23:59:46,1602539986,41.217,-3.59,883.63,8.0,337,95,45,74,-1,14,2,7,10,0,1,13,0,1,5,1,3,14,2,7,14,2,7,1015.51,1010.53,-0.17,0.0,0.0
ICEREZ2,Europe/Madrid,2020-10-14T21:59:44Z,2020-10-14 23:59:44,1602712784,41.217,-3.59,918.75,8.0,327,92,46,75,-1,12,2,8,12,0,1,15,0,2,7,0,3,12,2,8,12,2,8,1016.42,1002.13,0.55,0.0,0.0
ICEREZ2,Europe/Madrid,2020-10-15T21:59:59Z,2020-10-15 23:59:59,1602799199,41.217,-3.59,965.6,9.0,336,95,55,78,-1,11,0,5,9,0,1,17,0,2,4,-1,2,11,0,5,11,0,5,1019.13,1015.92,0.11,0.0,0.0
ICEREZ2,Europe/Madrid,2020-10-16T21:59:59Z,2020-10-16 23:59:59,1602885599,41.217,-3.59,766.43,7.0,334,94,45,74,-1,12,-3,4,10,0,0,13,0,1,3,-4,-1,12,-3,4,12,-3,4,1019.24,1016.12,-0.09,0.0,0.0
ICEREZ2,Europe/Madrid,2020-10-17T21:59:59Z,2020-10-17 23:59:59,1602971999,41.217,-3.59,685.82,6.0,326,91,33,67,-1,16,-1,7,12,0,1,15,0,1,4,-3,0,16,-1,7,16,-1,7,1019.13,1015.04,0.09,0.0,0.0
ICEREZ2,Europe/Madrid,2020-10-18T21:59:58Z,2020-10-18 23:59:58,1603058398,41.217,-3.59,732.67,7.0,342,94,37,66,-1,20,2,10,6,0,0,11,0,1,7,0,3,20,2,10,20,2,10,1020.83,1018.42,0.0,0.0,0.0
ICEREZ2,Europe/Madrid,2020-10-19T21:14:38Z,2020-10-19 23:14:38,1603142078,41.217,-3.59,727.9,7.0,1,56,32,39,-1,20,10,16,15,0,3,31,0,5,5,-2,2,20,10,16,20,10,16,1019.13,1012.02,-0.26,0.0,0.0
ICEREZ2,Europe/Madrid,2020-10-20T21:59:56Z,2020-10-20 23:59:56,1603231196,41.217,-3.59,112.67,1.0,15,92,36,71,-1,18,11,13,22,0,5,40,0,9,12,2,8,18,11,13,18,11,13,1013.82,1001.02,0.1,10.8,30.2
ICEREZ2,Europe/Madrid,2020-10-21T21:59:54Z,2020-10-21 23:59:54,1603317594,41.217,-3.59,724.84,7.0,27,94,65,79,-1,15,11,13,21,0,4,46,0,7,12,7,9,15,11,13,15,11,13,1024.72,1012.63,0.46,11.99,5.59
ICEREZ2,Europe/Madrid,2020-10-22T21:59:55Z,2020-10-22 23:59:55,1603403995,41.217,-3.59,788.21,7.0,340,98,65,82,-1,16,9,12,14,0,2,18,0,3,11,7,9,16,8,12,16,9,12,1028.51,1023.64,0.15,7.19,7.7
ICEREZ2,Europe/Madrid,2020-10-23T21:59:53Z,2020-10-23 23:59:53,1603490393,41.217,-3.59,769.49,7.0,336,97,72,87,-1,12,6,9,13,0,1,15,0,1,9,5,7,12,6,9,12,6,9,1036.03,1027.53,0.32,5.99,2.21
ICEREZ2,Europe/Madrid,2020-10-24T21:59:52Z,2020-10-24 23:59:52,1603576792,41.217,-3.59,692.79,6.0,325,98,55,80,-1,14,3,10,10,0,1,15,0,2,8,3,6,14,3,10,14,3,10,1036.44,1032.61,-0.13,0.0,0.0
ICEREZ2,Europe/Madrid,2020-10-25T22:59:52Z,2020-10-25 23:59:52,1603666792,41.217,-3.59,398.57,3.0,1,97,68,86,-1,11,5,9,17,0,2,26,0,3,9,4,6,11,2,8,11,5,9,1033.12,1022.62,-0.3,7.8,11.71
ICEREZ2,Europe/Madrid,2020-10-26T22:59:51Z,2020-10-26 23:59:51,1603753191,41.217,-3.59,770.84,7.0,312,97,67,85,-1,9,3,5,18,0,3,28,0,5,4,2,3,9,-1,5,9,3,5,1031.93,1024.42,0.26,3.0,1.5
ICEREZ2,Europe/Madrid,2020-10-27T22:59:50Z,2020-10-27 23:59:50,1603839590,41.217,-3.59,783.44,14.0,340,94,72,83,-1,10,5,7,11,0,1,20,0,2,8,3,5,10,4,7,10,5,7,1031.83,1011.72,-0.76,0.0,0.0
ICEREZ2,Europe/Madrid,2020-10-28T22:59:49Z,2020-10-28 23:59:49,1603925989,41.217,-3.59,982.48,9.0,325,99,80,92,-1,16,7,11,10,0,1,17,0,2,13,7,10,16,7,11,16,7,11,1018.12,1012.12,0.19,1.8,0.99
ICEREZ2,Europe/Madrid,2020-10-29T22:59:48Z,2020-10-29 23:59:48,1604012388,41.217,-3.59,656.7,6.0,347,99,50,83,-1,19,4,10,7,0,0,17,0,1,10,3,7,19,4,10,19,4,10,1019.91,1017.61,0.06,0.0,0.0
ICEREZ2,Europe/Madrid,2020-10-30T22:59:48Z,2020-10-30 23:59:48,1604098788,41.217,-3.59,650.21,6.0,334,97,44,74,-1,20,2,9,6,0,0,7,0,0,9,0,4,20,2,9,20,2,9,1020.32,1018.22,-0.02,0.0,0.0
ICEREZ2,Europe/Madrid,2020-10-31T22:59:47Z,2020-10-31 23:59:47,1604185187,41.217,-3.59,647.16,6.0,326,97,46,77,-1,20,4,10,10,0,1,13,0,1,10,3,6,20,4,10,20,4,10,1020.52,1017.71,0.02,0.0,0.0
ICEREZ2,Europe/Madrid,2020-11-01T22:59:46Z,2020-11-01 23:59:46,1604271586,41.217,-3.59,723.99,7.0,332,99,51,81,-1,21,5,11,7,0,0,9,0,0,12,4,8,21,5,11,21,5,11,1019.74,1016.93,-0.1,0.0,0.0
ICEREZ2,Europe/Madrid,2020-11-02T22:59:45Z,2020-11-02 23:59:45,1604357985,41.217,-3.59,776.95,7.0,333,96,63,86,-1,19,8,12,6,0,0,9,0,1,13,7,10,19,8,12,19,8,12,1018.52,1015.61,0.0,0.0,0.0
ICEREZ2,Europe/Madrid,2020-11-03T22:59:45Z,2020-11-03 23:59:45,1604444385,41.217,-3.59,252.87,2.0,340,99,90,96,-1,12,6,10,7,0,0,9,0,1,11,6,9,12,6,10,12,6,10,1019.74,1016.63,0.0,7.8,7.39
ICEREZ2,Europe/Madrid,2020-11-04T22:59:44Z,2020-11-04 23:59:44,1604530784,41.217,-3.59,782.09,7.0,357,99,62,84,-1,11,5,8,8,0,1,15,0,1,7,4,5,11,5,8,11,5,8,1017.71,1009.62,-0.2,1.19,0.2
ICEREZ2,Europe/Madrid,2020-11-05T22:59:59Z,2020-11-05 23:59:59,1604617199,41.217,-3.59,711.38,6.0,36,91,62,76,-1,14,7,11,20,0,3,33,0,6,10,5,7,14,6,11,14,7,11,1013.92,1011.24,-0.03,5.99,5.41
ICEREZ2,Europe/Madrid,2020-11-06T22:59:58Z,2020-11-06 23:59:58,1604703598,41.217,-3.59,382.54,14.0,17,85,52,69,-1,18,11,14,15,0,3,28,0,5,11,6,9,18,11,14,18,11,14,1012.63,1006.43,-0.12,4.8,3.3
ICEREZ2,Europe/Madrid,2020-11-07T22:59:56Z,2020-11-07 23:59:56,1604789996,41.217,-3.59,502.68,4.0,353,96,72,88,-1,14,8,10,14,0,1,24,0,2,10,7,8,14,8,10,14,8,10,1015.34,1005.62,0.25,12.6,17.2
ICEREZ2,Europe/Madrid,2020-11-08T22:59:55Z,2020-11-08 23:59:55,1604876395,41.217,-3.59,779.04,7.0,17,97,61,77,-1,14,5,10,11,0,2,24,0,4,8,4,6,14,5,10,14,5,10,1015.34,1012.84,-0.06,0.0,0.0
ICEREZ2,Europe/Madrid,2020-11-09T22:59:55Z,2020-11-09 23:59:55,1604962795,41.217,-3.59,742.21,7.0,352,97,69,83,-1,13,5,10,10,0,1,20,0,1,10,5,7,13,5,10,13,5,10,1018.02,1012.33,0.17,0.0,0.0
ICEREZ2,Europe/Madrid,2020-11-10T22:59:54Z,2020-11-10 23:59:54,1605049194,41.217,-3.59,0.0,0.0,356,99,90,96,-1,7,3,5,1,0,0,2,0,0,7,2,5,7,3,5,7,3,5,1018.73,1012.84,-0.17,0.0,0.0
ICEREZ2,Europe/Madrid,2020-11-11T22:59:54Z,2020-11-11 23:59:54,1605135594,41.217,-3.59,599.94,5.0,359,97,48,76,-1,17,3,9,9,0,1,17,0,2,8,2,5,17,3,9,17,3,9,1013.72,1009.21,-0.09,0.0,0.0
ICEREZ2,Europe/Madrid,2020-11-12T22:59:53Z,2020-11-12 23:59:53,1605221993,41.217,-3.59,505.74,4.0,344,95,38,74,-1,15,4,9,9,0,1,18,0,1,8,-3,5,15,4,9,15,4,9,1011.41,1006.74,-0.16,0.0,0.0
ICEREZ2,Europe/Madrid,2020-11-13T22:59:52Z,2020-11-13 23:59:52,1605308392,41.217,-3.59,672.85,6.0,356,82,50,67,-1,15,6,11,9,0,1,17,0,2,7,2,5,15,6,11,15,6,11,1008.64,1005.93,-0.01,0.0,0.0
ICEREZ2,Europe/Madrid,2020-11-14T22:59:52Z,2020-11-14 23:59:52,1605394792,41.217,-3.59,258.49,2.0,359,92,67,78,-1,14,8,11,10,0,1,17,0,2,10,4,7,14,8,11,14,8,11,1008.53,1006.03,0.05,0.0,0.0
ICEREZ2,Europe/Madrid,2020-11-15T22:59:50Z,2020-11-15 23:59:50,1605481190,41.217,-3.59,388.17,3.0,339,94,69,80,-1,16,8,13,14,0,2,24,0,3,12,7,10,16,8,13,16,8,13,1010.13,1006.33,0.07,1.8,0.51
ICEREZ2,Europe/Madrid,2020-11-16T22:59:49Z,2020-11-16 23:59:49,1605567589,41.217,-3.59,2367.8,15.0,333,99,63,88,-1,16,4,11,9,0,1,15,0,1,12,2,9,16,4,11,16,4,11,1013.92,1008.94,0.14,1.8,2.01
ICEREZ2,Europe/Madrid,2020-11-17T22:59:49Z,2020-11-17 23:59:49,1605653989,41.217,-3.59,680.19,6.0,337,94,37,71,-1,20,2,9,5,0,0,7,0,0,7,-1,3,20,2,9,20,2,9,1014.33,1012.33,0.02,0.0,0.0
ICEREZ2,Europe/Madrid,2020-11-18T22:59:48Z,2020-11-18 23:59:48,1605740388,41.217,-3.59,495.34,4.0,337,89,34,67,-1,21,4,10,5,0,0,5,0,0,7,2,4,21,4,10,21,4,10,1017.03,1013.24,0.13,0.0,0.0
ICEREZ2,Europe/Madrid,2020-11-19T22:59:48Z,2020-11-19 23:59:48,1605826788,41.217,-3.59,480.17,4.0,339,97,48,77,-1,19,3,9,7,0,0,9,0,1,9,2,5,19,3,9,19,3,9,1020.42,1016.32,0.12,0.0,0.0
ICEREZ2,Europe/Madrid,2020-11-20T22:59:47Z,2020-11-20 23:59:47,1605913187,41.217,-3.59,479.31,4.0,325,99,60,88,-1,9,-1,3,7,0,0,11,0,1,6,-2,1,9,-1,3,9,-1,3,1019.81,1014.93,-0.19,0.0,0.0
ICEREZ2,Europe/Madrid,2020-11-21T22:59:47Z,2020-11-21 23:59:47,1605999587,41.217,-3.59,501.45,4.0,356,91,39,66,-1,17,-1,6,7,0,0,11,0,1,4,-4,-1,17,-1,6,17,-1,6,1015.44,1011.82,-0.08,0.0,0.0
ICEREZ2,Europe/Madrid,2020-11-22T22:59:46Z,2020-11-22 23:59:46,1606085986,41.217,-3.59,497.05,4.0,340,86,38,60,-1,16,0,7,7,0,1,13,0,1,4,-5,-1,16,0,7,16,0,7,1014.83,1012.43,0.03,0.0,0.0
ICEREZ2,Europe/Madrid,2020-11-23T22:59:46Z,2020-11-23 23:59:46,1606172386,41.217,-3.59,489.34,4.0,339,88,41,71,-1,15,0,6,5,0,0,7,0,1,5,-3,0,15,0,6,15,0,6,1014.22,1011.24,-0.1,0.0,0.0
ICEREZ2,Europe/Madrid,2020-11-24T22:59:45Z,2020-11-24 23:59:45,1606258785,41.217,-3.59,497.91,4.0,335,92,48,75,-1,13,1,6,6,0,0,11,0,1,5,-1,1,13,1,6,13,1,6,1011.51,1004.44,-0.28,0.0,0.0
ICEREZ2,Europe/Madrid,2020-11-25T22:59:46Z,2020-11-25 23:59:46,1606345186,41.217,-3.59,468.91,4.0,16,88,60,72,-1,11,3,8,19,0,2,29,0,4,6,0,3,11,3,7,11,3,8,1004.64,996.61,-0.29,0.0,0.0
ICEREZ2,Europe/Madrid,2020-11-26T22:58:57Z,2020-11-26 23:58:57,1606431537,41.217,-3.59,625.5,6.0,17,86,59,73,-1,13,8,10,15,0,3,28,0,5,7,4,5,13,6,10,13,8,10,1000.03,995.94,0.1,1.8,0.79
ICEREZ2,Europe/Madrid,2020-11-27T22:59:59Z,2020-11-27 23:59:59,1606517999,41.217,-3.59,166.5,1.0,15,90,58,71,-1,11,6,9,13,0,2,20,0,3,5,3,4,11,5,9,11,6,9,1000.03,994.72,-0.2,1.8,0.51
ICEREZ2,Europe/Madrid,2020-11-28T22:59:59Z,2020-11-28 23:59:59,1606604399,41.217,-3.59,601.65,14.0,345,97,57,79,-1,13,2,8,8,0,1,11,0,1,6,1,4,13,2,8,13,2,8,1015.04,993.33,0.83,0.0,0.0
ICEREZ2,Europe/Madrid,2020-11-29T22:59:59Z,2020-11-29 23:59:59,1606690799,41.217,-3.59,493.13,4.0,10,92,55,76,-1,13,2,7,9,0,1,18,0,2,5,0,3,13,2,7,13,2,7,1023.03,1014.63,0.33,0.0,0.0
ICEREZ2,Europe/Madrid,2020-11-30T22:59:59Z,2020-11-30 23:59:59,1606777199,41.217,-3.59,346.57,3.0,345,93,62,83,-1,12,1,5,4,0,0,7,0,0,6,-1,2,12,1,5,12,1,5,1027.43,1022.72,0.17,0.0,0.0
ICEREZ2,Europe/Madrid,2020-12-01T22:59:58Z,2020-12-01 23:59:58,1606863598,41.217,-3.59,446.28,4.0,338,93,39,74,-1,13,-1,5,8,0,0,9,0,1,5,-3,0,13,-1,5,13,-1,5,1027.33,1022.82,-0.17,0.0,0.0
ICEREZ2,Europe/Madrid,2020-12-02T22:59:58Z,2020-12-02 23:59:58,1606949998,41.217,-3.59,488.86,4.0,353,92,57,75,-1,6,-4,3,15,0,2,22,0,3,3,-5,-1,6,-4,3,6,-4,3,1022.93,1020.01,-0.06,0.0,0.0
ICEREZ2,Europe/Madrid,2020-12-03T22:59:58Z,2020-12-03 23:59:58,1607036398,41.217,-3.59,487.14,4.0,336,95,38,74,-1,9,-6,2,12,0,1,24,0,2,2,-7,-3,9,-6,2,9,-6,2,1021.84,1004.84,-0.69,0.0,0.0
ICEREZ2,Europe/Madrid,2020-12-04T22:59:59Z,2020-12-04 23:59:59,1607122799,41.217,-3.59,515.77,5.0,326,95,69,86,-1,6,0,2,18,0,4,29,0,6,3,-2,0,6,-4,1,6,0,2,1005.01,998.61,-0.12,3.0,4.09
ICEREZ2,Europe/Madrid,2020-12-05T22:59:59Z,2020-12-05 23:59:59,1607209199,41.217,-3.59,244.67,2.0,313,94,80,88,-1,3,-2,0,15,0,3,26,0,5,0,-3,-1,3,-6,0,3,-2,0,1011.24,1001.83,0.38,1.19,0.2
ICEREZ2,Europe/Madrid,2020-12-06T22:59:59Z,2020-12-06 23:59:59,1607295599,41.217,-3.59,514.91,5.0,321,97,75,89,-1,4,-1,1,17,0,3,26,0,4,3,-2,0,4,-5,1,4,-1,1,1013.92,1011.14,0.08,3.0,2.79
ICEREZ2,Europe/Madrid,2020-12-07T22:59:58Z,2020-12-07 23:59:58,1607381998,41.217,-3.59,164.29,1.0,323,98,84,93,-1,6,3,5,22,0,5,35,0,8,5,2,4,6,-2,4,6,3,5,1013.24,1008.64,-0.16,4.8,15.29
ICEREZ2,Europe/Madrid,2020-12-08T22:59:57Z,2020-12-08 23:59:57,1607468397,41.217,-3.59,453.74,4.0,309,97,79,87,-1,4,1,2,18,0,3,28,0,5,3,0,1,4,-2,2,4,1,2,1019.44,1008.94,0.41,1.19,0.2
ICEREZ2,Europe/Madrid,2020-12-09T22:59:59Z,2020-12-09 23:59:59,1607554799,41.217,-3.59,508.79,4.0,320,96,73,86,-1,4,0,2,14,0,2,18,0,3,3,-1,0,4,-3,2,4,0,2,1022.42,1018.93,0.01,1.8,0.3
ICEREZ2,Europe/Madrid,2020-12-10T22:59:57Z,2020-12-10 23:59:57,1607641197,41.217,-3.59,168.21,14.0,321,99,91,96,-1,9,4,8,19,0,4,29,0,6,9,3,7,9,2,7,9,4,8,1019.54,1014.33,-0.15,5.99,10.11
ICEREZ2,Europe/Madrid,2020-12-11T22:59:56Z,2020-12-11 23:59:56,1607727596,41.217,-3.59,156.1,1.0,311,99,81,95,-1,12,8,10,24,0,5,37,0,8,11,5,10,12,7,10,12,8,10,1016.12,1011.51,0.0,8.99,26.9
ICEREZ2,Europe/Madrid,2020-12-12T22:59:56Z,2020-12-12 23:59:56,1607813996,41.217,-3.59,570.82,5.0,313,90,73,85,-1,9,6,7,17,0,3,26,0,6,5,4,5,9,2,7,9,6,7,1019.64,1012.63,-0.05,0.0,0.0
ICEREZ2,Europe/Madrid,2020-12-13T22:59:54Z,2020-12-13 23:59:54,1607900394,41.217,-3.59,549.53,5.0,333,92,66,83,-1,15,4,9,8,0,0,9,0,0,10,2,6,15,4,9,15,4,9,1015.04,1010.84,-0.14,0.0,0.0
ICEREZ2,Europe/Madrid,2020-12-14T22:59:54Z,2020-12-14 23:59:54,1607986794,41.217,-3.59,566.54,5.0,6,98,71,84,-1,12,7,9,13,0,2,24,0,3,8,5,6,12,6,9,12,7,9,1011.24,1006.84,-0.12,6.6,7.59
ICEREZ2,Europe/Madrid,2020-12-15T22:59:53Z,2020-12-15 23:59:53,1608073193,41.217,-3.59,2367.8,15.0,332,98,66,87,-1,9,4,6,10,0,1,17,0,3,8,0,4,9,2,6,9,4,6,1013.61,1008.13,0.14,3.61,3.1
ICEREZ2,Europe/Madrid,2020-12-16T22:59:53Z,2020-12-16 23:59:53,1608159593,41.217,-3.59,150.96,1.0,24,91,75,82,-1,8,4,6,15,0,4,29,0,7,6,1,4,8,2,6,8,4,6,1015.24,1008.33,0.15,0.0,0.0
ICEREZ2,Europe/Madrid,2020-12-17T22:59:53Z,2020-12-17 23:59:53,1608245993,41.217,-3.59,317.1,3.0,335,99,79,93,-1,9,2,6,5,0,0,5,0,0,6,2,5,9,2,6,9,2,6,1021.03,1015.14,0.23,1.19,0.2
ICEREZ2,Europe/Madrid,2020-12-18T22:59:53Z,2020-12-18 23:59:53,1608332393,41.217,-3.59,425.97,4.0,4,99,61,86,-1,11,-2,5,11,0,1,20,0,2,6,-3,2,11,-2,5,11,-2,5,1020.93,1014.83,-0.25,0.0,0.0
ICEREZ2,Europe/Madrid,2020-12-19T22:59:52Z,2020-12-19 23:59:52,1608418792,41.217,-3.59,281.0,14.0,21,98,78,87,-1,8,5,7,13,0,2,22,0,4,6,3,5,8,4,6,8,5,7,1017.14,1013.34,0.1,3.61,6.6
ICEREZ2,Europe/Madrid,2020-12-20T22:59:51Z,2020-12-20 23:59:51,1608505191,41.217,-3.59,2367.8,15.0,330,99,65,89,-1,10,2,5,8,0,1,11,0,1,5,1,4,10,2,5,10,2,5,1023.13,1016.93,0.24,1.8,0.3
ICEREZ2,Europe/Madrid,2020-12-21T22:59:51Z,2020-12-21 23:59:51,1608591591,41.217,-3.59,315.75,3.0,336,99,86,95,-1,12,4,8,5,0,0,7,0,0,10,2,7,12,4,8,12,4,8,1025.23,1022.62,0.08,3.61,1.5
ICEREZ2,Europe/Madrid,2020-12-22T22:59:49Z,2020-12-22 23:59:49,1608677989,41.217,-3.59,429.89,4.0,358,99,59,84,-1,17,7,11,8,0,1,17,0,2,10,6,9,17,7,11,17,7,11,1025.23,1020.01,-0.18,0.0,0.0
ICEREZ2,Europe/Madrid,2020-12-23T22:59:48Z,2020-12-23 23:59:48,1608764388,41.217,-3.59,418.15,4.0,346,98,76,87,-1,12,6,9,10,0,1,15,0,2,9,5,7,12,5,9,12,6,9,1021.33,1018.63,-0.01,3.0,1.5
ICEREZ2,Europe/Madrid,2020-12-24T22:59:48Z,2020-12-24 23:59:48,1608850788,41.217,-3.59,402.98,3.0,335,99,63,89,-1,8,-2,4,5,0,0,7,0,1,6,-2,2,8,-2,4,8,-2,4,1020.93,1018.63,0.01,3.0,3.81
ICEREZ2,Europe/Madrid,2020-12-25T22:59:49Z,2020-12-25 23:59:49,1608937189,41.217,-3.59,449.83,4.0,3,97,53,81,-1,4,-5,0,15,0,1,26,0,2,1,-6,-3,4,-5,0,4,-5,0,1024.62,1020.12,0.15,0.0,0.0
ICEREZ2,Europe/Madrid,2020-12-26T22:59:49Z,2020-12-26 23:59:49,1609023589,41.217,-3.59,525.67,5.0,332,97,76,89,-1,3,-6,-1,5,0,0,7,0,0,-1,-6,-3,3,-6,-1,3,-6,-1,1025.23,1018.93,-0.19,0.0,0.0
ICEREZ2,Europe/Madrid,2020-12-27T22:59:49Z,2020-12-27 23:59:49,1609109989,41.217,-3.59,400.4,3.0,345,96,35,74,-1,9,-5,1,20,0,2,37,0,4,2,-7,-4,9,-5,1,9,-5,1,1020.01,996.72,-0.94,1.8,0.3
ICEREZ2,Europe/Madrid,2020-12-28T22:59:50Z,2020-12-28 23:59:50,1609196390,41.217,-3.59,555.65,5.0,319,96,74,86,-1,6,0,3,31,0,6,44,0,9,4,-1,0,5,-4,2,6,0,3,1001.42,992.92,0.18,0.0,0.0
ICEREZ2,Europe/Madrid,2020-12-29T22:59:50Z,2020-12-29 23:59:50,1609282790,41.217,-3.59,215.92,14.0,310,94,70,87,-1,4,-1,1,18,0,3,26,0,5,0,-3,-1,4,-3,1,4,-1,1,1008.13,1000.44,0.28,0.0,0.0
ICEREZ2,Europe/Madrid,2020-12-30T22:59:50Z,2020-12-30 23:59:50,1609369190,41.217,-3.59,602.01,5.0,321,94,77,87,-1,2,-2,0,12,0,1,17,0,2,0,-3,-2,2,-5,0,2,-2,0,1014.12,1008.03,0.24,1.19,0.2
ICEREZ2,Europe/Madrid,2021-01-01T22:59:50Z,2021-01-01 23:59:50,1609541990,41.217,-3.59,173.47,1.0,306,99,86,94,-1,1,-2,0,0,0,0,0,0,0,0,-3,-1,1,-2,0,1,-2,0,1007.42,1004.23,0.1,1.8,0.51
ICEREZ2,Europe/Madrid,2021-01-02T22:59:50Z,2021-01-02 23:59:50,1609628390,41.217,-3.59,73.65,0.0,307,96,82,90,-1,-1,-7,-3,0,0,0,0,0,0,-3,-7,-4,-1,-7,-3,-1,-7,-3,1012.12,1007.01,0.16,0.0,0.0
ICEREZ2,Europe/Madrid,2021-01-03T22:59:51Z,2021-01-03 23:59:51,1609714791,41.217,-3.59,130.53,1.0,325,97,73,88,-1,2,-5,-1,12,0,1,15,0,1,-1,-6,-3,2,-5,-2,2,-5,-1,1013.24,1008.43,0.05,0.0,0.0
ICEREZ2,Europe/Madrid,2021-01-04T22:59:51Z,2021-01-04 23:59:51,1609801191,41.217,-3.59,400.4,3.0,315,96,74,88,-1,2,-2,-1,10,0,1,17,0,2,-2,-3,-2,2,-5,-1,2,-2,-1,1014.43,1009.41,0.07,0.0,0.0
ICEREZ2,Europe/Madrid,2021-01-05T22:59:52Z,2021-01-05 23:59:52,1609887592,41.217,-3.59,794.21,7.0,333,98,56,84,-1,3,-7,-2,4,0,0,5,0,0,-2,-9,-5,3,-7,-2,3,-7,-2,1015.71,1013.24,0.01,0.0,0.0
ICEREZ2,Europe/Madrid,2021-01-06T22:59:53Z,2021-01-06 23:59:53,1609973993,41.217,-3.59,521.76,5.0,353,93,58,81,-1,4,-9,-4,6,0,0,9,0,0,-1,-11,-7,4,-9,-4,4,-9,-4,1016.73,1014.02,0.02,0.0,0.0
ICEREZ2,Europe/Madrid,2021-01-07T22:59:54Z,2021-01-07 23:59:54,1610060394,41.217,-3.59,449.34,4.0,344,93,62,85,-1,3,-9,-4,3,0,0,4,0,0,-1,-11,-7,3,-9,-4,3,-9,-4,1015.61,1012.94,0.01,0.0,0.0
ICEREZ2,Europe/Madrid,2021-01-08T22:59:56Z,2021-01-08 23:59:56,1610146796,41.217,-3.59,297.52,2.0,345,97,72,87,-1,1,-11,-5,7,0,0,11,0,0,-2,-13,-7,1,-11,-5,1,-11,-5,1015.24,1007.92,-0.29,0.0,0.0
ICEREZ2,Europe/Madrid,2021-01-09T22:59:56Z,2021-01-09 23:59:56,1610233196,41.217,-3.59,202.95,2.0,22,94,74,82,-1,1,-4,-1,17,0,3,29,0,5,-2,-5,-4,1,-8,-2,1,-4,-1,1017.71,1005.72,0.4,0.0,0.0
ICEREZ2,Europe/Madrid,2021-01-10T22:59:57Z,2021-01-10 23:59:57,1610319597,41.217,-3.59,598.22,5.0,344,95,66,85,-1,3,-7,-2,8,0,1,11,0,1,-2,-8,-4,3,-7,-2,3,-7,-2,1028.14,1017.34,0.43,1.8,0.3
ICEREZ2,Europe/Madrid,2021-01-11T22:59:58Z,2021-01-11 23:59:58,1610405998,41.217,-3.59,540.48,5.0,329,96,61,85,-1,3,-10,-5,7,0,0,9,0,0,-3,-12,-8,3,-10,-5,3,-10,-5,1035.32,1027.94,0.29,1.19,0.2
ICEREZ2,Europe/Madrid,2021-01-12T22:59:44Z,2021-01-12 23:59:44,1610492384,41.217,-3.59,491.91,4.0,330,95,47,82,-1,5,-10,-4,7,0,0,9,0,1,-1,-11,-7,5,-10,-4,5,-10,-4,1039.52,1034.71,0.18,1.8,0.3
ICEREZ2,Europe/Madrid,2021-01-13T22:59:45Z,2021-01-13 23:59:45,1610578785,41.217,-3.59,484.94,4.0,332,92,42,76,-1,11,-7,-2,5,0,0,7,0,0,-1,-9,-6,11,-7,-2,11,-7,-2,1040.03,1037.83,-0.01,0.0,0.0
ICEREZ2,Europe/Madrid,2021-01-14T22:59:45Z,2021-01-14 23:59:45,1610665185,41.217,-3.59,489.34,4.0,333,91,39,73,-1,9,-8,0,6,0,0,7,0,1,1,-10,-5,9,-8,0,9,-8,0,1039.01,1035.83,-0.02,0.0,0.0
ICEREZ2,Europe/Madrid,2021-01-15T22:59:44Z,2021-01-15 23:59:44,1610751584,41.217,-3.59,525.67,5.0,343,96,58,84,-1,8,-5,2,5,0,0,9,0,1,2,-5,-1,8,-5,2,8,-5,2,1039.52,1036.91,0.01,0.0,0.0
ICEREZ2,Europe/Madrid,2021-01-16T22:59:45Z,2021-01-16 23:59:45,1610837985,41.217,-3.59,482.37,4.0,334,97,28,70,-1,11,-6,0,5,0,0,5,0,1,0,-9,-5,11,-6,0,11,-6,0,1040.03,1037.52,0.05,1.19,0.2
ICEREZ2,Europe/Madrid,2021-01-17T22:59:45Z,2021-01-17 23:59:45,1610924385,41.217,-3.59,462.79,4.0,334,87,28,61,-1,11,-5,1,5,0,0,7,0,1,-2,-9,-6,11,-5,1,11,-5,1,1040.23,1037.83,-0.06,0.0,0.0
ICEREZ2,Europe/Madrid,2021-01-18T22:59:45Z,2021-01-18 23:59:45,1611010785,41.217,-3.59,488.86,4.0,329,93,51,78,-1,12,-3,3,6,0,0,9,0,1,4,-5,-1,12,-3,3,12,-3,3,1038.74,1035.22,-0.1,0.0,0.0
ICEREZ2,Europe/Madrid,2021-01-19T22:59:46Z,2021-01-19 23:59:46,1611097186,41.217,-3.59,491.42,4.0,17,93,41,72,-1,11,-3,3,13,0,2,24,0,3,2,-5,-2,11,-3,3,11,-3,3,1036.13,1025.53,-0.42,0.0,0.0
ICEREZ2,Europe/Madrid,2021-01-20T19:47:35Z,2021-01-20 20:47:35,1611172055,41.217,-3.59,542.19,5.0,22,91,58,78,-1,7,3,5,17,0,5,31,0,8,5,-2,1,7,0,4,7,3,5,1026.21,1017.03,-0.29,7.8,3.1
ICEREZ2,Europe/Madrid,2021-01-22T22:59:44Z,2021-01-22 23:59:44,1611356384,41.217,-3.59,119.64,1.0,332,92,79,86,-1,5,3,4,17,0,3,24,0,5,2,1,2,5,1,4,5,3,4,1018.32,1013.51,0.61,0.0,5.11
ICEREZ2,Europe/Madrid,2021-01-23T22:59:44Z,2021-01-23 23:59:44,1611442784,41.217,-3.59,181.67,1.0,346,97,75,88,-1,9,2,5,24,0,4,40,0,6,9,0,3,9,-1,5,9,2,5,1018.52,1009.04,-0.29,21.59,18.59
ICEREZ2,Europe/Madrid,2021-01-24T22:59:45Z,2021-01-24 23:59:45,1611529185,41.217,-3.59,697.56,6.0,324,92,68,83,-1,8,4,6,24,0,5,38,0,8,4,2,3,8,1,5,8,4,6,1017.81,1010.94,0.25,0.0,0.0
ICEREZ2,Europe/Madrid,2021-01-25T22:59:59Z,2021-01-25 23:59:59,1611615599,41.217,-3.59,103.61,1.0,342,99,85,94,-1,9,3,7,18,0,2,33,0,4,9,3,7,9,3,7,9,3,7,1021.54,1013.04,0.17,18.59,16.99
ICEREZ2,Europe/Madrid,2021-01-26T22:59:58Z,2021-01-26 23:59:58,1611701998,41.217,-3.59,253.73,2.0,328,99,95,98,-1,11,3,9,10,0,1,15,0,1,11,3,8,11,3,9,11,3,9,1027.63,1021.33,0.25,3.0,3.51
ICEREZ2,Europe/Madrid,2021-01-27T22:59:58Z,2021-01-27 23:59:58,1611788398,41.217,-3.59,241.98,2.0,325,99,85,96,-1,13,6,10,9,0,1,13,0,2,11,5,9,13,6,10,13,6,10,1030.34,1026.62,0.07,3.0,2.59
ICEREZ2,Europe/Madrid,2021-01-28T22:59:56Z,2021-01-28 23:59:56,1611874796,41.217,-3.59,2367.8,15.0,326,99,59,84,-1,17,5,11,11,0,1,18,0,1,11,5,8,17,5,11,17,5,11,1029.23,1025.23,-0.14,1.19,0.2
ICEREZ2,Europe/Madrid,2021-01-29T22:59:57Z,2021-01-29 23:59:57,1611961197,41.217,-3.59,691.44,6.0,326,97,68,82,-1,14,5,10,11,0,1,17,0,2,10,3,7,14,5,10,14,5,10,1026.62,1020.01,-0.23,0.0,0.0
ICEREZ2,Europe/Madrid,2021-01-30T22:59:56Z,2021-01-30 23:59:56,1612047596,41.217,-3.59,517.48,5.0,311,96,72,88,-1,8,4,6,24,0,5,37,0,8,7,2,4,8,0,5,8,4,6,1020.42,1013.34,-0.18,7.8,14.81
ICEREZ2,Europe/Madrid,2021-01-31T22:59:55Z,2021-01-31 23:59:55,1612133995,41.217,-3.59,170.9,1.0,320,97,85,91,-1,11,4,7,26,0,4,44,0,6,9,2,6,11,0,6,11,4,7,1018.02,1014.73,0.01,3.0,5.51
ICEREZ2,Europe/Madrid,2021-02-01T22:59:55Z,2021-02-01 23:59:55,1612220395,41.217,-3.59,635.53,6.0,309,91,77,85,-1,10,6,8,27,0,4,38,0,7,7,4,6,10,3,7,10,6,8,1021.64,1015.44,0.21,0.0,0.0
ICEREZ2,Europe/Madrid,2021-02-02T22:59:53Z,2021-02-02 23:59:53,1612306793,41.217,-3.59,738.78,7.0,349,96,62,84,-1,14,6,9,12,0,2,22,0,3,8,5,7,14,5,9,14,6,9,1021.74,1016.83,-0.18,1.8,0.3
ICEREZ2,Europe/Madrid,2021-02-03T22:59:52Z,2021-02-03 23:59:52,1612393192,41.217,-3.59,737.81,7.0,18,98,78,85,-1,11,5,8,12,0,2,24,0,5,8,4,6,11,5,8,11,5,8,1017.61,1014.93,-0.03,1.8,1.8
ICEREZ2,Europe/Madrid,2021-02-04T22:59:52Z,2021-02-04 23:59:52,1612479592,41.217,-3.59,1553.05,15.0,347,98,63,86,-1,13,6,9,12,0,1,17,0,2,8,5,6,13,3,8,13,6,9,1016.42,1011.14,-0.12,3.0,1.19
ICEREZ2,Europe/Madrid,2021-02-05T22:59:50Z,2021-02-05 23:59:50,1612565990,41.217,-3.59,544.4,5.0,347,94,55,73,-1,15,3,10,13,0,1,20,0,2,8,2,5,15,3,10,15,3,10,1013.61,1004.84,-0.32,12.6,6.4
ICEREZ2,Europe/Madrid,2021-02-06T22:59:50Z,2021-02-06 23:59:50,1612652390,41.217,-3.59,278.93,2.0,341,97,79,89,-1,9,3,6,9,0,1,13,0,2,7,2,4,9,3,6,9,3,6,1010.53,1004.03,0.2,3.0,3.0
ICEREZ2,Europe/Madrid,2021-02-07T22:59:49Z,2021-02-07 23:59:49,1612738789,41.217,-3.59,1680.17,15.0,326,96,60,86,-1,7,1,3,13,0,1,20,0,2,4,-1,1,7,0,3,7,1,3,1011.72,1008.03,-0.1,3.0,3.81
ICEREZ2,Europe/Madrid,2021-02-08T22:59:49Z,2021-02-08 23:59:49,1612825189,41.217,-3.59,1315.23,12.0,330,96,83,92,-1,6,2,5,21,0,3,29,0,5,5,2,4,6,0,4,6,2,5,1010.43,1004.34,0.08,5.99,13.0
ICEREZ2,Europe/Madrid,2021-02-09T22:59:49Z,2021-02-09 23:59:49,1612911589,41.217,-3.59,182.53,1.0,4,98,83,90,-1,7,2,4,18,0,3,33,0,5,5,1,3,7,-1,4,7,2,4,1011.24,1003.01,-0.15,7.8,15.49
ICEREZ2,Europe/Madrid,2021-02-10T22:59:49Z,2021-02-10 23:59:49,1612997989,41.217,-3.59,2367.8,15.0,317,99,64,84,-1,8,0,4,17,0,3,28,0,5,3,-1,2,8,-1,4,8,0,4,1020.42,1005.11,0.58,7.8,18.01
ICEREZ2,Europe/Madrid,2021-02-11T22:59:47Z,2021-02-11 23:59:47,1613084387,41.217,-3.59,636.39,6.0,355,97,66,88,-1,13,4,9,8,0,1,15,0,2,10,0,7,13,4,9,13,4,9,1022.72,1019.81,-0.01,1.8,0.79
ICEREZ2,Europe/Madrid,2021-02-12T22:59:47Z,2021-02-12 23:59:47,1613170787,41.217,-3.59,302.78,2.0,324,97,79,90,-1,10,5,7,17,0,3,24,0,5,7,4,6,10,3,7,10,5,7,1026.92,1018.93,0.28,7.8,9.6
ICEREZ2,Europe/Madrid,2021-02-13T22:59:46Z,2021-02-13 23:59:46,1613257186,41.217,-3.59,1062.37,10.0,324,99,48,83,-1,11,1,6,13,0,1,15,0,1,5,-1,3,11,1,6,11,1,6,1030.14,1026.52,0.13,0.0,0.0
ICEREZ2,Europe/Madrid,2021-02-14T22:59:46Z,2021-02-14 23:59:46,1613343586,41.217,-3.59,638.96,6.0,2,98,49,79,-1,15,-1,7,13,0,2,20,0,3,7,-1,3,15,-1,7,15,-1,7,1031.32,1028.24,0.05,0.0,0.0
ICEREZ2,Europe/Madrid,2021-02-15T22:59:45Z,2021-02-15 23:59:45,1613429985,41.217,-3.59,612.9,5.0,36,83,55,73,-1,12,6,9,15,0,4,28,0,7,5,3,4,12,5,8,12,6,9,1032.44,1028.62,-0.09,0.0,0.0
ICEREZ2,Europe/Madrid,2021-02-16T22:59:44Z,2021-02-16 23:59:44,1613516384,41.217,-3.59,697.07,6.0,29,82,44,67,-1,16,7,10,14,0,3,26,0,5,7,2,4,16,4,10,16,7,10,1028.82,1025.84,-0.05,0.0,0.0
ICEREZ2,Europe/Madrid,2021-02-17T22:59:45Z,2021-02-17 23:59:45,1613602785,41.217,-3.59,654.13,6.0,3,93,52,75,-1,16,5,10,9,0,1,17,0,2,7,3,6,16,5,10,16,5,10,1027.53,1020.93,-0.27,0.0,0.0
ICEREZ2,Europe/Madrid,2021-02-18T22:59:59Z,2021-02-18 23:59:59,1613689199,41.217,-3.59,690.58,6.0,353,78,29,56,-1,16,4,10,16,0,2,22,0,3,4,-3,1,16,4,10,16,4,10,1022.11,1018.93,0.04,0.0,0.0
ICEREZ2,Europe/Madrid,2021-02-19T22:59:59Z,2021-02-19 23:59:59,1613775599,41.217,-3.59,657.19,6.0,15,68,42,51,-1,14,6,10,12,0,2,22,0,4,3,-3,0,14,6,10,14,6,10,1022.11,1017.24,-0.19,0.0,0.0
ICEREZ2,Europe/Madrid,2021-02-20T22:59:57Z,2021-02-20 23:59:57,1613861997,41.217,-3.59,671.5,6.0,355,62,31,46,-1,13,8,11,23,0,4,37,0,7,2,-6,-1,13,6,10,13,8,11,1018.02,1012.12,-0.18,0.0,0.0
ICEREZ2,Europe/Madrid,2021-02-21T22:59:56Z,2021-02-21 23:59:56,1613948396,41.217,-3.59,695.72,6.0,343,97,42,72,-1,13,1,7,15,0,1,22,0,2,5,-2,3,13,1,7,13,1,7,1013.34,1008.03,-0.03,8.99,6.4
ICEREZ2,Europe/Madrid,2021-02-22T22:59:56Z,2021-02-22 23:59:56,1614034796,41.217,-3.59,203.44,2.0,345,99,89,96,-1,4,-1,1,5,0,0,9,0,0,3,-1,1,4,-1,1,4,-1,1,1027.94,1012.23,0.63,3.61,19.3
ICEREZ2,Europe/Madrid,2021-02-23T22:59:57Z,2021-02-23 23:59:57,1614121197,41.217,-3.59,712.73,6.0,5,98,55,80,-1,11,-2,4,10,0,1,18,0,2,4,-3,1,11,-2,4,11,-2,4,1034.44,1027.53,0.25,3.0,1.8
ICEREZ2,Europe/Madrid,2021-02-24T22:59:55Z,2021-02-24 23:59:55,1614207595,41.217,-3.59,694.01,6.0,335,80,60,73,-1,13,6,9,21,0,3,28,0,6,6,2,4,13,3,8,13,6,9,1034.2,1029.43,-0.18,0.0,0.0
ICEREZ2,Europe/Madrid,2021-02-25T22:59:55Z,2021-02-25 23:59:55,1614293995,41.217,-3.59,585.62,5.0,17,83,49,66,-1,14,5,9,15,0,2,20,0,4,5,1,3,14,3,9,14,5,9,1030.61,1027.33,0.03,0.0,0.0
ICEREZ2,Europe/Madrid,2021-02-26T22:59:54Z,2021-02-26 23:59:54,1614380394,41.217,-3.59,699.64,6.0,346,86,41,64,-1,16,3,9,13,0,1,17,0,1,5,0,3,16,3,9,16,3,9,1030.72,1028.41,-0.03,0.0,0.0
ICEREZ2,Europe/Madrid,2021-02-27T22:59:54Z,2021-02-27 23:59:54,1614466794,41.217,-3.59,740.5,7.0,343,88,30,67,-1,17,0,7,8,0,1,13,0,1,4,-2,0,17,0,7,17,0,7,1029.94,1023.94,-0.23,0.0,0.0
ICEREZ2,Europe/Madrid,2021-02-28T22:51:22Z,2021-02-28 23:51:22,1614552682,41.217,-3.59,741.36,7.0,26,93,54,72,-1,10,-1,6,17,0,3,29,0,5,5,-2,1,10,-2,6,10,-1,6,1024.11,1019.44,-0.12,0.0,0.0
ICEREZ2,Europe/Madrid,2021-03-01T22:59:51Z,2021-03-01 23:59:51,1614639591,41.217,-3.59,582.93,5.0,28,85,63,76,-1,10,5,7,17,0,3,28,0,5,5,1,3,10,2,7,10,5,7,1024.31,1020.62,0.1,0.0,0.0
ICEREZ2,Europe/Madrid,2021-03-02T22:59:52Z,2021-03-02 23:59:52,1614725992,41.217,-3.59,695.36,6.0,24,87,56,72,-1,13,6,9,12,0,3,22,0,5,5,3,4,13,4,9,13,6,9,1029.94,1023.54,0.25,0.0,0.0
ICEREZ2,Europe/Madrid,2021-03-03T22:59:52Z,2021-03-03 23:59:52,1614812392,41.217,-3.59,356.12,3.0,0,92,53,71,-1,14,1,8,10,0,1,20,0,1,6,-1,3,14,1,8,14,1,8,1031.12,1027.63,-0.08,0.0,0.0
ICEREZ2,Europe/Madrid,2021-03-04T22:59:50Z,2021-03-04 23:59:50,1614898790,41.217,-3.59,566.54,5.0,5,88,37,65,-1,17,3,9,11,0,1,17,0,1,5,0,3,17,3,9,17,3,9,1027.94,1009.11,-0.76,0.0,0.0
ICEREZ2,Europe/Madrid,2021-03-05T22:59:50Z,2021-03-05 23:59:50,1614985190,41.217,-3.59,613.76,5.0,348,93,35,72,-1,17,1,8,8,0,1,13,0,1,7,0,2,17,1,8,17,1,8,1010.43,1006.94,0.04,0.0,0.0
ICEREZ2,Europe/Madrid,2021-03-06T22:59:50Z,2021-03-06 23:59:50,1615071590,41.217,-3.59,662.33,6.0,353,94,52,75,-1,14,0,7,9,0,1,24,0,1,6,-1,3,14,0,7,14,0,7,1012.23,1009.82,0.03,0.0,0.0
ICEREZ2,Europe/Madrid,2021-03-07T22:59:49Z,2021-03-07 23:59:49,1615157989,41.217,-3.59,763.5,7.0,10,92,45,73,-1,14,2,8,10,0,1,18,0,2,5,1,3,14,2,8,14,2,8,1011.31,1006.54,-0.16,0.0,0.0
ICEREZ2,Europe/Madrid,2021-03-08T22:59:49Z,2021-03-08 23:59:49,1615244389,41.217,-3.59,694.87,6.0,342,98,74,87,-1,8,1,4,8,0,1,11,0,1,5,-1,2,8,1,4,8,1,4,1009.82,1005.32,0.1,7.19,2.49
ICEREZ2,Europe/Madrid,2021-03-09T22:59:48Z,2021-03-09 23:59:48,1615330788,41.217,-3.59,937.83,9.0,327,97,53,79,-1,9,-3,3,10,0,1,15,0,1,2,-4,-1,9,-3,3,9,-3,3,1012.84,1009.04,0.12,0.0,0.0
ICEREZ2,Europe/Madrid,2021-03-10T22:59:48Z,2021-03-10 23:59:48,1615417188,41.217,-3.59,758.73,7.0,326,92,34,66,-1,13,-4,4,10,0,1,13,0,1,1,-5,-2,13,-4,4,13,-4,4,1016.12,1011.72,0.15,0.0,0.0
ICEREZ2,Europe/Madrid,2021-03-11T22:59:47Z,2021-03-11 23:59:47,1615503587,41.217,-3.59,786.01,7.0,323,83,56,71,-1,15,7,11,14,0,2,22,0,3,8,1,6,15,7,11,15,7,11,1017.03,1014.33,-0.02,0.0,0.0
ICEREZ2,Europe/Madrid,2021-03-12T22:59:46Z,2021-03-12 23:59:46,1615589986,41.217,-3.59,1105.79,10.0,323,96,39,73,-1,12,0,7,14,0,2,20,0,3,7,-3,2,12,0,7,12,0,7,1015.82,1012.63,-0.05,1.8,1.6
ICEREZ2,Europe/Madrid,2021-03-13T22:59:46Z,2021-03-13 23:59:46,1615676386,41.217,-3.59,868.83,14.0,320,89,43,69,-1,10,0,5,14,0,2,22,0,3,2,-2,0,10,0,5,10,0,5,1016.42,1013.04,0.08,0.0,0.0
ICEREZ2,Europe/Madrid,2021-03-14T22:59:46Z,2021-03-14 23:59:46,1615762786,41.217,-3.59,1015.88,9.0,334,93,50,77,-1,11,0,5,9,0,1,13,0,1,4,-2,1,11,0,5,11,0,5,1018.73,1015.24,0.09,0.0,0.0
ICEREZ2,Europe/Madrid,2021-03-15T22:59:46Z,2021-03-15 23:59:46,1615849186,41.217,-3.59,787.72,7.0,333,94,36,69,-1,16,-3,6,10,0,1,13,0,1,3,-4,0,16,-3,6,16,-3,6,1018.73,1015.51,-0.03,0.0,0.0
ICEREZ2,Europe/Madrid,2021-03-16T22:59:46Z,2021-03-16 23:59:46,1615935586,41.217,-3.59,795.19,7.0,357,94,37,66,-1,15,-3,6,13,0,1,18,0,2,3,-4,-1,15,-3,6,15,-3,6,1019.34,1016.22,0.02,0.0,0.0
ICEREZ2,Europe/Madrid,2021-03-17T22:59:45Z,2021-03-17 23:59:45,1616021985,41.217,-3.59,813.29,7.0,0,82,33,57,-1,16,0,8,14,0,3,22,0,4,3,-4,0,16,0,8,16,0,8,1018.63,1014.22,-0.1,0.0,0.0
ICEREZ2,Europe/Madrid,2021-03-18T22:59:45Z,2021-03-18 23:59:45,1616108385,41.217,-3.59,903.58,8.0,357,91,38,67,-1,10,-3,2,14,0,2,26,0,3,0,-5,-3,10,-3,2,10,-3,2,1016.32,1009.04,-0.23,0.0,0.0
ICEREZ2,Europe/Madrid,2021-03-19T22:59:45Z,2021-03-19 23:59:45,1616194785,41.217,-3.59,224.61,2.0,337,95,66,81,-1,8,-2,2,15,0,2,20,0,4,4,-5,0,8,-2,2,8,-2,2,1010.74,1003.42,-0.15,1.8,0.99
ICEREZ2,Europe/Madrid,2021-03-20T22:59:44Z,2021-03-20 23:59:44,1616281184,41.217,-3.59,784.66,7.0,7,86,32,59,-1,8,-4,2,17,0,3,24,0,4,-3,-8,-5,8,-4,2,8,-4,2,1014.12,1006.64,0.29,0.0,0.0
ICEREZ2,Europe/Madrid,2021-03-21T22:59:45Z,2021-03-21 23:59:45,1616367585,41.217,-3.59,660.24,6.0,347,90,44,68,-1,10,-6,2,9,0,1,15,0,2,-1,-8,-4,10,-6,2,10,-6,2,1014.53,1011.82,-0.02,0.0,0.0
ICEREZ2,Europe/Madrid,2021-03-23T22:59:59Z,2021-03-23 23:59:59,1616540399,41.217,-3.59,790.78,7.0,334,89,18,56,-1,18,-3,6,8,0,1,13,0,1,2,-10,-4,18,-3,6,18,-3,6,1015.14,1011.82,0.11,0.0,0.0
ICEREZ2,Europe/Madrid,2021-03-24T22:59:59Z,2021-03-24 23:59:59,1616626799,41.217,-3.59,825.52,8.0,329,69,19,44,-1,20,-2,9,9,0,1,15,0,1,0,-7,-4,20,-2,9,20,-2,9,1016.73,1014.22,0.05,0.0,0.0
ICEREZ2,Europe/Madrid,2021-03-25T22:59:59Z,2021-03-25 23:59:59,1616713199,41.217,-3.59,855.37,8.0,353,81,26,50,-1,20,0,10,12,0,1,17,0,1,4,-5,-1,20,0,10,20,0,10,1016.42,1012.33,-0.1,0.0,0.0
ICEREZ2,Europe/Madrid,2021-03-26T22:59:59Z,2021-03-26 23:59:59,1616799599,41.217,-3.59,960.83,9.0,318,84,41,61,-1,15,2,8,14,0,2,20,0,3,5,-4,1,15,2,8,15,2,8,1016.32,1012.23,0.1,0.0,0.0
ICEREZ2,Europe/Madrid,2021-03-27T22:59:57Z,2021-03-27 23:59:57,1616885997,41.217,-3.59,773.41,7.0,346,90,38,65,-1,17,-1,8,8,0,1,11,0,1,4,-3,1,17,-1,8,17,-1,8,1016.32,1012.43,-0.07,0.0,0.0
ICEREZ2,Europe/Madrid,2021-03-28T21:59:57Z,2021-03-28 23:59:57,1616968797,41.217,-3.59,793.35,7.0,0,89,29,56,-1,20,2,12,14,0,1,18,0,2,7,-1,3,20,2,12,20,2,12,1016.63,1014.22,0.06,0.0,0.0
ICEREZ2,Europe/Madrid,2021-03-29T21:59:56Z,2021-03-29 23:59:56,1617055196,41.217,-3.59,851.46,8.0,2,52,22,35,-1,21,8,15,14,0,2,22,0,4,2,-4,0,21,8,15,21,8,15,1016.22,1013.14,-0.06,0.0,0.0
ICEREZ2,Europe/Madrid,2021-03-30T21:59:54Z,2021-03-30 23:59:54,1617141594,41.217,-3.59,638.96,6.0,16,46,24,35,-1,21,12,16,13,0,3,22,0,5,2,-2,0,21,12,16,21,12,16,1015.24,1012.23,-0.03,0.0,0.0
ICEREZ2,Europe/Madrid,2021-04-01T21:59:51Z,2021-04-01 23:59:51,1617314391,41.217,-3.59,781.24,7.0,27,67,26,34,-1,21,8,16,16,0,3,29,0,5,3,-3,0,21,8,16,21,8,16,1010.13,1006.64,-0.04,0.0,0.0
ICEREZ2,Europe/Madrid,2021-04-02T21:59:51Z,2021-04-02 23:59:51,1617400791,41.217,-3.59,1100.05,10.0,344,96,58,80,-1,14,6,9,10,0,0,15,0,1,10,2,6,14,6,9,14,6,9,1009.62,1007.52,0.0,8.99,6.6
ICEREZ2,Europe/Madrid,2021-04-03T21:59:50Z,2021-04-03 23:59:50,1617487190,41.217,-3.59,1031.17,10.0,344,99,40,77,-1,19,2,10,10,0,1,18,0,1,11,-3,5,19,2,10,19,2,10,1009.21,1005.22,-0.03,1.8,0.3
ICEREZ2,Europe/Madrid,2021-04-04T21:59:49Z,2021-04-04 23:59:49,1617573589,41.217,-3.59,901.37,8.0,335,89,19,58,-1,19,-2,8,10,0,1,13,0,2,4,-6,-1,19,-2,8,19,-2,8,1010.84,1007.32,0.11,0.0,0.0
ICEREZ2,Europe/Madrid,2021-04-05T21:59:49Z,2021-04-05 23:59:49,1617659989,41.217,-3.59,926.09,9.0,331,84,18,52,-1,21,1,10,10,0,1,13,0,1,4,-6,-1,21,1,10,21,1,10,1011.41,1009.11,0.0,0.0,0.0
ICEREZ2,Europe/Madrid,2021-04-06T21:59:48Z,2021-04-06 23:59:48,1617746388,41.217,-3.59,919.23,8.0,327,76,29,52,-1,19,0,9,14,0,1,18,0,2,3,-4,-1,19,0,9,19,0,9,1010.84,1006.13,-0.13,0.0,0.0
ICEREZ2,Europe/Madrid,2021-04-07T21:59:48Z,2021-04-07 23:59:48,1617832788,41.217,-3.59,892.68,8.0,339,92,23,57,-1,19,-2,8,8,0,1,11,0,1,2,-5,-1,19,-2,8,19,-2,8,1011.62,1007.62,0.16,0.0,0.0
ICEREZ2,Europe/Madrid,2021-04-08T21:59:47Z,2021-04-08 23:59:47,1617919187,41.217,-3.59,977.34,9.0,21,86,41,68,-1,19,7,12,12,0,3,26,0,5,9,0,6,19,5,11,19,7,12,1012.84,1010.23,-0.01,0.0,0.0
ICEREZ2,Europe/Madrid,2021-04-09T21:59:46Z,2021-04-09 23:59:46,1618005586,41.217,-3.59,831.52,8.0,7,92,70,80,-1,12,7,9,12,0,2,20,0,3,7,5,6,12,6,9,12,7,9,1011.41,1007.62,-0.11,5.99,3.3
ICEREZ2,Europe/Madrid,2021-04-10T21:59:45Z,2021-04-10 23:59:45,1618091985,41.217,-3.59,1325.26,12.0,354,97,60,82,-1,16,7,10,12,0,1,20,0,2,9,5,7,16,7,10,16,7,10,1008.84,1003.12,-0.14,33.6,18.21
ICEREZ2,Europe/Madrid,2021-04-11T21:59:44Z,2021-04-11 23:59:44,1618178384,41.217,-3.59,474.54,4.0,334,98,69,88,-1,11,4,8,10,0,1,13,0,2,9,2,6,11,3,8,11,4,8,1013.14,1004.03,0.32,4.8,9.4
ICEREZ2,Europe/Madrid,2021-04-12T21:59:44Z,2021-04-12 23:59:44,1618264784,41.217,-3.59,2367.8,14.0,338,99,27,68,-1,15,-2,6,8,0,1,11,0,1,3,-5,0,15,-2,6,15,-2,6,1016.53,1012.73,0.1,0.0,0.0
ICEREZ2,Europe/Madrid,2021-04-13T21:59:59Z,2021-04-13 23:59:59,1618351199,41.217,-3.59,383.03,3.0,343,97,34,70,-1,14,3,9,6,0,0,9,0,1,8,-3,3,14,3,9,14,3,9,1016.02,1012.33,-0.1,3.0,3.1
ICEREZ2,Europe/Madrid,2021-04-14T21:59:42Z,2021-04-14 23:59:42,1618437582,41.217,-3.59,1072.76,14.0,2,99,48,76,-1,18,6,12,12,0,1,17,0,1,10,6,8,18,6,12,18,6,12,1013.24,1007.21,-0.17,0.0,0.0
ICEREZ2,Europe/Madrid,2021-04-15T21:59:57Z,2021-04-15 23:59:57,1618523997,41.217,-3.59,343.52,3.0,353,96,52,82,-1,16,5,9,6,0,0,9,0,1,7,4,6,16,5,9,16,5,9,1009.11,1006.84,-0.01,0.0,0.0
ICEREZ2,Europe/Madrid,2021-04-16T21:59:57Z,2021-04-16 23:59:57,1618610397,41.217,-3.59,994.71,9.0,335,96,27,64,-1,13,1,7,14,0,1,22,0,2,5,-7,-1,13,1,7,13,1,7,1011.92,1008.03,0.12,0.0,0.0
ICEREZ2,Europe/Madrid,2021-04-17T21:59:56Z,2021-04-17 23:59:56,1618696796,41.217,-3.59,1009.88,9.0,325,84,40,61,-1,13,-5,4,14,0,1,20,0,2,1,-7,-3,13,-5,4,13,-5,4,1013.14,1009.82,0.06,0.0,0.0
ICEREZ2,Europe/Madrid,2021-04-18T21:59:55Z,2021-04-18 23:59:55,1618783195,41.217,-3.59,904.06,8.0,332,92,28,62,-1,17,-4,6,9,0,1,13,0,1,1,-6,-2,17,-4,6,17,-4,6,1014.02,1011.62,0.0,0.0,0.0
ICEREZ2,Europe/Madrid,2021-04-19T21:59:55Z,2021-04-19 23:59:55,1618869595,41.217,-3.59,1059.31,10.0,320,87,33,62,-1,18,1,10,13,0,1,20,0,2,8,-2,2,18,1,10,18,1,10,1012.94,1007.92,-0.18,0.0,0.0
ICEREZ2,Europe/Madrid,2021-04-20T21:59:54Z,2021-04-20 23:59:54,1618955994,41.217,-3.59,1357.32,13.0,320,97,43,78,-1,17,6,10,13,0,1,20,0,2,9,4,6,17,6,10,17,6,10,1008.94,1003.83,-0.12,7.8,6.4
ICEREZ2,Europe/Madrid,2021-04-21T21:59:53Z,2021-04-21 23:59:53,1619042393,41.217,-3.59,1097.96,10.0,342,97,56,83,-1,15,6,10,9,0,1,11,0,1,9,5,7,15,6,10,15,6,10,1006.03,1002.54,-0.05,10.8,5.51
ICEREZ2,Europe/Madrid,2021-04-22T21:59:37Z,2021-04-22 23:59:37,1619128777,41.217,-3.59,1165.98,11.0,348,97,69,88,-1,14,7,9,9,0,1,15,0,1,10,5,8,14,6,9,14,7,9,1009.52,1002.71,0.19,4.8,5.59
ICEREZ2,Europe/Madrid,2021-04-23T21:59:51Z,2021-04-23 23:59:51,1619215191,41.217,-3.59,923.15,8.0,13,95,54,75,-1,17,5,11,13,0,2,20,0,4,9,4,7,17,5,11,17,5,11,1013.82,1008.13,0.15,1.8,0.3
ICEREZ2,Europe/Madrid,2021-04-24T21:59:50Z,2021-04-24 23:59:50,1619301590,41.217,-3.59,1158.64,14.0,13,81,49,69,-1,19,9,12,14,0,3,22,0,6,9,5,7,19,8,12,19,9,12,1013.41,1010.13,-0.1,0.0,0.0
ICEREZ2,Europe/Madrid,2021-04-25T21:59:49Z,2021-04-25 23:59:49,1619387989,41.217,-3.59,639.33,6.0,0,92,53,76,-1,15,9,11,22,0,2,33,0,4,9,5,7,15,8,11,15,9,11,1011.04,1005.42,-0.17,4.8,3.81
ICEREZ2,Europe/Madrid,2021-04-26T21:59:48Z,2021-04-26 23:59:48,1619474388,41.217,-3.59,1121.82,10.0,329,96,53,80,-1,18,5,11,12,0,1,17,0,2,11,5,8,18,5,11,18,5,11,1007.21,1002.71,-0.07,1.8,0.51
ICEREZ2,Europe/Madrid,2021-04-27T21:59:47Z,2021-04-27 23:59:47,1619560787,41.217,-3.59,1217.25,11.0,335,97,54,81,-1,18,4,11,11,0,1,17,0,2,11,3,8,18,4,11,18,4,11,1005.01,1002.13,-0.01,3.0,0.99
ICEREZ2,Europe/Madrid,2021-04-28T21:59:46Z,2021-04-28 23:59:46,1619647186,41.217,-3.59,1254.93,12.0,342,96,67,87,-1,16,7,10,8,0,0,11,0,1,10,6,8,16,7,10,16,7,10,1004.74,1002.81,-0.01,27.61,12.9
ICEREZ2,Europe/Madrid,2021-04-30T21:59:59Z,2021-04-30 23:59:59,1619819999,41.217,-3.59,1209.91,11.0,338,98,60,88,-1,13,5,8,8,0,1,9,0,1,8,4,6,13,5,8,13,5,8,1007.92,1005.22,0.03,4.8,7.9
ICEREZ2,Europe/Madrid,2021-05-01T21:59:44Z,2021-05-01 23:59:44,1619906384,41.217,-3.59,1181.64,11.0,330,99,45,82,-1,13,2,7,12,0,1,17,0,2,5,0,4,13,2,7,13,2,7,1012.84,1006.64,0.22,0.0,0.0
ICEREZ2,Europe/Madrid,2021-05-02T21:59:44Z,2021-05-02 23:59:44,1619992784,41.217,-3.59,1135.64,11.0,348,98,34,73,-1,16,1,8,7,0,1,9,0,1,7,-1,3,16,1,8,16,1,8,1014.22,1011.62,0.07,0.0,0.0
ICEREZ2,Europe/Madrid,2021-05-03T21:59:58Z,2021-05-03 23:59:58,1620079198,41.217,-3.59,1210.27,11.0,353,96,57,79,-1,15,4,9,11,0,1,18,0,2,8,2,6,15,4,9,15,4,9,1016.32,1013.51,0.08,7.8,5.79
ICEREZ2,Europe/Madrid,2021-05-04T21:59:57Z,2021-05-04 23:59:57,1620165597,41.217,-3.59,1391.21,13.0,326,98,32,65,-1,19,2,11,13,0,1,17,0,2,8,1,3,19,2,11,19,2,11,1016.22,1012.63,-0.11,1.19,0.2
ICEREZ2,Europe/Madrid,2021-05-05T19:04:44Z,2021-05-05 21:04:44,1620241484,41.217,-3.59,960.46,9.0,329,89,31,60,-1,21,3,13,11,0,1,15,0,2,8,2,5,21,3,13,21,3,13,1015.34,1012.73,0.0,0.0,0.0
ICEREZ2,Europe/Madrid,2021-05-07T21:59:54Z,2021-05-07 23:59:54,1620424794,41.217,-3.59,978.2,9.0,336,96,31,61,-1,26,7,17,9,0,1,15,0,1,12,5,8,26,7,17,26,7,16,1016.83,1014.22,-0.02,0.0,0.0
ICEREZ2,Europe/Madrid,2021-05-08T21:59:52Z,2021-05-08 23:59:52,1620511192,41.217,-3.59,999.85,9.0,19,86,29,52,-1,25,8,18,21,0,2,35,0,3,10,4,7,25,8,18,25,8,17,1015.71,1007.42,-0.32,4.8,0.79
ICEREZ2,Europe/Madrid,2021-05-09T21:59:52Z,2021-05-09 23:59:52,1620597592,41.217,-3.59,909.69,8.0,155,93,37,61,-1,18,7,13,24,0,5,42,0,9,9,1,5,18,5,13,18,7,13,1007.72,1001.73,-0.03,10.8,7.59
ICEREZ2,Europe/Madrid,2021-05-10T21:59:51Z,2021-05-10 23:59:51,1620683991,41.217,-3.59,1261.53,14.0,226,96,51,79,-1,14,3,8,23,0,2,29,0,3,7,2,4,14,3,8,14,3,8,1009.21,1004.34,0.08,8.99,8.2
ICEREZ2,Europe/Madrid,2021-05-31T21:59:59Z,2021-05-31 23:59:59,1622498399,41.217,-3.59,919.6,8.0,138,85,34,50,-1,28,16,24,15,0,4,29,0,6,16,10,12,28,16,24,27,16,24,1013.72,1010.53,-0.07,3.0,0.99
ICEREZ2,Europe/Madrid,2021-06-01T21:59:59Z,2021-06-01 23:59:59,1622584799,41.217,-3.59,1170.39,11.0,142,93,41,75,-1,23,12,16,18,0,2,31,0,4,14,7,12,23,12,16,23,12,16,1016.53,1008.64,0.15,25.81,9.4
ICEREZ2,Europe/Madrid,2021-06-02T21:59:57Z,2021-06-02 23:59:57,1622671197,41.217,-3.59,1021.14,9.0,177,97,42,67,-1,23,7,16,15,0,2,24,0,4,12,7,9,23,7,16,23,7,16,1020.01,1015.82,0.15,0.0,0.0
ICEREZ2,Europe/Madrid,2021-06-03T21:59:55Z,2021-06-03 23:59:55,1622757595,41.217,-3.59,916.54,8.0,196,84,33,62,-1,26,10,18,11,0,1,22,0,2,13,7,10,26,10,18,25,10,17,1021.03,1018.32,0.04,0.0,0.0
ICEREZ2,Europe/Madrid,2021-06-04T21:59:55Z,2021-06-04 23:59:55,1622843995,41.217,-3.59,1310.96,12.0,259,94,37,70,-1,23,9,15,10,0,2,15,0,3,13,6,10,23,9,15,22,9,15,1025.64,1020.83,0.19,0.0,0.0
ICEREZ2,Europe/Madrid,2021-06-05T21:59:53Z,2021-06-05 23:59:53,1622930393,41.217,-3.59,1130.51,10.0,234,93,46,76,-1,24,6,14,14,0,1,18,0,2,15,4,9,24,6,14,23,6,14,1025.74,1022.62,-0.03,27.61,10.9
ICEREZ2,Europe/Madrid,2021-06-06T21:59:53Z,2021-06-06 23:59:53,1623016793,41.217,-3.59,1017.22,9.0,219,93,32,63,-1,26,7,17,9,0,1,13,0,2,12,6,9,26,7,17,25,7,17,1024.92,1022.42,-0.02,0.0,0.0
ICEREZ2,Europe/Madrid,2021-06-07T21:59:36Z,2021-06-07 23:59:36,1623103176,41.217,-3.59,1025.91,14.0,221,89,25,57,-1,29,9,19,12,0,1,15,0,2,13,6,9,29,9,19,28,9,19,1024.62,1022.32,-0.02,0.0,0.0
ICEREZ2,Europe/Madrid,2021-06-08T21:59:51Z,2021-06-08 23:59:51,1623189591,41.217,-3.59,1028.11,9.0,216,85,20,51,-1,30,10,20,12,0,2,18,0,3,13,4,8,30,10,20,28,10,20,1024.42,1011.92,-0.42,0.0,0.0
ICEREZ2,Europe/Madrid,2021-06-09T21:59:49Z,2021-06-09 23:59:49,1623275989,41.217,-3.59,1028.97,9.0,227,78,18,48,-1,31,9,20,10,0,2,15,0,3,12,2,7,31,9,20,29,9,20,1015.04,1012.53,0.02,0.0,0.0
ICEREZ2,Europe/Madrid,2021-06-10T21:59:47Z,2021-06-10 23:59:47,1623362387,41.217,-3.59,402.98,3.0,174,85,27,67,-1,30,10,16,6,0,1,7,0,1,15,7,10,30,10,16,29,10,16,1014.43,1009.52,-0.15,0.0,0.0
ICEREZ2,Europe/Madrid,2021-06-11T21:59:46Z,2021-06-11 23:59:46,1623448786,41.217,-3.59,1117.91,10.0,190,86,26,65,-1,29,12,19,14,0,2,20,0,2,16,7,11,29,12,19,28,12,18,1012.94,1009.04,0.1,31.8,7.39
ICEREZ2,Europe/Madrid,2021-06-12T21:59:45Z,2021-06-12 23:59:45,1623535185,41.217,-3.59,991.17,9.0,272,94,30,55,-1,28,11,21,16,0,3,24,0,5,14,8,11,28,11,21,28,11,21,1014.53,1010.53,0.07,0.0,0.0
ICEREZ2,Europe/Madrid,2021-06-13T21:59:44Z,2021-06-13 23:59:44,1623621584,41.217,-3.59,1022.85,9.0,143,78,29,48,-1,29,14,22,19,0,3,28,0,4,14,9,10,29,14,22,28,14,22,1015.51,1011.92,-0.01,0.0,0.0
ICEREZ2,Europe/Madrid,2021-06-14T21:59:58Z,2021-06-14 23:59:58,1623707998,41.217,-3.59,1095.76,10.0,240,81,35,61,-1,29,14,20,17,0,2,24,0,2,16,8,12,29,14,20,29,14,20,1015.04,1011.41,-0.05,0.0,0.0
ICEREZ2,Europe/Madrid,2021-06-15T21:59:56Z,2021-06-15 23:59:56,1623794396,41.217,-3.59,1176.5,11.0,200,88,28,53,-1,30,12,22,19,0,2,26,0,3,15,8,11,30,12,22,29,12,22,1012.94,1007.01,-0.23,0.0,0.0
ICEREZ2,Europe/Madrid,2021-06-16T21:59:55Z,2021-06-16 23:59:55,1623880795,41.217,-3.59,1193.76,11.0,145,94,35,60,-1,29,14,22,17,0,3,28,0,4,15,9,13,29,14,22,28,14,21,1009.04,1002.24,-0.1,16.79,4.6
ICEREZ2,Europe/Madrid,2021-06-17T21:59:55Z,2021-06-17 23:59:55,1623967195,41.217,-3.59,985.17,9.0,137,93,59,82,-1,19,13,15,18,0,2,28,0,4,15,10,12,19,13,15,19,13,15,1005.72,1002.13,0.01,25.81,18.8
ICEREZ2,Europe/Madrid,2021-06-18T21:59:53Z,2021-06-18 23:59:53,1624053593,41.217,-3.59,1330.89,12.0,196,97,46,76,-1,24,11,16,17,0,2,26,0,3,14,9,11,24,11,16,23,11,16,1008.84,1003.73,0.11,7.19,2.79
ICEREZ2,Europe/Madrid,2021-06-19T21:59:52Z,2021-06-19 23:59:52,1624139992,41.217,-3.59,1048.91,10.0,169,93,32,60,-1,23,10,16,16,0,2,29,0,4,10,4,8,23,10,16,22,10,16,1014.63,1006.23,0.23,0.0,0.0
ICEREZ2,Europe/Madrid,2021-06-20T21:59:50Z,2021-06-20 23:59:50,1624226390,41.217,-3.59,1197.3,11.0,180,93,59,76,-1,18,11,14,14,0,2,26,0,3,14,6,10,18,11,14,18,11,14,1013.72,1008.43,-0.15,4.8,2.79
ICEREZ2,Europe/Madrid,2021-06-21T21:59:50Z,2021-06-21 23:59:50,1624312790,41.217,-3.59,1409.43,13.0,249,89,46,69,-1,19,9,13,12,0,2,24,0,3,10,6,8,19,9,13,19,9,13,1013.51,1008.94,0.14,0.0,0.0
ICEREZ2,Europe/Madrid,2021-06-22T21:59:48Z,2021-06-22 23:59:48,1624399188,41.217,-3.59,1357.81,13.0,257,97,49,76,-1,19,9,13,8,0,1,13,0,2,12,7,9,19,9,13,19,9,13,1017.54,1012.73,0.16,27.61,16.51
ICEREZ2,Europe/Madrid,2021-06-23T21:59:47Z,2021-06-23 23:59:47,1624485587,41.217,-3.59,1238.9,12.0,283,98,35,73,-1,20,9,13,9,0,1,17,0,2,11,3,8,20,9,13,20,9,13,1017.91,1012.43,-0.08,6.6,0.51
ICEREZ2,Europe/Madrid,2021-06-24T21:59:46Z,2021-06-24 23:59:46,1624571986,41.217,-3.59,1031.17,10.0,231,94,32,61,-1,25,4,15,9,0,1,13,0,2,11,3,7,25,4,15,24,4,15,1016.12,1014.02,0.03,0.0,0.0
ICEREZ2,Europe/Madrid,2021-06-25T21:59:45Z,2021-06-25 23:59:45,1624658385,41.217,-3.59,1110.08,10.0,208,93,29,61,-1,28,7,18,14,0,1,22,0,2,14,6,10,28,7,18,28,7,18,1016.12,1011.14,-0.14,0.0,0.0
ICEREZ2,Europe/Madrid,2021-06-26T21:59:44Z,2021-06-26 23:59:44,1624744784,41.217,-3.59,1169.9,11.0,195,77,26,50,-1,29,11,20,18,0,2,28,0,3,17,5,9,29,11,20,28,11,20,1012.94,1007.92,-0.12,1.8,0.3
ICEREZ2,Europe/Madrid,2021-06-27T21:59:59Z,2021-06-27 23:59:59,1624831199,41.217,-3.59,1018.93,9.0,242,84,34,50,-1,25,10,19,14,0,3,22,0,5,11,5,8,25,10,19,25,10,18,1011.04,1007.52,0.05,0.0,0.0
ICEREZ2,Europe/Madrid,2021-06-28T21:59:57Z,2021-06-28 23:59:57,1624917597,41.217,-3.59,1163.42,11.0,256,88,36,58,-1,22,5,15,10,0,2,18,0,3,8,3,6,22,5,15,22,5,14,1013.14,1010.43,0.08,0.0,0.0
ICEREZ2,Europe/Madrid,2021-06-29T21:59:57Z,2021-06-29 23:59:57,1625003997,41.217,-3.59,1029.83,10.0,238,93,25,60,-1,26,6,16,10,0,1,13,0,2,10,4,7,26,6,16,26,6,16,1013.72,1010.33,-0.05,0.0,0.0
ICEREZ2,Europe/Madrid,2021-07-01T21:59:53Z,2021-07-01 23:59:53,1625176793,41.217,-3.59,1113.99,10.0,190,75,13,42,-1,32,11,21,14,0,2,18,0,3,11,-1,6,32,11,21,30,11,21,1013.34,1010.94,0.05,0.0,0.0
ICEREZ2,Europe/Madrid,2021-07-02T21:59:37Z,2021-07-02 23:59:37,1625263177,41.217,-3.59,1036.8,10.0,179,74,17,40,-1,32,12,22,13,0,2,20,0,3,12,2,7,32,12,22,30,12,22,1013.34,1010.74,-0.01,0.0,0.0
ICEREZ2,Europe/Madrid,2021-07-03T21:59:51Z,2021-07-03 23:59:51,1625349591,41.217,-3.59,1186.42,11.0,236,80,33,55,-1,29,12,21,13,0,1,18,0,2,14,6,11,29,12,21,28,12,20,1013.51,1010.53,-0.07,0.0,0.0
ICEREZ2,Europe/Madrid,2021-07-04T21:59:49Z,2021-07-04 23:59:49,1625435989,41.217,-3.59,1116.56,10.0,235,77,30,54,-1,27,13,20,12,0,2,20,0,3,13,5,10,27,13,20,27,13,20,1013.82,1011.24,0.09,0.0,0.0
ICEREZ2,Europe/Madrid,2021-07-05T21:59:48Z,2021-07-05 23:59:48,1625522388,41.217,-3.59,1038.88,10.0,242,93,22,56,-1,32,11,22,12,0,2,20,0,3,15,5,11,32,11,22,31,11,21,1014.63,1008.53,0.04,0.0,0.0
ICEREZ2,Europe/Madrid,2021-07-06T21:59:48Z,2021-07-06 23:59:48,1625608788,41.217,-3.59,385.11,3.0,239,95,40,70,-1,21,12,17,9,0,1,15,0,2,14,6,11,21,12,17,21,12,17,1015.61,1012.43,0.03,10.8,8.89
ICEREZ2,Europe/Madrid,2021-07-07T21:59:47Z,2021-07-07 23:59:47,1625695187,41.217,-3.59,1298.84,12.0,243,92,36,64,-1,21,8,15,9,0,2,13,0,2,10,5,7,21,8,15,21,8,15,1020.22,1014.93,0.21,0.0,0.0
ICEREZ2,Europe/Madrid,2021-07-08T21:59:44Z,2021-07-08 23:59:44,1625781584,41.217,-3.59,1041.93,10.0,236,94,27,61,-1,26,6,16,8,0,1,11,0,2,10,5,7,26,6,16,25,6,16,1022.42,1019.81,0.07,0.0,0.0
ICEREZ2,Europe/Madrid,2021-07-09T21:59:44Z,2021-07-09 23:59:44,1625867984,41.217,-3.59,1021.63,9.0,174,86,27,53,-1,30,9,20,12,0,2,17,0,3,12,5,9,30,9,20,29,9,20,1022.11,1017.34,-0.13,0.0,0.0
ICEREZ2,Europe/Madrid,2021-07-10T21:59:59Z,2021-07-10 23:59:59,1625954399,41.217,-3.59,986.39,9.0,230,70,19,43,-1,32,13,23,10,0,2,17,0,3,13,5,8,32,13,23,30,13,22,1018.83,1016.83,-0.03,0.0,0.0
ICEREZ2,Europe/Madrid,2021-07-11T21:59:57Z,2021-07-11 23:59:57,1626040797,41.217,-3.59,938.32,9.0,184,70,16,42,-1,36,13,25,14,0,2,24,0,3,15,5,10,36,13,25,35,13,24,1018.12,1012.02,-0.18,0.0,0.0
ICEREZ2,Europe/Madrid,2021-07-12T21:59:56Z,2021-07-12 23:59:56,1626127196,41.217,-3.59,1243.67,14.0,258,77,30,48,-1,24,13,18,16,0,3,24,0,5,11,2,7,24,13,18,24,13,18,1019.13,1013.61,0.22,0.0,0.0
ICEREZ2,Europe/Madrid,2021-07-13T21:59:55Z,2021-07-13 23:59:55,1626213595,41.217,-3.59,1029.34,9.0,271,91,30,57,-1,23,4,14,12,0,2,17,0,3,7,3,5,23,4,14,22,4,14,1020.83,1018.22,0.01,0.0,0.0
ICEREZ2,Europe/Madrid,2021-07-14T21:59:55Z,2021-07-14 23:59:55,1626299995,41.217,-3.59,1267.52,12.0,251,90,28,56,-1,25,5,16,13,0,1,17,0,2,9,3,6,25,5,16,24,5,15,1020.73,1017.71,-0.02,0.0,0.0
ICEREZ2,Europe/Madrid,2021-07-15T21:59:53Z,2021-07-15 23:59:53,1626386393,41.217,-3.59,1025.05,9.0,234,88,22,54,-1,29,8,19,10,0,1,15,0,2,12,4,8,29,8,19,28,8,18,1019.44,1017.24,0.0,0.0,0.0
ICEREZ2,Europe/Madrid,2021-07-16T21:59:51Z,2021-07-16 23:59:51,1626472791,41.217,-3.59,1031.54,10.0,245,79,19,45,-1,32,10,21,8,0,1,13,0,2,10,3,7,32,10,21,30,10,20,1019.81,1017.81,0.02,0.0,0.0
ICEREZ2,Europe/Madrid,2021-07-17T21:59:50Z,2021-07-17 23:59:50,1626559190,41.217,-3.59,1035.94,10.0,222,70,14,37,-1,33,10,22,11,0,1,17,0,2,12,1,5,33,10,22,31,10,22,1019.81,1016.93,-0.04,0.0,0.0
ICEREZ2,Europe/Madrid,2021-07-18T21:59:48Z,2021-07-18 23:59:48,1626645588,41.217,-3.59,1031.54,10.0,233,69,18,42,-1,31,11,22,14,0,2,20,0,3,11,3,7,31,11,22,29,11,21,1018.63,1015.44,-0.07,0.0,0.0
ICEREZ2,Europe/Madrid,2021-07-19T21:59:48Z,2021-07-19 23:59:48,1626731988,41.217,-3.59,1021.14,9.0,225,89,16,52,-1,32,10,21,10,0,1,15,0,2,13,2,9,32,10,21,30,10,20,1017.03,1013.04,-0.08,0.0,0.0
ICEREZ2,Europe/Madrid,2021-07-20T21:59:46Z,2021-07-20 23:59:46,1626818386,41.217,-3.59,1028.97,9.0,168,70,19,41,-1,34,14,24,13,0,2,18,0,3,14,5,9,34,14,24,32,14,23,1016.02,1013.24,-0.01,0.0,0.0
ICEREZ2,Europe/Madrid,2021-07-21T21:59:46Z,2021-07-21 23:59:46,1626904786,41.217,-3.59,971.22,9.0,173,74,21,39,-1,34,14,25,13,0,2,24,0,3,14,5,9,34,14,25,32,14,24,1016.12,1014.33,0.05,0.0,0.0
ICEREZ2,Europe/Madrid,2021-07-22T21:59:45Z,2021-07-22 23:59:45,1626991185,41.217,-3.59,993.37,9.0,155,66,14,34,-1,34,16,26,16,0,3,28,0,4,12,3,8,34,16,26,32,16,25,1016.22,1013.04,-0.09,0.0,0.0
ICEREZ2,Europe/Madrid,2021-07-23T21:59:44Z,2021-07-23 23:59:44,1627077584,41.217,-3.59,1038.51,10.0,183,61,12,37,-1,32,14,22,17,0,2,28,0,4,11,-1,6,32,14,22,30,14,21,1013.72,1009.21,-0.09,0.0,0.0
ICEREZ2,Europe/Madrid,2021-07-24T21:59:58Z,2021-07-24 23:59:58,1627163998,41.217,-3.59,1028.48,9.0,244,84,20,51,-1,27,9,18,10,0,2,15,0,3,10,1,6,27,9,18,26,9,18,1011.72,1009.52,-0.01,0.0,0.0
ICEREZ2,Europe/Madrid,2021-07-25T21:59:57Z,2021-07-25 23:59:57,1627250397,41.217,-3.59,1034.59,10.0,230,86,26,54,-1,27,9,18,9,0,2,15,0,2,12,4,8,27,9,18,26,9,18,1011.14,1008.53,-0.01,1.8,0.3
ICEREZ2,Europe/Madrid,2021-07-26T21:59:55Z,2021-07-26 23:59:55,1627336795,41.217,-3.59,1131.73,10.0,250,87,30,61,-1,28,11,19,8,0,1,15,0,2,14,8,11,28,11,19,27,11,19,1013.51,1010.13,0.1,0.0,0.0
ICEREZ2,Europe/Madrid,2021-07-27T21:59:54Z,2021-07-27 23:59:54,1627423194,41.217,-3.59,1217.61,11.0,205,75,31,51,-1,30,13,22,11,0,2,20,0,3,14,8,10,30,13,22,29,13,21,1013.51,1009.62,-0.07,0.0,0.0
ICEREZ2,Europe/Madrid,2021-07-28T21:59:52Z,2021-07-28 23:59:52,1627509592,41.217,-3.59,1049.4,10.0,214,80,27,48,-1,32,10,22,12,0,1,17,0,2,13,7,10,32,10,22,31,10,22,1012.43,1010.13,0.02,0.0,0.0
ICEREZ2,Europe/Madrid,2021-07-29T21:59:51Z,2021-07-29 23:59:51,1627595991,41.217,-3.59,1097.96,10.0,153,75,19,47,-1,34,15,25,18,0,3,29,0,5,16,7,12,34,15,25,33,15,24,1012.43,1009.72,-0.03,0.0,0.0
ICEREZ2,Europe/Madrid,2021-07-30T21:59:50Z,2021-07-30 23:59:50,1627682390,41.217,-3.59,992.02,9.0,233,73,20,43,-1,30,13,22,9,0,2,13,0,3,11,4,8,30,13,22,28,13,21,1012.73,1010.02,0.0,0.0,0.0
ICEREZ2,Europe/Madrid,2021-07-31T21:59:49Z,2021-07-31 23:59:49,1627768789,41.217,-3.59,1176.87,11.0,254,85,49,67,-1,20,9,15,13,0,2,20,0,3,12,5,9,20,9,15,20,9,15,1012.94,1009.21,0.05,0.0,0.0
ICEREZ2,Europe/Madrid,2021-08-01T21:59:48Z,2021-08-01 23:59:48,1627855188,41.217,-3.59,1254.55,12.0,256,92,31,62,-1,23,7,14,11,0,1,17,0,2,9,4,6,23,7,14,22,7,14,1014.22,1011.62,0.0,0.0,0.0
ICEREZ2,Europe/Madrid,2021-08-02T21:59:46Z,2021-08-02 23:59:46,1627941586,41.217,-3.59,1111.42,10.0,200,76,25,51,-1,28,8,17,9,0,1,11,0,2,9,4,6,28,8,17,27,8,17,1013.61,1011.14,0.02,0.0,0.0
ICEREZ2,Europe/Madrid,2021-08-03T21:59:45Z,2021-08-03 23:59:45,1628027985,41.217,-3.59,1055.88,10.0,233,74,26,48,-1,28,10,20,10,0,2,18,0,3,11,4,7,28,10,20,27,10,19,1014.53,1011.72,-0.01,0.0,0.0
ICEREZ2,Europe/Madrid,2021-08-04T21:59:44Z,2021-08-04 23:59:44,1628114384,41.217,-3.59,1291.01,12.0,259,85,29,52,-1,27,15,21,9,0,2,17,0,3,14,4,10,27,15,21,27,15,21,1015.24,1012.23,0.09,0.0,0.0
ICEREZ2,Europe/Madrid,2021-08-05T21:59:58Z,2021-08-05 23:59:58,1628200798,41.217,-3.59,1024.2,9.0,243,77,22,44,-1,31,10,21,12,0,2,18,0,3,11,3,8,31,10,21,29,10,21,1015.51,1011.14,-0.12,0.0,0.0
ICEREZ2,Europe/Madrid,2021-08-06T21:59:58Z,2021-08-06 23:59:58,1628287198,41.217,-3.59,1014.66,9.0,244,89,16,49,-1,30,10,21,9,0,2,15,0,3,14,1,8,30,10,21,28,10,20,1012.43,1006.23,-0.19,0.0,0.0
ICEREZ2,Europe/Madrid,2021-08-07T21:59:56Z,2021-08-07 23:59:56,1628373596,41.217,-3.59,1240.24,12.0,242,75,29,49,-1,25,10,18,14,0,2,18,0,3,11,4,7,25,10,18,24,10,18,1017.71,1006.54,0.42,0.0,0.0
ICEREZ2,Europe/Madrid,2021-08-08T21:59:54Z,2021-08-08 23:59:54,1628459994,41.217,-3.59,958.26,9.0,194,83,21,47,-1,28,7,18,13,0,1,18,0,2,9,1,5,28,7,18,27,7,18,1019.44,1016.73,0.07,0.0,0.0
ICEREZ2,Europe/Madrid,2021-08-09T21:59:53Z,2021-08-09 23:59:53,1628546393,41.217,-3.59,999.85,9.0,155,81,25,48,-1,31,12,23,15,0,3,22,0,4,15,1,10,31,12,23,30,12,22,1020.83,1018.32,0.06,0.0,0.0
ICEREZ2,Europe/Madrid,2021-08-10T21:59:52Z,2021-08-10 23:59:52,1628632792,41.217,-3.59,989.94,9.0,203,76,30,47,-1,33,16,25,12,0,1,15,0,2,16,6,12,33,16,25,33,16,24,1021.03,1018.73,0.01,0.0,0.0
ICEREZ2,Europe/Madrid,2021-08-11T21:59:50Z,2021-08-11 23:59:50,1628719190,41.217,-3.59,916.17,8.0,169,71,26,47,-1,36,16,26,13,0,2,18,0,3,18,10,13,36,16,26,36,16,26,1021.74,1019.34,0.0,0.0,0.51
ICEREZ2,Europe/Madrid,2021-08-12T21:59:49Z,2021-08-12 23:59:49,1628805589,41.217,-3.59,992.51,9.0,145,58,20,36,-1,35,19,28,19,0,3,29,0,5,15,7,11,35,19,28,34,19,27,1025.43,1020.73,0.17,0.0,0.0
ICEREZ2,Europe/Madrid,2021-08-13T21:59:48Z,2021-08-13 23:59:48,1628891988,41.217,-3.59,966.09,9.0,194,55,13,33,-1,40,16,27,25,0,2,33,0,3,13,4,8,40,16,27,37,16,26,1026.52,1023.64,0.03,0.0,0.0
ICEREZ2,Europe/Madrid,2021-08-14T21:59:37Z,2021-08-14 23:59:37,1628978377,41.217,-3.59,1103.59,10.0,181,50,16,33,-1,39,21,28,17,0,2,22,0,3,16,7,10,39,21,28,37,20,28,1025.94,1023.13,-0.06,0.0,0.0
ICEREZ2,Europe/Madrid,2021-08-15T21:59:46Z,2021-08-15 23:59:46,1629064786,41.217,-3.59,917.03,8.0,213,49,12,26,-1,36,18,28,11,0,2,17,0,3,10,0,6,36,18,28,33,18,27,1024.52,1021.13,-0.07,0.0,0.0
ICEREZ2,Europe/Madrid,2021-08-16T21:59:45Z,2021-08-16 23:59:45,1629151185,41.217,-3.59,960.83,9.0,227,55,20,35,-1,31,10,20,12,0,2,17,0,2,10,0,4,31,10,20,29,10,20,1025.03,1021.74,0.07,0.0,0.0
ICEREZ2,Europe/Madrid,2021-08-17T21:59:44Z,2021-08-17 23:59:44,1629237584,41.217,-3.59,972.94,9.0,226,82,17,50,-1,29,6,17,7,0,1,9,0,2,9,0,5,29,6,17,27,6,16,1024.92,1011.24,-0.5,0.0,0.0
ICEREZ2,Europe/Madrid,2021-08-18T21:59:59Z,2021-08-18 23:59:59,1629323999,41.217,-3.59,953.0,9.0,223,74,20,45,-1,30,6,18,7,0,1,13,0,2,8,1,4,30,6,18,28,6,17,1012.73,1007.01,-0.16,0.0,0.0
ICEREZ2,Europe/Madrid,2021-08-19T21:59:57Z,2021-08-19 23:59:57,1629410397,41.217,-3.59,954.71,9.0,242,75,17,44,-1,30,9,19,9,0,1,13,0,2,9,2,5,30,9,19,28,9,19,1008.74,1005.42,-0.06,0.0,0.0
ICEREZ2,Europe/Madrid,2021-08-20T21:59:07Z,2021-08-20 23:59:07,1629496747,41.217,-3.59,962.17,9.0,165,71,21,40,-1,32,12,23,15,0,3,20,0,4,14,4,7,32,12,23,30,12,22,1009.62,1006.23,0.09,0.0,0.0
ICEREZ2,Europe/Madrid,2021-08-21T21:59:55Z,2021-08-21 23:59:55,1629583195,41.217,-3.59,967.8,9.0,225,56,14,33,-1,33,11,22,10,0,2,15,0,2,9,0,4,33,11,22,30,11,21,1013.34,1009.31,0.13,0.0,0.0
ICEREZ2,Europe/Madrid,2021-08-22T21:59:53Z,2021-08-22 23:59:53,1629669593,41.217,-3.59,950.92,9.0,215,65,14,37,-1,34,11,22,10,0,1,13,0,2,9,1,5,34,11,22,31,11,22,1013.41,1010.63,-0.01,0.0,0.0
ICEREZ2,Europe/Madrid,2021-08-23T21:59:52Z,2021-08-23 23:59:52,1629755992,41.217,-3.59,930.49,9.0,241,81,20,46,-1,33,13,22,10,0,1,15,0,2,13,4,9,33,13,22,31,13,22,1013.14,1008.03,-0.13,0.0,0.0
ICEREZ2,Europe/Madrid,2021-08-24T21:59:52Z,2021-08-24 23:59:52,1629842392,41.217,-3.59,931.83,9.0,242,73,22,45,-1,31,11,21,10,0,1,17,0,2,10,4,7,31,11,21,29,11,20,1009.62,1004.44,-0.12,0.0,0.0
ICEREZ2,Europe/Madrid,2021-08-25T21:59:50Z,2021-08-25 23:59:50,1629928790,41.217,-3.59,920.46,8.0,185,73,21,45,-1,30,14,22,22,0,2,31,0,4,13,5,9,30,14,22,29,14,22,1007.52,1004.34,0.04,0.0,0.0
ICEREZ2,Europe/Madrid,2021-08-26T21:59:48Z,2021-08-26 23:59:48,1630015188,41.217,-3.59,1171.25,11.0,220,65,24,44,-1,31,14,23,13,0,1,17,0,2,13,7,9,31,14,23,30,14,22,1009.04,1007.01,0.06,0.0,0.0
ICEREZ2,Europe/Madrid,2021-08-27T21:59:47Z,2021-08-27 23:59:47,1630101587,41.217,-3.59,920.46,8.0,237,74,18,45,-1,32,14,22,13,0,1,20,0,2,13,4,9,32,14,22,30,14,22,1009.11,1006.84,-0.02,0.0,0.0
ICEREZ2,Europe/Madrid,2021-08-28T21:59:46Z,2021-08-28 23:59:46,1630187986,41.217,-3.59,895.75,8.0,226,69,24,43,-1,32,13,22,9,0,1,13,0,2,14,4,8,32,13,22,30,13,21,1008.64,1005.93,-0.01,0.0,0.0
ICEREZ2,Europe/Madrid,2021-08-29T21:59:44Z,2021-08-29 23:59:44,1630274384,41.217,-3.59,1031.17,10.0,210,68,25,42,-1,30,11,20,8,0,1,11,0,2,11,3,6,30,11,20,29,11,20,1008.23,1004.54,-0.09,0.0,0.0
ICEREZ2,Europe/Madrid,2021-08-30T21:59:59Z,2021-08-30 23:59:59,1630360799,41.217,-3.59,973.43,9.0,216,72,28,48,-1,28,12,20,20,0,1,28,0,2,13,5,9,28,12,20,27,12,20,1007.52,1004.74,0.06,0.0,0.0
ICEREZ2,Europe/Madrid,2021-08-31T21:59:58Z,2021-08-31 23:59:58,1630447198,41.217,-3.59,1022.49,9.0,213,73,26,49,-1,30,11,20,12,0,1,17,0,2,13,6,9,30,11,20,29,11,20,1009.04,1006.23,0.02,0.0,0.0
ICEREZ2,Europe/Madrid,2021-09-01T21:59:57Z,2021-09-01 23:59:57,1630533597,41.217,-3.59,1205.5,11.0,183,96,48,76,-1,22,13,17,14,0,2,26,0,4,15,9,13,22,13,17,22,13,17,1016.22,1006.54,0.29,56.39,24.69
ICEREZ2,Europe/Madrid,2021-09-02T21:59:56Z,2021-09-02 23:59:56,1630619996,41.217,-3.59,1009.39,9.0,179,97,51,79,-1,22,9,15,16,0,2,24,0,3,14,9,12,22,9,15,22,9,15,1016.93,1013.92,0.09,1.19,0.2
ICEREZ2,Europe/Madrid,2021-09-03T21:59:54Z,2021-09-03 23:59:54,1630706394,41.217,-3.59,1010.25,9.0,253,94,36,68,-1,26,11,18,9,0,1,15,0,2,14,8,12,26,11,18,25,11,18,1017.54,1014.43,-0.06,0.0,0.0
ICEREZ2,Europe/Madrid,2021-09-04T21:59:53Z,2021-09-04 23:59:53,1630792793,41.217,-3.59,1038.51,10.0,189,88,31,56,-1,28,10,19,13,0,1,15,0,2,12,7,9,28,10,19,28,10,19,1015.92,1013.34,-0.02,0.0,0.0
ICEREZ2,Europe/Madrid,2021-09-05T21:59:51Z,2021-09-05 23:59:51,1630879191,41.217,-3.59,908.34,8.0,140,72,31,45,-1,30,13,23,16,0,3,24,0,4,14,6,10,30,13,23,29,13,23,1018.22,1014.73,0.13,0.0,0.0
ICEREZ2,Europe/Madrid,2021-09-06T21:59:50Z,2021-09-06 23:59:50,1630965590,41.217,-3.59,878.0,8.0,125,53,27,37,-1,29,22,26,22,0,5,33,0,8,14,7,10,29,22,26,28,21,25,1019.34,1015.82,-0.07,0.0,0.0
ICEREZ2,Europe/Madrid,2021-09-07T21:59:48Z,2021-09-07 23:59:48,1631051988,41.217,-3.59,867.97,8.0,155,67,29,40,-1,28,16,24,29,0,4,42,0,7,12,7,10,28,16,24,28,16,24,1017.03,1013.72,-0.06,0.0,0.0
ICEREZ2,Europe/Madrid,2021-09-08T21:59:48Z,2021-09-08 23:59:48,1631138388,41.217,-3.59,1069.71,10.0,242,90,35,63,-1,25,11,18,9,0,1,17,0,2,15,8,10,25,11,18,25,11,18,1015.34,1012.94,-0.01,0.0,0.0
ICEREZ2,Europe/Madrid,2021-09-09T21:59:46Z,2021-09-09 23:59:46,1631224786,41.217,-3.59,1058.45,10.0,257,88,44,68,-1,23,16,18,7,0,1,13,0,2,14,10,12,23,16,18,23,16,18,1015.51,1013.61,0.03,0.0,0.0
ICEREZ2,Europe/Madrid,2021-09-10T21:59:45Z,2021-09-10 23:59:45,1631311185,41.217,-3.59,1158.28,11.0,253,93,43,69,-1,24,12,18,8,0,1,13,0,2,14,8,11,24,12,18,23,12,17,1018.02,1015.24,0.1,1.8,0.51
ICEREZ2,Europe/Madrid,2021-09-11T21:59:59Z,2021-09-11 23:59:59,1631397599,41.217,-3.59,682.39,6.0,182,89,34,63,-1,24,9,16,17,0,2,24,0,3,12,6,9,24,9,16,23,9,16,1018.12,1015.34,-0.06,0.0,0.0
ICEREZ2,Europe/Madrid,2021-09-12T21:59:58Z,2021-09-12 23:59:58,1631483998,41.217,-3.59,989.08,9.0,168,83,30,52,-1,29,10,20,18,0,2,26,0,3,11,5,9,29,10,20,28,10,19,1016.73,1012.73,-0.11,0.0,0.0
ICEREZ2,Europe/Madrid,2021-09-13T21:59:56Z,2021-09-13 23:59:56,1631570396,41.217,-3.59,1019.79,9.0,156,95,34,60,-1,25,14,19,25,0,2,35,0,4,15,7,11,25,14,19,24,14,19,1015.82,1012.02,-0.02,7.8,6.4
ICEREZ2,Europe/Madrid,2021-09-14T21:59:54Z,2021-09-14 23:59:54,1631656794,41.217,-3.59,278.93,2.0,127,89,61,75,-1,19,14,17,28,0,6,48,0,10,14,9,13,19,14,17,19,14,17,1013.82,1009.21,-0.07,4.8,2.49
ICEREZ2,Europe/Madrid,2021-09-15T21:59:53Z,2021-09-15 23:59:53,1631743193,41.217,-3.59,888.77,8.0,200,97,54,82,-1,21,11,15,14,0,1,24,0,2,14,10,12,21,11,15,21,11,15,1015.92,1011.24,0.18,4.8,3.61
ICEREZ2,Europe/Madrid,2021-09-16T21:59:52Z,2021-09-16 23:59:52,1631829592,41.217,-3.59,1023.34,9.0,252,98,50,84,-1,23,10,15,9,0,1,13,0,1,15,9,12,23,10,15,23,10,15,1017.71,1015.44,0.06,3.61,0.99
ICEREZ2,Europe/Madrid,2021-09-17T21:59:51Z,2021-09-17 23:59:51,1631915991,41.217,-3.59,961.68,9.0,239,96,35,69,-1,25,9,17,8,0,1,13,0,2,14,8,10,25,9,17,24,9,16,1017.61,1012.12,-0.13,0.0,0.0
ICEREZ2,Europe/Madrid,2021-09-18T21:59:50Z,2021-09-18 23:59:50,1632002390,41.217,-3.59,1051.97,10.0,248,93,33,69,-1,21,7,15,9,0,1,13,0,2,14,1,9,21,7,15,21,7,15,1017.14,1012.63,0.11,0.0,0.0
ICEREZ2,Europe/Madrid,2021-09-19T21:59:48Z,2021-09-19 23:59:48,1632088788,41.217,-3.59,828.58,8.0,226,93,33,64,-1,23,4,12,8,0,1,11,0,2,8,3,5,23,4,12,22,4,12,1019.34,1016.53,0.08,0.0,0.0
ICEREZ2,Europe/Madrid,2021-09-20T21:59:49Z,2021-09-20 23:59:49,1632175189,41.217,-3.59,1046.34,10.0,251,94,39,70,-1,20,5,11,16,0,2,22,0,3,9,3,6,20,5,11,20,5,11,1021.33,1017.81,0.1,1.8,0.51
ICEREZ2,Europe/Madrid,2021-09-21T21:59:47Z,2021-09-21 23:59:47,1632261587,41.217,-3.59,884.0,8.0,283,97,35,70,-1,20,1,10,15,0,2,20,0,4,8,1,4,20,1,10,20,1,10,1021.54,1011.14,-0.36,0.0,0.0
ICEREZ2,Europe/Madrid,2021-09-22T21:59:46Z,2021-09-22 23:59:46,1632347986,41.217,-3.59,836.29,8.0,141,88,42,66,-1,20,6,13,14,0,2,20,0,3,10,3,6,20,6,13,20,6,13,1012.94,1008.13,-0.09,0.0,0.0
ICEREZ2,Europe/Madrid,2021-09-23T21:59:45Z,2021-09-23 23:59:45,1632434385,41.217,-3.59,927.43,9.0,138,96,40,67,-1,24,7,16,13,0,2,22,0,3,11,6,9,24,7,16,23,7,16,1013.82,1008.94,0.08,0.0,0.0
ICEREZ2,Europe/Madrid,2021-09-24T21:59:44Z,2021-09-24 23:59:44,1632520784,41.217,-3.59,947.86,9.0,237,94,65,82,-1,20,14,17,12,0,1,18,0,2,17,11,14,20,14,17,20,14,17,1013.24,1009.41,-0.1,6.6,4.09
ICEREZ2,Europe/Madrid,2021-09-25T21:59:58Z,2021-09-25 23:59:58,1632607198,41.217,-3.59,1000.71,9.0,155,96,55,72,-1,20,10,16,15,0,3,28,0,5,14,8,11,20,9,16,20,10,16,1015.14,1009.82,0.19,0.0,0.0
ICEREZ2,Europe/Madrid,2021-09-26T21:59:57Z,2021-09-26 23:59:57,1632693597,41.217,-3.59,2011.08,15.0,253,97,48,76,-1,21,11,15,8,0,1,9,0,1,12,9,11,21,11,15,21,11,15,1016.93,1014.53,0.07,4.8,1.7
ICEREZ2,Europe/Madrid,2021-09-27T21:59:55Z,2021-09-27 23:59:55,1632779995,41.217,-3.59,911.4,8.0,232,96,41,74,-1,23,8,15,8,0,1,11,0,1,12,7,10,23,8,15,23,8,15,1018.42,1015.92,0.05,0.0,0.0
ICEREZ2,Europe/Madrid,2021-09-28T21:59:56Z,2021-09-28 23:59:56,1632866396,41.217,-3.59,850.6,8.0,239,95,47,77,-1,23,8,14,7,0,1,13,0,1,14,7,10,23,8,14,22,8,14,1018.02,1014.53,0.02,0.0,0.0
ICEREZ2,Europe/Madrid,2021-09-29T21:59:54Z,2021-09-29 23:59:54,1632952794,41.217,-3.59,793.35,7.0,230,95,38,70,-1,21,5,13,8,0,1,11,0,1,9,4,7,21,5,13,21,5,13,1021.84,1017.61,0.11,0.0,0.0
ICEREZ2,Europe/Madrid,2021-10-01T21:59:52Z,2021-10-01 23:59:52,1633125592,41.217,-3.59,980.77,9.0,235,89,35,65,-1,23,7,14,9,0,1,11,0,1,9,5,7,23,7,14,22,7,14,1018.22,1014.12,-0.12,0.0,0.0
ICEREZ2,Europe/Madrid,2021-10-02T21:59:51Z,2021-10-02 23:59:51,1633211991,41.217,-3.59,830.66,8.0,193,88,39,61,-1,24,7,15,15,0,2,22,0,3,11,4,7,24,7,15,23,7,15,1015.51,1006.13,-0.37,0.0,0.0
ICEREZ2,Europe/Madrid,2021-10-03T21:59:49Z,2021-10-03 23:59:49,1633298389,41.217,-3.59,546.11,5.0,194,97,52,75,-1,17,3,13,13,0,3,20,0,4,12,2,8,17,3,13,17,3,13,1012.84,1002.03,0.26,13.79,12.5
ICEREZ2,Europe/Madrid,2021-10-04T21:59:48Z,2021-10-04 23:59:48,1633384788,41.217,-3.59,824.18,8.0,239,96,51,81,-1,15,1,7,5,0,1,9,0,1,7,0,4,15,1,7,15,1,7,1015.71,1012.12,0.1,0.0,0.0
ICEREZ2,Europe/Madrid,2021-10-05T21:59:49Z,2021-10-05 23:59:49,1633471189,41.217,-3.59,915.68,8.0,221,95,66,83,-1,18,7,13,8,0,1,15,0,2,12,5,10,18,7,13,18,7,13,1017.44,1014.22,0.08,0.0,0.0
ICEREZ2,Europe/Madrid,2021-10-06T21:59:47Z,2021-10-06 23:59:47,1633557587,41.217,-3.59,738.78,7.0,266,97,35,72,-1,20,6,13,8,0,1,11,0,1,12,2,8,20,6,13,20,6,13,1019.64,1017.03,0.07,0.0,0.0
ICEREZ2,Europe/Madrid,2021-10-07T21:59:47Z,2021-10-07 23:59:47,1633643987,41.217,-3.59,719.58,6.0,216,83,22,56,-1,24,3,12,5,0,1,7,0,1,6,-2,3,24,3,12,23,3,12,1019.03,1014.43,-0.15,0.0,0.0
ICEREZ2,Europe/Madrid,2021-10-08T21:59:45Z,2021-10-08 23:59:45,1633730385,41.217,-3.59,713.95,6.0,219,90,31,62,-1,24,5,13,6,0,1,11,0,2,8,3,5,24,5,13,23,5,13,1015.51,1012.94,-0.04,0.0,0.0
ICEREZ2,Europe/Madrid,2021-10-09T21:59:44Z,2021-10-09 23:59:44,1633816784,41.217,-3.59,729.61,7.0,208,82,23,55,-1,23,3,12,7,0,1,11,0,1,6,-3,2,23,3,12,22,3,11,1015.44,1013.41,0.02,0.0,0.0
ICEREZ2,Europe/Madrid,2021-10-10T21:59:59Z,2021-10-10 23:59:59,1633903199,41.217,-3.59,701.84,6.0,242,91,34,68,-1,23,3,11,10,0,1,17,0,2,9,2,5,23,3,11,22,3,11,1015.61,1013.72,0.02,0.0,0.0
ICEREZ2,Europe/Madrid,2021-10-11T21:59:59Z,2021-10-11 23:59:59,1633989599,41.217,-3.59,685.82,6.0,196,93,42,71,-1,22,4,12,12,0,1,18,0,2,10,3,7,22,4,12,22,4,12,1016.12,1013.72,0.0,0.0,0.0
ICEREZ2,Europe/Madrid,2021-10-12T21:59:58Z,2021-10-12 23:59:58,1634075998,41.217,-3.59,685.82,6.0,224,94,29,66,-1,23,5,12,10,0,1,13,0,1,10,1,5,23,5,12,22,5,12,1015.61,1011.51,-0.08,0.0,0.0
ICEREZ2,Europe/Madrid,2021-10-13T21:59:57Z,2021-10-13 23:59:57,1634162397,41.217,-3.59,688.87,6.0,224,76,18,50,-1,22,1,10,12,0,1,17,0,2,2,-4,-1,22,1,10,21,1,10,1015.24,1012.94,0.06,0.0,0.0
ICEREZ2,Europe/Madrid,2021-10-14T21:59:56Z,2021-10-14 23:59:56,1634248796,41.217,-3.59,683.24,6.0,230,78,20,49,-1,23,3,12,8,0,1,13,0,1,3,-2,0,23,3,12,21,3,12,1015.92,1014.22,0.04,0.0,0.0
ICEREZ2,Europe/Madrid,2021-10-15T21:59:55Z,2021-10-15 23:59:55,1634335195,41.217,-3.59,703.55,6.0,225,80,33,58,-1,21,6,12,6,0,1,9,0,1,7,2,4,21,6,12,21,6,12,1015.92,1012.12,-0.09,0.0,0.0
ICEREZ2,Europe/Madrid,2021-10-16T21:59:54Z,2021-10-16 23:59:54,1634421594,41.217,-3.59,544.4,5.0,214,84,41,63,-1,19,5,12,5,0,0,5,0,1,8,2,5,19,5,12,19,5,12,1013.82,1011.14,-0.04,0.0,0.0
ICEREZ2,Europe/Madrid,2021-10-17T21:59:53Z,2021-10-17 23:59:53,1634507993,41.217,-3.59,772.19,7.0,242,97,61,84,-1,20,10,13,7,0,0,11,0,1,13,7,10,20,10,13,20,10,13,1015.71,1011.62,0.1,1.8,1.8
ICEREZ2,Europe/Madrid,2021-10-18T21:59:51Z,2021-10-18 23:59:51,1634594391,41.217,-3.59,812.92,7.0,254,97,51,80,-1,22,9,15,6,0,1,9,0,1,13,9,11,22,9,15,21,9,15,1018.83,1015.34,0.14,0.0,0.0
ICEREZ2,Europe/Madrid,2021-10-19T21:59:50Z,2021-10-19 23:59:50,1634680790,41.217,-3.59,667.1,6.0,148,92,50,69,-1,23,11,17,14,0,4,26,0,6,13,9,11,23,11,17,23,11,17,1019.24,1016.73,-0.03,0.0,0.0
ICEREZ2,Europe/Madrid,2021-10-20T21:59:49Z,2021-10-20 23:59:49,1634767189,41.217,-3.59,781.24,7.0,159,79,48,62,-1,23,15,18,15,0,3,22,0,5,13,9,11,23,15,18,23,15,18,1018.12,1013.04,-0.1,0.0,0.0
ICEREZ2,Europe/Madrid,2021-10-21T21:59:49Z,2021-10-21 23:59:49,1634853589,41.217,-3.59,854.51,8.0,249,90,55,79,-1,17,5,12,8,0,1,13,0,2,12,4,8,17,5,12,17,5,12,1015.71,1012.02,-0.1,0.0,0.0
ICEREZ2,Europe/Madrid,2021-10-22T21:59:47Z,2021-10-22 23:59:47,1634939987,41.217,-3.59,660.62,6.0,270,96,43,74,-1,17,2,8,15,0,1,22,0,2,6,1,3,17,2,8,17,2,8,1016.22,1012.23,0.11,0.0,0.0
ICEREZ2,Europe/Madrid,2021-10-23T21:59:47Z,2021-10-23 23:59:47,1635026387,41.217,-3.59,639.33,6.0,228,96,28,69,-1,17,0,6,6,0,1,7,0,1,5,-3,0,17,0,6,17,0,6,1017.03,1014.83,0.04,0.0,0.0
ICEREZ2,Europe/Madrid,2021-10-24T21:59:46Z,2021-10-24 23:59:46,1635112786,41.217,-3.59,631.62,6.0,219,88,31,61,-1,18,0,8,8,0,1,9,0,2,3,-3,0,18,0,8,18,0,8,1017.44,1014.93,-0.02,0.0,0.0
ICEREZ2,Europe/Madrid,2021-10-25T21:59:46Z,2021-10-25 23:59:46,1635199186,41.217,-3.59,612.53,5.0,207,87,39,65,-1,18,2,9,8,0,1,11,0,1,5,-1,2,18,2,9,18,2,9,1016.42,1013.61,-0.01,0.0,0.0
ICEREZ2,Europe/Madrid,2021-10-26T21:59:45Z,2021-10-26 23:59:45,1635285585,41.217,-3.59,612.53,5.0,197,93,33,68,-1,20,2,9,8,0,1,11,0,1,6,0,3,20,2,9,20,2,9,1017.44,1014.93,0.04,0.0,0.0
ICEREZ2,Europe/Madrid,2021-10-27T21:59:45Z,2021-10-27 23:59:45,1635371985,41.217,-3.59,581.7,5.0,200,86,32,63,-1,20,3,9,6,0,1,9,0,1,6,0,2,20,3,9,20,3,9,1017.24,1013.34,-0.13,0.0,0.0
ICEREZ2,Europe/Madrid,2021-10-28T21:59:45Z,2021-10-28 23:59:45,1635458385,41.217,-3.59,567.76,5.0,199,85,34,62,-1,19,3,10,15,0,1,20,0,2,6,0,3,19,3,10,19,3,10,1014.12,1007.52,-0.24,0.0,0.0
ICEREZ2,Europe/Madrid,2021-10-29T21:59:44Z,2021-10-29 23:59:44,1635544784,41.217,-3.59,254.21,2.0,148,94,56,76,-1,13,9,11,18,0,3,29,0,6,9,3,7,13,8,11,13,9,11,1014.22,1004.74,0.03,7.8,7.8
ICEREZ2,Europe/Madrid,2021-10-30T21:59:58Z,2021-10-30 23:59:58,1635631198,41.217,-3.59,660.62,6.0,171,97,70,87,-1,17,10,14,21,0,3,38,0,5,14,9,12,17,10,14,17,10,14,1014.73,1005.83,0.24,8.99,12.7
ICEREZ2,Europe/Madrid,2021-10-31T22:59:57Z,2021-10-31 23:59:57,1635721197,41.217,-3.59,353.91,3.0,223,98,78,92,-1,18,9,14,12,0,2,26,0,4,15,9,13,18,9,14,18,9,14,1016.32,1012.63,0.04,10.8,21.59
ICEREZ2,Europe/Madrid,2021-11-01T22:59:56Z,2021-11-01 23:59:56,1635807596,41.217,-3.59,713.58,6.0,243,98,59,83,-1,12,7,10,11,0,3,18,0,4,10,4,7,12,6,10,12,7,10,1018.12,1013.61,0.09,8.99,11.71
ICEREZ2,Europe/Madrid,2021-11-02T22:59:54Z,2021-11-02 23:59:54,1635893994,41.217,-3.59,587.7,5.0,241,96,66,80,-1,11,6,8,10,0,2,20,0,4,8,3,5,11,5,8,11,6,8,1017.81,1009.04,-0.35,13.21,14.2
ICEREZ2,Europe/Madrid,2021-11-03T22:59:55Z,2021-11-03 23:59:55,1635980395,41.217,-3.59,703.55,6.0,252,97,76,91,-1,7,3,4,9,0,2,13,0,3,5,2,3,7,1,4,7,3,4,1014.02,1008.64,0.17,11.99,4.6
ICEREZ2,Europe/Madrid,2021-11-04T22:59:54Z,2021-11-04 23:59:54,1636066794,41.217,-3.59,703.55,6.0,271,97,64,89,-1,7,2,4,11,0,1,18,0,2,4,1,2,7,1,4,7,2,4,1021.44,1013.34,0.31,7.8,1.5
ICEREZ2,Europe/Madrid,2021-11-05T22:59:54Z,2021-11-05 23:59:54,1636153194,41.217,-3.59,674.93,14.0,284,97,68,89,-1,7,0,3,13,0,2,20,0,3,3,0,1,7,0,3,7,0,3,1026.14,1021.03,0.2,3.0,0.99
ICEREZ2,Europe/Madrid,2021-11-06T22:59:54Z,2021-11-06 23:59:54,1636239594,41.217,-3.59,516.13,5.0,252,98,61,86,-1,9,-4,1,9,0,1,13,0,1,2,-4,-1,9,-4,1,9,-4,1,1028.92,1025.23,0.07,1.8,0.3
ICEREZ2,Europe/Madrid,2021-11-07T22:59:55Z,2021-11-07 23:59:55,1636325995,41.217,-3.59,576.45,5.0,233,97,66,87,-1,9,-4,2,5,0,0,7,0,1,4,-5,0,9,-4,2,9,-4,2,1027.94,1024.01,-0.1,1.19,0.2
ICEREZ2,Europe/Madrid,2021-11-08T22:59:53Z,2021-11-08 23:59:53,1636412393,41.217,-3.59,533.5,5.0,242,99,34,77,-1,14,0,6,15,0,2,24,0,3,6,-3,1,14,0,6,14,0,6,1025.23,1021.54,-0.1,0.0,0.0
ICEREZ2,Europe/Madrid,2021-11-09T22:59:54Z,2021-11-09 23:59:54,1636498794,41.217,-3.59,457.66,4.0,223,99,54,85,-1,12,-1,4,4,0,1,7,0,1,5,-2,2,12,-1,4,12,-1,4,1023.13,1019.03,-0.1,0.0,0.0
ICEREZ2,Europe/Madrid,2021-11-10T22:59:54Z,2021-11-10 23:59:54,1636585194,41.217,-3.59,444.57,4.0,216,94,33,75,-1,14,-3,4,6,0,1,7,0,1,4,-4,-1,14,-3,4,14,-3,4,1021.64,1019.03,0.02,1.8,0.3
ICEREZ2,Europe/Madrid,2021-11-11T22:59:53Z,2021-11-11 23:59:53,1636671593,41.217,-3.59,433.8,4.0,219,97,49,79,-1,12,-2,4,7,0,1,11,0,1,5,-3,0,12,-2,4,12,-2,4,1021.74,1019.34,0.01,0.0,0.0
ICEREZ2,Europe/Madrid,2021-11-12T22:59:54Z,2021-11-12 23:59:54,1636757994,41.217,-3.59,435.03,4.0,236,99,50,83,-1,15,-1,5,9,0,1,13,0,1,7,-2,2,15,-1,5,15,-1,5,1021.91,1019.03,0.0,1.19,0.2
ICEREZ2,Europe/Madrid,2021-11-13T22:59:53Z,2021-11-13 23:59:53,1636844393,41.217,-3.59,341.81,3.0,225,99,74,93,-1,10,-1,3,5,0,1,5,0,1,6,-1,2,10,-1,3,10,-1,3,1022.62,1020.52,0.05,1.8,0.3
ICEREZ2,Europe/Madrid,2021-11-14T22:59:54Z,2021-11-14 23:59:54,1636930794,41.217,-3.59,457.17,4.0,238,99,68,91,-1,10,-1,4,6,0,1,9,0,1,5,-2,2,10,-1,4,10,-1,4,1022.42,1020.22,-0.02,1.8,0.51
ICEREZ2,Europe/Madrid,2021-11-15T22:59:53Z,2021-11-15 23:59:53,1637017193,41.217,-3.59,607.77,5.0,267,97,64,86,-1,10,-1,5,10,0,1,15,0,2,5,-2,3,10,-1,5,10,-1,5,1022.82,1020.52,-0.01,0.0,0.0
ICEREZ2,Europe/Madrid,2021-11-16T22:59:53Z,2021-11-16 23:59:53,1637103593,41.217,-3.59,467.57,4.0,232,99,66,89,-1,9,-3,2,6,0,0,7,0,1,4,-4,0,9,-3,2,9,-3,2,1022.52,1019.81,-0.03,0.0,0.0
ICEREZ2,Europe/Madrid,2021-11-17T22:59:53Z,2021-11-17 23:59:53,1637189993,41.217,-3.59,415.08,4.0,241,98,53,83,-1,11,-3,2,13,0,1,15,0,1,4,-4,0,11,-3,2,11,-3,2,1025.64,1020.83,0.18,1.8,0.3
ICEREZ2,Europe/Madrid,2021-11-18T22:59:53Z,2021-11-18 23:59:53,1637276393,41.217,-3.59,403.34,3.0,199,96,51,81,-1,13,-5,3,7,0,1,11,0,1,4,-6,-1,13,-5,3,13,-5,3,1027.13,1023.94,0.06,1.19,0.2
ICEREZ2,Europe/Madrid,2021-11-19T22:59:52Z,2021-11-19 23:59:52,1637362792,41.217,-3.59,420.71,4.0,138,97,50,74,-1,13,0,7,25,0,3,35,0,5,5,-1,3,13,-2,7,13,0,7,1027.43,1023.54,-0.12,0.0,0.0
ICEREZ2,Europe/Madrid,2021-11-20T22:59:51Z,2021-11-20 23:59:51,1637449191,41.217,-3.59,425.97,14.0,120,90,66,75,-1,12,4,9,25,0,5,37,0,8,7,3,5,12,4,9,12,4,9,1024.82,1020.32,-0.15,0.0,0.0
ICEREZ2,Europe/Madrid,2021-11-21T22:59:50Z,2021-11-21 23:59:50,1637535590,41.217,-3.59,401.26,3.0,237,96,68,86,-1,12,1,6,7,0,1,11,0,1,7,0,4,12,1,6,12,1,6,1020.52,1014.53,-0.25,0.0,0.0
ICEREZ2,Europe/Madrid,2021-11-22T22:59:51Z,2021-11-22 23:59:51,1637621991,41.217,-3.59,254.21,2.0,306,99,93,95,-1,6,0,3,9,0,1,15,0,2,5,0,2,6,0,3,6,0,3,1014.83,1007.72,-0.23,7.8,10.69
ICEREZ2,Europe/Madrid,2021-11-23T22:59:51Z,2021-11-23 23:59:51,1637708391,41.217,-3.59,202.59,1.0,246,99,89,96,-1,3,0,1,5,0,0,7,0,1,2,0,1,3,0,1,3,0,1,1014.12,1008.94,0.2,4.8,11.2
ICEREZ2,Europe/Madrid,2021-11-24T22:59:51Z,2021-11-24 23:59:51,1637794791,41.217,-3.59,255.07,2.0,258,99,87,96,-1,3,0,1,7,0,1,11,0,2,2,0,1,3,-1,1,3,0,1,1015.24,1011.82,-0.08,1.8,2.01
ICEREZ2,Europe/Madrid,2021-11-25T22:59:52Z,2021-11-25 23:59:52,1637881192,41.217,-3.59,172.98,1.0,267,99,86,96,-1,4,1,2,12,0,1,15,0,2,3,0,1,4,-1,2,4,1,2,1013.41,1009.82,0.05,4.8,11.91
ICEREZ2,Europe/Madrid,2021-11-26T22:59:51Z,2021-11-26 23:59:51,1637967591,41.217,-3.59,278.07,2.0,259,97,82,93,-1,4,1,2,13,0,1,17,0,2,3,0,1,4,0,2,4,1,2,1014.63,1011.04,-0.08,1.8,0.79
ICEREZ2,Europe/Madrid,2021-11-27T22:59:52Z,2021-11-27 23:59:52,1638053992,41.217,-3.59,502.31,4.0,264,99,72,90,-1,3,-1,1,29,0,4,44,0,6,2,-2,0,3,-6,1,3,-1,1,1013.61,1006.64,0.09,4.8,3.81
ICEREZ2,Europe/Madrid,2021-11-28T22:59:52Z,2021-11-28 23:59:52,1638140392,41.217,-3.59,229.01,2.0,263,98,79,91,-1,3,-1,1,14,0,5,24,0,7,3,-3,-1,3,-5,0,3,-1,1,1017.71,1013.34,0.12,1.8,1.5
ICEREZ2,Europe/Madrid,2021-11-29T22:59:50Z,2021-11-29 23:59:50,1638226790,41.217,-3.59,129.68,1.0,261,99,86,92,-1,7,3,5,17,0,3,26,0,4,5,3,4,7,0,5,7,3,5,1024.31,1015.82,0.33,3.0,1.8
ICEREZ2,Europe/Madrid,2021-11-30T22:59:51Z,2021-11-30 23:59:51,1638313191,41.217,-3.59,357.34,3.0,224,99,67,88,-1,9,-2,2,6,0,1,7,0,1,4,-3,1,9,-2,2,9,-2,2,1027.43,1024.01,0.09,0.0,0.0
ICEREZ2,Europe/Madrid,2021-12-01T22:59:51Z,2021-12-01 23:59:51,1638399591,41.217,-3.59,185.58,1.0,250,99,85,95,-1,7,-2,3,11,0,2,17,0,3,6,-3,2,7,-2,3,7,-2,3,1026.41,1015.04,-0.46,7.8,3.81
ICEREZ2,Europe/Madrid,2021-12-02T22:59:52Z,2021-12-02 23:59:52,1638485992,41.217,-3.59,452.4,4.0,279,99,71,89,-1,4,-1,2,16,0,3,22,0,4,3,-2,0,4,-1,2,4,-1,2,1017.34,1012.63,0.08,1.8,1.5
ICEREZ2,Europe/Madrid,2021-12-03T22:59:51Z,2021-12-03 23:59:51,1638572391,41.217,-3.59,510.51,4.0,251,95,73,86,-1,8,-1,3,8,0,1,11,0,1,5,-2,1,8,-1,3,8,-1,3,1021.84,1017.03,0.15,0.0,0.0
ICEREZ2,Europe/Madrid,2021-12-04T22:59:50Z,2021-12-04 23:59:50,1638658790,41.217,-3.59,237.21,2.0,243,98,81,90,-1,9,4,7,10,0,2,15,0,4,8,2,5,9,3,6,9,4,7,1020.93,1017.54,-0.08,3.0,2.79
ICEREZ2,Europe/Madrid,2021-12-05T22:59:50Z,2021-12-05 23:59:50,1638745190,41.217,-3.59,189.13,1.0,262,95,78,89,-1,6,2,3,18,0,4,28,0,6,4,0,2,6,-2,3,6,2,3,1019.81,1015.51,0.04,1.8,1.5
ICEREZ2,Europe/Madrid,2021-12-06T22:59:50Z,2021-12-06 23:59:50,1638831590,41.217,-3.59,455.82,4.0,259,99,81,94,-1,7,2,5,10,0,2,13,0,3,7,2,4,7,0,4,7,2,5,1022.93,1019.54,0.09,3.0,0.99
ICEREZ2,Europe/Madrid,2021-12-07T22:59:49Z,2021-12-07 23:59:49,1638917989,41.217,-3.59,176.9,1.0,235,99,72,92,-1,12,5,8,19,0,2,28,0,3,10,5,7,12,3,8,12,5,8,1022.11,1008.64,-0.53,11.99,7.9
ICEREZ2,Europe/Madrid,2021-12-08T22:59:49Z,2021-12-08 23:59:49,1639004389,41.217,-3.59,318.32,3.0,262,98,78,89,-1,6,1,2,21,0,6,29,0,9,6,-1,1,6,-3,1,6,1,2,1015.82,1008.33,0.27,4.8,4.6
ICEREZ2,Europe/Madrid,2021-12-09T22:59:48Z,2021-12-09 23:59:48,1639090788,41.217,-3.59,72.79,0.0,266,98,91,95,-1,7,1,5,18,0,6,28,0,8,6,0,4,7,-2,4,7,1,5,1018.52,1015.34,0.12,1.8,5.11
ICEREZ2,Europe/Madrid,2021-12-10T22:59:48Z,2021-12-10 23:59:48,1639177188,41.217,-3.59,440.66,4.0,262,98,79,91,-1,11,4,7,20,0,6,33,0,8,9,3,6,11,3,7,11,4,7,1019.54,1014.73,0.05,3.0,2.49
ICEREZ2,Europe/Madrid,2021-12-11T22:59:47Z,2021-12-11 23:59:47,1639263587,41.217,-3.59,184.36,1.0,263,97,84,92,-1,11,3,7,10,0,1,13,0,2,9,3,6,11,2,7,11,3,7,1024.11,1018.93,0.18,0.0,0.0
ICEREZ2,Europe/Madrid,2021-12-12T22:59:47Z,2021-12-12 23:59:47,1639349987,41.217,-3.59,378.26,3.0,210,99,56,86,-1,13,0,5,6,0,0,7,0,1,7,-1,3,13,0,5,13,0,5,1024.62,1021.54,-0.06,0.0,0.0
ICEREZ2,Europe/Madrid,2021-12-13T22:59:47Z,2021-12-13 23:59:47,1639436387,41.217,-3.59,326.15,3.0,189,96,36,79,-1,12,-1,3,7,0,1,13,0,1,4,-4,0,12,-2,3,12,-1,3,1022.52,1020.32,-0.01,0.0,0.0
ICEREZ2,Europe/Madrid,2021-12-14T22:59:48Z,2021-12-14 23:59:48,1639522788,41.217,-3.59,326.64,3.0,209,95,46,75,-1,15,-2,4,5,0,1,7,0,1,7,-4,0,15,-3,4,15,-2,4,1024.01,1021.64,0.03,1.8,0.3
ICEREZ2,Europe/Madrid,2021-12-15T22:59:46Z,2021-12-15 23:59:46,1639609186,41.217,-3.59,322.72,3.0,198,79,16,54,-1,18,-1,6,5,0,1,9,0,1,3,-9,-3,18,-1,6,18,-1,6,1023.13,1021.03,0.0,0.0,0.0
ICEREZ2,Europe/Madrid,2021-12-16T22:59:46Z,2021-12-16 23:59:46,1639695586,41.217,-3.59,346.09,3.0,162,81,21,54,-1,15,-1,5,16,0,2,26,0,3,0,-8,-4,15,-3,5,15,-1,5,1023.94,1021.91,0.03,0.0,0.0
ICEREZ2,Europe/Madrid,2021-12-17T22:59:46Z,2021-12-17 23:59:46,1639781986,41.217,-3.59,330.06,3.0,196,66,15,33,-1,14,2,9,23,0,2,29,0,3,-1,-15,-7,14,2,9,14,2,9,1023.74,1021.23,-0.06,0.0,0.0
ICEREZ2,Europe/Madrid,2021-12-18T22:59:44Z,2021-12-18 23:59:44,1639868384,41.217,-3.59,348.29,3.0,159,78,24,58,-1,10,-3,6,19,0,3,31,0,4,2,-11,-2,10,-3,6,10,-3,6,1023.94,1021.33,0.06,0.0,0.0
ICEREZ2,Europe/Madrid,2021-12-19T22:59:45Z,2021-12-19 23:59:45,1639954785,41.217,-3.59,342.66,3.0,160,85,62,73,-1,9,4,7,17,0,3,28,0,5,4,1,2,9,4,7,9,4,7,1023.74,1018.52,-0.2,0.0,0.0
ICEREZ2,Europe/Madrid,2021-12-20T22:59:34Z,2021-12-20 23:59:34,1640041174,41.217,-3.59,313.54,3.0,150,85,45,72,-1,13,-1,6,15,0,2,22,0,3,5,-3,2,13,-1,6,13,-1,6,1019.34,1016.83,-0.07,0.0,0.0
ICEREZ2,Europe/Madrid,2021-12-21T22:59:44Z,2021-12-21 23:59:44,1640127584,41.217,-3.59,389.52,3.0,142,93,71,85,-1,13,4,8,13,0,2,22,0,2,9,2,5,13,4,8,13,4,8,1018.73,1016.02,0.01,0.0,0.0
ICEREZ2,Europe/Madrid,2021-12-22T22:59:44Z,2021-12-22 23:59:44,1640213984,41.217,-3.59,327.86,3.0,157,91,69,80,-1,12,6,10,17,0,3,29,0,5,8,5,7,12,5,10,12,6,10,1017.61,1015.04,-0.03,0.0,0.0
ICEREZ2,Europe/Madrid,2021-12-23T22:59:58Z,2021-12-23 23:59:58,1640300398,41.217,-3.59,271.1,2.0,133,91,70,82,-1,11,7,9,20,0,6,37,0,9,7,4,6,11,5,8,11,7,9,1017.14,1012.63,-0.15,0.0,0.0
ICEREZ2,Europe/Madrid,2021-12-24T22:59:57Z,2021-12-24 23:59:57,1640386797,41.217,-3.59,325.29,3.0,140,90,71,81,-1,11,7,9,15,0,4,28,0,6,7,4,6,11,5,9,11,7,9,1013.24,1005.42,-0.33,0.0,0.0
ICEREZ2,Europe/Madrid,2021-12-25T22:59:56Z,2021-12-25 23:59:56,1640473196,41.217,-3.59,189.98,1.0,143,98,76,85,-1,9,7,7,15,0,3,22,0,5,7,3,5,9,4,7,9,7,7,1007.72,1004.34,0.07,4.8,6.81
ICEREZ2,Europe/Madrid,2021-12-26T22:59:31Z,2021-12-26 23:59:31,1640559571,41.217,-3.59,154.75,1.0,228,98,87,94,-1,11,7,8,7,0,1,9,0,2,10,6,7,11,6,8,11,7,8,1014.73,1007.21,0.29,41.4,16.0
ICEREZ2,Europe/Madrid,2021-12-27T22:59:31Z,2021-12-27 23:59:31,1640645971,41.217,-3.59,232.07,2.0,229,96,74,86,-1,11,8,9,10,0,3,18,0,4,9,5,7,11,7,9,11,8,9,1022.62,1013.24,0.34,4.8,2.49
ICEREZ2,Europe/Madrid,2021-12-28T22:59:55Z,2021-12-28 23:59:55,1640732395,41.217,-3.59,169.56,1.0,225,90,77,85,-1,11,7,9,12,0,2,17,0,3,8,5,6,11,7,9,11,7,9,1028.41,1022.01,0.24,0.0,0.0
ICEREZ2,Europe/Madrid,2021-12-29T22:59:54Z,2021-12-29 23:59:54,1640818794,41.217,-3.59,329.2,3.0,211,95,72,85,-1,13,3,9,6,0,1,7,0,1,9,2,6,13,3,9,13,3,9,1029.53,1027.53,-0.01,0.0,0.0
ICEREZ2,Europe/Madrid,2021-12-30T22:59:54Z,2021-12-30 23:59:54,1640905194,41.217,-3.59,330.06,3.0,173,95,36,70,-1,18,0,8,11,0,1,17,0,2,9,-1,2,18,0,8,18,0,8,1029.23,1025.84,0.03,0.0,0.0
ICEREZ2,Europe/Madrid,2022-01-01T22:59:52Z,2022-01-01 23:59:52,1641077992,41.217,-3.59,333.49,3.0,165,76,32,54,-1,18,2,10,11,0,1,15,0,2,6,-3,0,18,2,10,18,2,10,1032.04,1029.63,0.0,0.0,0.0
ICEREZ2,Europe/Madrid,2022-01-02T22:59:51Z,2022-01-02 23:59:51,1641164391,41.217,-3.59,425.97,4.0,192,90,33,61,-1,16,4,8,7,0,1,9,0,1,6,-3,1,16,4,8,16,4,8,1032.92,1030.41,0.0,0.0,0.0
ICEREZ2,Europe/Madrid,2022-01-03T22:59:51Z,2022-01-03 23:59:51,1641250791,41.217,-3.59,335.69,3.0,224,97,42,73,-1,16,4,10,9,0,1,11,0,2,9,-1,4,16,4,10,16,4,10,1031.32,1023.23,-0.32,0.0,0.0
ICEREZ2,Europe/Madrid,2022-01-04T22:59:51Z,2022-01-04 23:59:51,1641337191,41.217,-3.59,419.86,4.0,179,98,36,72,-1,15,1,8,16,0,4,28,0,6,7,-1,3,15,-1,7,15,1,8,1023.54,1013.24,-0.15,11.99,18.11
ICEREZ2,Europe/Madrid,2022-01-05T22:59:50Z,2022-01-05 23:59:50,1641423590,41.217,-3.59,231.22,2.0,261,99,81,95,-1,4,0,1,10,0,2,17,0,3,2,0,1,4,-2,1,4,0,1,1022.01,1017.61,-0.01,3.61,7.11
ICEREZ2,Europe/Madrid,2022-01-06T22:59:51Z,2022-01-06 23:59:51,1641509991,41.217,-3.59,372.64,3.0,257,99,76,90,-1,2,-2,0,6,0,1,9,0,1,1,-3,-2,2,-3,0,2,-2,0,1026.41,1019.24,0.28,1.8,1.3
ICEREZ2,Europe/Madrid,2022-01-07T22:59:51Z,2022-01-07 23:59:51,1641596391,41.217,-3.59,314.4,3.0,253,98,87,94,-1,3,-2,1,6,0,1,9,0,1,2,-3,0,3,-2,1,3,-2,1,1031.93,1025.94,0.21,1.8,0.51
ICEREZ2,Europe/Madrid,2022-01-08T22:59:51Z,2022-01-08 23:59:51,1641682791,41.217,-3.59,309.27,3.0,247,98,38,79,-1,8,-1,3,10,0,1,17,0,2,2,-6,-1,8,-1,3,8,-1,3,1031.93,1026.41,-0.16,0.0,0.0
ICEREZ2,Europe/Madrid,2022-01-09T22:59:50Z,2022-01-09 23:59:50,1641769190,41.217,-3.59,484.08,14.0,261,98,85,92,-1,9,3,6,17,0,4,24,0,6,8,1,5,9,0,5,9,3,6,1027.94,1023.23,-0.13,0.0,0.0
ICEREZ2,Europe/Madrid,2022-01-10T22:59:50Z,2022-01-10 23:59:50,1641855590,41.217,-3.59,127.1,1.0,261,99,93,97,-1,9,5,7,15,0,2,18,0,3,8,4,7,9,5,7,9,5,7,1027.84,1024.11,0.14,1.19,0.2
ICEREZ2,Europe/Madrid,2022-01-11T22:59:50Z,2022-01-11 23:59:50,1641941990,41.217,-3.59,449.34,4.0,246,99,76,91,-1,10,1,6,6,0,0,9,0,1,7,1,5,10,1,6,10,1,6,1029.83,1027.13,0.07,0.0,0.0
ICEREZ2,Europe/Madrid,2022-01-12T22:59:49Z,2022-01-12 23:59:49,1642028389,41.217,-3.59,350.0,3.0,245,99,30,82,-1,10,-2,2,9,0,1,13,0,1,4,-9,-1,10,-2,2,10,-2,2,1030.72,1028.31,0.03,1.8,0.3
ICEREZ2,Europe/Madrid,2022-01-13T22:59:49Z,2022-01-13 23:59:49,1642114789,41.217,-3.59,393.43,3.0,164,82,46,65,-1,8,-4,3,12,0,2,22,0,4,0,-9,-3,8,-5,3,8,-4,3,1032.71,1030.04,0.08,0.0,0.0
ICEREZ2,Europe/Madrid,2022-01-14T22:59:49Z,2022-01-14 23:59:49,1642201189,41.217,-3.59,375.57,3.0,172,92,35,63,-1,8,-4,2,10,0,2,17,0,3,-2,-9,-5,8,-5,2,8,-4,2,1032.92,1029.43,-0.11,0.0,0.0
ICEREZ2,Europe/Madrid,2022-01-15T22:59:49Z,2022-01-15 23:59:49,1642287589,41.217,-3.59,362.6,3.0,188,90,40,68,-1,6,-6,1,9,0,1,18,0,2,-2,-9,-5,6,-6,0,6,-6,1,1030.14,1027.02,-0.03,0.0,0.0
ICEREZ2,Europe/Madrid,2022-01-16T22:59:50Z,2022-01-16 23:59:50,1642373990,41.217,-3.59,372.64,3.0,219,95,59,82,-1,7,-5,0,6,0,1,7,0,1,1,-6,-3,7,-5,0,7,-5,0,1033.83,1027.94,0.2,0.0,0.0
ICEREZ2,Europe/Madrid,2022-01-17T22:59:51Z,2022-01-17 23:59:51,1642460391,41.217,-3.59,383.03,3.0,223,93,46,76,-1,9,-5,0,6,0,1,9,0,1,1,-6,-4,9,-5,0,9,-5,0,1034.34,1030.82,-0.1,1.19,0.2
ICEREZ2,Europe/Madrid,2022-01-18T22:59:51Z,2022-01-18 23:59:51,1642546791,41.217,-3.59,388.17,3.0,219,89,29,66,-1,11,-5,1,7,0,1,9,0,1,-1,-7,-5,11,-5,1,11,-5,1,1032.61,1029.83,0.05,0.0,0.0
ICEREZ2,Europe/Madrid,2022-01-19T22:59:51Z,2022-01-19 23:59:51,1642633191,41.217,-3.59,389.03,3.0,223,83,24,62,-1,11,-5,2,7,0,1,9,0,1,-1,-10,-6,11,-5,2,11,-5,2,1032.71,1029.94,-0.06,0.0,0.0
ICEREZ2,Europe/Madrid,2022-01-20T22:59:52Z,2022-01-20 23:59:52,1642719592,41.217,-3.59,555.28,5.0,249,95,55,79,-1,9,-5,1,12,0,1,15,0,2,3,-7,-2,9,-5,1,9,-5,1,1031.73,1027.74,-0.11,0.0,0.0
ICEREZ2,Europe/Madrid,2022-01-21T22:59:52Z,2022-01-21 23:59:52,1642805992,41.217,-3.59,389.88,3.0,255,97,47,80,-1,5,-6,-1,9,0,1,11,0,1,-1,-8,-5,5,-6,-1,5,-6,-1,1028.62,1025.53,-0.03,0.0,0.0
ICEREZ2,Europe/Madrid,2022-01-22T22:59:52Z,2022-01-22 23:59:52,1642892392,41.217,-3.59,396.86,3.0,189,90,48,73,-1,9,-7,0,12,0,1,20,0,2,0,-9,-4,9,-9,0,9,-7,0,1029.73,1027.13,-0.01,0.0,0.0
ICEREZ2,Europe/Madrid,2022-01-23T22:59:52Z,2022-01-23 23:59:52,1642978792,41.217,-3.59,432.45,4.0,150,90,52,72,-1,10,-4,3,15,0,3,24,0,5,1,-6,-1,9,-6,3,10,-4,3,1027.74,1024.31,-0.06,0.0,0.0
ICEREZ2,Europe/Madrid,2022-01-24T22:59:53Z,2022-01-24 23:59:53,1643065193,41.217,-3.59,426.83,4.0,152,88,57,68,-1,7,-2,4,15,0,3,26,0,5,0,-4,-2,7,-2,3,7,-2,4,1029.83,1025.84,0.15,0.0,0.0
ICEREZ2,Europe/Madrid,2022-01-25T22:59:53Z,2022-01-25 23:59:53,1643151593,41.217,-3.59,477.6,4.0,156,91,61,71,-1,8,-2,4,13,0,2,20,0,3,3,-4,-1,8,-3,4,8,-2,4,1031.93,1029.53,0.04,0.0,0.0
ICEREZ2,Europe/Madrid,2022-01-26T22:59:52Z,2022-01-26 23:59:52,1643237992,41.217,-3.59,425.97,4.0,194,91,33,64,-1,11,-2,4,10,0,1,18,0,2,-1,-7,-3,11,-4,4,11,-2,4,1031.02,1027.74,-0.04,0.0,0.0
ICEREZ2,Europe/Madrid,2022-01-27T22:59:52Z,2022-01-27 23:59:52,1643324392,41.217,-3.59,433.31,4.0,217,91,21,63,-1,13,-3,3,6,0,1,9,0,1,1,-10,-5,13,-4,3,13,-3,3,1031.32,1028.24,0.05,0.0,0.0
ICEREZ2,Europe/Madrid,2022-01-28T22:59:54Z,2022-01-28 23:59:54,1643410794,41.217,-3.59,430.74,4.0,237,71,21,48,-1,14,-5,3,13,0,1,17,0,2,-3,-12,-8,14,-5,3,14,-5,3,1033.63,1030.61,0.09,0.0,0.0
ICEREZ2,Europe/Madrid,2022-01-29T22:59:52Z,2022-01-29 23:59:52,1643497192,41.217,-3.59,441.14,4.0,195,58,10,36,-1,16,-4,4,9,0,1,13,0,2,-5,-16,-11,16,-6,4,16,-4,4,1035.32,1032.54,0.01,0.0,0.0
ICEREZ2,Europe/Madrid,2022-01-30T22:59:52Z,2022-01-30 23:59:52,1643583592,41.217,-3.59,449.83,14.0,180,58,16,40,-1,16,-2,5,7,0,1,11,0,2,-4,-11,-9,16,-3,5,16,-2,5,1033.93,1028.41,-0.17,0.0,0.0
ICEREZ2,Europe/Madrid,2022-01-31T22:59:53Z,2022-01-31 23:59:53,1643669993,41.217,-3.59,448.48,4.0,227,90,40,61,-1,11,-4,2,11,0,1,15,0,2,2,-10,-5,11,-6,2,11,-4,2,1032.71,1028.82,0.12,0.0,0.0
ICEREZ2,Europe/Madrid,2022-02-01T22:59:53Z,2022-02-01 23:59:53,1643756393,41.217,-3.59,614.62,5.0,303,93,61,82,-1,9,-1,3,15,0,1,20,0,2,3,-2,1,9,-2,3,9,-1,3,1034.81,1031.22,0.05,0.0,0.0
ICEREZ2,Europe/Madrid,2022-02-02T22:59:52Z,2022-02-02 23:59:52,1643842792,41.217,-3.59,478.45,4.0,227,94,12,55,-1,22,-3,7,15,0,1,22,0,2,4,-9,-3,22,-3,7,21,-3,7,1033.42,1026.21,-0.24,0.0,0.0
ICEREZ2,Europe/Madrid,2022-02-03T22:59:51Z,2022-02-03 23:59:51,1643929191,41.217,-3.59,502.31,4.0,208,77,35,56,-1,15,0,7,9,0,1,15,0,2,2,-8,-1,15,0,7,15,0,7,1027.94,1023.94,-0.12,0.0,0.0
ICEREZ2,Europe/Madrid,2022-02-04T22:59:51Z,2022-02-04 23:59:51,1644015591,41.217,-3.59,433.31,4.0,246,87,48,73,-1,11,0,5,9,0,1,13,0,2,4,-3,1,11,0,5,11,0,5,1026.52,1023.43,0.06,0.0,0.0
ICEREZ2,Europe/Madrid,2022-02-05T22:59:51Z,2022-02-05 23:59:51,1644101991,41.217,-3.59,523.11,5.0,268,95,52,80,-1,11,-3,3,15,0,1,20,0,2,4,-5,0,11,-3,3,11,-3,3,1029.23,1025.74,0.11,0.0,0.0
ICEREZ2,Europe/Madrid,2022-02-06T22:59:52Z,2022-02-06 23:59:52,1644188392,41.217,-3.59,539.99,5.0,229,93,28,70,-1,11,-6,1,7,0,1,11,0,1,1,-8,-5,11,-6,1,11,-6,1,1032.54,1028.24,0.15,0.0,0.0
ICEREZ2,Europe/Madrid,2022-02-07T22:59:51Z,2022-02-07 23:59:51,1644274791,41.217,-3.59,491.42,4.0,232,88,39,66,-1,13,-3,4,9,0,2,13,0,2,2,-7,-2,13,-5,4,13,-3,4,1033.02,1030.14,-0.07,0.0,0.0
ICEREZ2,Europe/Madrid,2022-02-08T22:59:51Z,2022-02-08 23:59:51,1644361191,41.217,-3.59,537.06,5.0,185,92,31,65,-1,16,-4,4,15,0,2,26,0,3,1,-6,-2,16,-5,4,16,-4,4,1031.43,1029.43,0.01,0.0,0.0
ICEREZ2,Europe/Madrid,2022-02-09T22:59:51Z,2022-02-09 23:59:51,1644447591,41.217,-3.59,519.19,5.0,183,79,29,48,-1,16,0,9,15,0,2,28,0,4,2,-5,-2,16,0,9,16,0,9,1031.83,1029.02,-0.03,0.0,0.0
ICEREZ2,Europe/Madrid,2022-02-10T22:59:50Z,2022-02-10 23:59:50,1644533990,41.217,-3.59,482.37,4.0,222,89,31,66,-1,16,-1,6,6,0,1,9,0,1,3,-3,-1,16,-1,6,16,-1,6,1030.92,1027.84,-0.06,0.0,0.0
ICEREZ2,Europe/Madrid,2022-02-11T22:59:50Z,2022-02-11 23:59:50,1644620390,41.217,-3.59,589.53,5.0,204,89,50,74,-1,13,0,6,7,0,1,9,0,1,5,-2,1,13,0,6,13,0,6,1029.53,1026.41,-0.09,0.0,0.0
ICEREZ2,Europe/Madrid,2022-02-12T22:59:50Z,2022-02-12 23:59:50,1644706790,41.217,-3.59,672.85,6.0,166,90,45,66,-1,14,1,8,12,0,2,20,0,3,4,0,2,14,1,8,14,1,8,1027.02,1023.03,-0.1,0.0,0.0
ICEREZ2,Europe/Madrid,2022-02-13T22:59:49Z,2022-02-13 23:59:49,1644793189,41.217,-3.59,651.93,6.0,188,94,55,79,-1,12,3,7,16,0,2,24,0,4,5,1,3,12,1,7,12,3,7,1025.03,1017.14,-0.27,5.99,3.1
ICEREZ2,Europe/Madrid,2022-02-14T22:59:48Z,2022-02-14 23:59:48,1644879588,41.217,-3.59,818.55,7.0,265,93,63,85,-1,7,0,3,17,0,4,24,0,6,4,-1,1,7,-1,3,7,0,3,1026.62,1017.54,0.36,6.6,2.49
ICEREZ2,Europe/Madrid,2022-02-15T22:59:48Z,2022-02-15 23:59:48,1644965988,41.217,-3.59,631.99,6.0,253,94,55,80,-1,8,-2,3,12,0,2,17,0,3,2,-3,-1,8,-2,3,8,-2,3,1030.14,1026.21,0.14,0.0,0.0
ICEREZ2,Europe/Madrid,2022-02-16T22:59:47Z,2022-02-16 23:59:47,1645052387,41.217,-3.59,185.58,1.0,245,90,77,85,-1,8,3,6,9,0,2,13,0,3,6,0,4,8,3,6,8,3,6,1031.43,1028.72,0.04,0.0,0.0
ICEREZ2,Europe/Madrid,2022-02-17T22:59:47Z,2022-02-17 23:59:47,1645138787,41.217,-3.59,699.64,6.0,251,98,54,82,-1,16,2,9,7,0,1,11,0,2,8,-1,5,16,2,9,16,2,9,1031.43,1025.23,-0.22,1.8,0.3
ICEREZ2,Europe/Madrid,2022-02-18T22:59:47Z,2022-02-18 23:59:47,1645225187,41.217,-3.59,630.77,6.0,244,93,53,75,-1,15,1,7,12,0,2,17,0,2,8,-2,3,15,1,7,15,1,7,1025.64,1020.42,-0.17,0.0,0.0
ICEREZ2,Europe/Madrid,2022-02-19T22:59:47Z,2022-02-19 23:59:47,1645311587,41.217,-3.59,704.04,6.0,281,92,46,74,-1,11,-3,5,11,0,2,17,0,3,5,-5,0,11,-3,5,11,-3,5,1029.33,1021.33,0.31,0.0,0.0
ICEREZ2,Europe/Madrid,2022-02-20T22:59:46Z,2022-02-20 23:59:46,1645397986,41.217,-3.59,790.78,7.0,203,91,54,76,-1,12,-5,2,9,0,1,15,0,2,3,-7,-2,12,-5,2,12,-5,2,1032.34,1029.02,0.08,0.0,0.0
ICEREZ2,Europe/Madrid,2022-02-21T22:59:47Z,2022-02-21 23:59:47,1645484387,41.217,-3.59,739.16,7.0,252,93,32,68,-1,13,-1,5,12,0,2,18,0,3,4,-7,-1,13,-1,5,13,-1,5,1033.12,1028.62,0.07,0.0,0.0
ICEREZ2,Europe/Madrid,2022-02-22T22:59:46Z,2022-02-22 23:59:46,1645570786,41.217,-3.59,685.82,6.0,234,76,10,44,-1,16,-4,5,12,0,1,15,0,2,-4,-18,-9,16,-4,5,16,-4,5,1033.73,1029.12,-0.14,0.0,0.0
ICEREZ2,Europe/Madrid,2022-02-23T22:59:45Z,2022-02-23 23:59:45,1645657185,41.217,-3.59,701.48,6.0,163,70,19,43,-1,18,-2,8,15,0,2,20,0,3,-3,-8,-5,18,-2,8,18,-2,8,1029.53,1022.72,-0.23,0.0,0.0
ICEREZ2,Europe/Madrid,2022-02-24T22:59:45Z,2022-02-24 23:59:45,1645743585,41.217,-3.59,730.47,7.0,235,78,25,53,-1,17,1,7,13,0,1,20,0,1,1,-5,-2,17,1,7,17,1,7,1025.23,1022.01,0.05,0.0,0.0
ICEREZ2,Europe/Madrid,2022-02-25T22:59:45Z,2022-02-25 23:59:45,1645829985,41.217,-3.59,436.37,4.0,231,85,53,73,-1,12,2,6,11,0,1,17,0,1,3,-1,1,12,2,6,12,2,6,1026.52,1023.94,0.0,0.0,0.0
ICEREZ2,Europe/Madrid,2022-02-26T22:59:59Z,2022-02-26 23:59:59,1645916399,41.217,-3.59,910.92,8.0,158,87,59,76,-1,11,1,6,26,0,4,42,0,6,5,-2,2,11,0,6,11,1,6,1025.03,1020.52,-0.09,0.0,0.0
ICEREZ2,Europe/Madrid,2022-02-27T22:59:59Z,2022-02-27 23:59:59,1646002799,41.217,-3.59,828.09,8.0,140,89,52,75,-1,13,2,8,17,0,2,24,0,3,5,0,4,13,2,8,13,2,8,1026.31,1022.42,0.14,0.0,0.0
ICEREZ2,Europe/Madrid,2022-02-28T22:59:59Z,2022-02-28 23:59:59,1646089199,41.217,-3.59,683.61,6.0,237,93,40,71,-1,15,-1,6,12,0,1,15,0,2,4,-2,0,15,-1,6,15,-1,6,1029.73,1025.74,0.15,0.0,0.0
ICEREZ2,Europe/Madrid,2022-03-01T22:59:58Z,2022-03-01 23:59:58,1646175598,41.217,-3.59,701.48,6.0,240,89,46,69,-1,15,-1,8,9,0,1,15,0,2,6,-3,2,15,-1,8,15,-1,8,1029.43,1025.23,-0.15,0.0,0.0
ICEREZ2,Europe/Madrid,2022-03-02T22:59:57Z,2022-03-02 23:59:57,1646261997,41.217,-3.59,992.51,9.0,257,92,57,76,-1,10,5,8,11,0,2,17,0,3,6,1,4,10,3,8,10,5,8,1026.21,1023.23,-0.03,1.8,0.71
ICEREZ2,Europe/Madrid,2022-03-03T22:59:57Z,2022-03-03 23:59:57,1646348397,41.217,-3.59,314.4,3.0,230,97,62,88,-1,11,1,5,13,0,1,20,0,2,7,0,4,11,-1,5,11,1,5,1025.13,1015.04,-0.25,6.6,20.6
ICEREZ2,Europe/Madrid,2022-03-04T22:59:57Z,2022-03-04 23:59:57,1646434797,41.217,-3.59,604.7,5.0,283,97,65,85,-1,8,-1,3,16,0,2,24,0,3,3,-2,1,8,-2,3,8,-1,3,1023.23,1018.73,0.14,4.8,3.3
ICEREZ2,Europe/Madrid,2022-03-05T22:59:57Z,2022-03-05 23:59:57,1646521197,41.217,-3.59,806.44,7.0,259,96,43,77,-1,9,-4,1,10,0,1,13,0,2,0,-5,-3,9,-4,1,9,-4,1,1022.42,1016.63,-0.19,0.0,0.0
ICEREZ2,Europe/Madrid,2022-03-06T22:59:57Z,2022-03-06 23:59:57,1646607597,41.217,-3.59,837.14,8.0,263,95,61,81,-1,6,-5,1,8,0,1,11,0,1,1,-6,-2,6,-5,1,6,-5,1,1017.91,1015.61,-0.03,0.0,0.0
ICEREZ2,Europe/Madrid,2022-03-07T22:59:57Z,2022-03-07 23:59:57,1646693997,41.217,-3.59,1847.15,14.0,160,96,61,84,-1,9,1,4,15,0,2,24,0,4,4,0,2,9,1,4,9,1,4,1017.34,1013.14,-0.1,3.0,4.09
ICEREZ2,Europe/Madrid,2022-03-08T22:59:57Z,2022-03-08 23:59:57,1646780397,41.217,-3.59,927.06,9.0,153,93,52,79,-1,10,1,5,18,0,3,31,0,5,3,0,2,10,0,5,10,1,5,1022.42,1013.72,0.32,3.0,1.19
ICEREZ2,Europe/Madrid,2022-03-09T22:59:57Z,2022-03-09 23:59:57,1646866797,41.217,-3.59,974.29,9.0,148,96,67,81,-1,9,-1,5,17,0,3,26,0,5,4,-2,2,9,-1,5,9,-1,5,1022.82,1020.62,0.01,0.0,0.0
ICEREZ2,Europe/Madrid,2022-03-10T22:59:56Z,2022-03-10 23:59:56,1646953196,41.217,-3.59,899.66,8.0,156,91,58,72,-1,13,3,8,15,0,3,26,0,4,6,1,4,13,3,8,13,3,8,1022.52,1017.61,-0.19,0.0,0.0
ICEREZ2,Europe/Madrid,2022-03-11T22:59:55Z,2022-03-11 23:59:55,1647039595,41.217,-3.59,678.84,6.0,131,96,73,85,-1,8,3,7,23,0,4,46,0,6,7,2,4,8,2,6,8,3,7,1018.32,1012.94,0.01,12.6,18.11
ICEREZ2,Europe/Madrid,2022-03-12T22:59:54Z,2022-03-12 23:59:54,1647125994,41.217,-3.59,867.61,8.0,233,97,34,76,-1,11,1,6,13,0,2,22,0,4,4,-5,1,11,1,6,11,1,6,1018.83,1013.92,-0.17,3.0,0.99
ICEREZ2,Europe/Madrid,2022-03-13T22:59:53Z,2022-03-13 23:59:53,1647212393,41.217,-3.59,2171.59,14.0,198,97,44,73,-1,12,1,6,14,0,3,28,0,4,4,-2,1,12,0,6,12,1,6,1018.42,1013.24,0.11,6.6,14.2
ICEREZ2,Europe/Madrid,2022-03-14T22:59:53Z,2022-03-14 23:59:53,1647298793,41.217,-3.59,798.12,7.0,315,93,45,69,-1,12,4,8,28,0,5,44,0,8,7,-4,3,12,0,7,12,4,8,1017.03,1010.13,-0.03,7.8,11.2
ICEREZ2,Europe/Madrid,2022-03-15T22:59:51Z,2022-03-15 23:59:51,1647385191,41.217,-3.59,391.72,3.0,170,84,32,47,-1,18,9,14,23,0,5,35,0,7,6,0,3,18,7,14,18,9,14,1019.91,1015.04,0.15,0.0,0.0
ICEREZ2,Europe/Madrid,2022-03-16T22:59:51Z,2022-03-16 23:59:51,1647471591,41.217,-3.59,133.59,1.0,154,88,37,71,-1,16,7,10,16,0,2,26,0,2,8,1,5,16,7,10,16,7,10,1022.82,1018.02,0.12,0.0,0.0
ICEREZ2,Europe/Madrid,2022-03-17T22:59:51Z,2022-03-17 23:59:51,1647557991,41.217,-3.59,145.21,1.0,334,92,66,79,-1,8,4,6,12,0,2,17,0,3,6,1,3,8,2,6,8,4,6,1027.74,1022.11,0.2,0.0,0.0
ICEREZ2,Europe/Madrid,2022-03-18T22:59:50Z,2022-03-18 23:59:50,1647644390,41.217,-3.59,590.76,5.0,226,96,55,77,-1,13,-1,6,12,0,1,18,0,1,6,-2,2,13,-1,6,13,-1,6,1027.84,1024.92,-0.03,0.0,0.0
ICEREZ2,Europe/Madrid,2022-03-19T22:59:38Z,2022-03-19 23:59:38,1647730778,41.217,-3.59,531.3,5.0,151,91,50,71,-1,13,3,8,13,0,2,22,0,3,5,1,3,13,3,8,13,3,8,1026.82,1023.74,-0.09,0.0,0.0
ICEREZ2,Europe/Madrid,2022-03-20T22:59:48Z,2022-03-20 23:59:48,1647817188,41.217,-3.59,796.9,7.0,109,82,56,69,-1,13,6,9,22,0,7,38,0,10,6,2,4,13,3,8,13,6,9,1024.62,1020.73,-0.15,0.0,0.0
ICEREZ2,Europe/Madrid,2022-03-21T22:59:47Z,2022-03-21 23:59:47,1647903587,41.217,-3.59,941.37,9.0,109,93,65,80,-1,12,7,8,27,0,5,40,0,8,8,3,5,12,4,8,12,7,8,1022.52,1019.44,0.03,3.0,4.8
ICEREZ2,Europe/Madrid,2022-03-22T22:59:47Z,2022-03-22 23:59:47,1647989987,41.217,-3.59,599.94,5.0,55,89,67,76,-1,12,6,8,22,0,4,33,0,7,7,3,4,12,3,8,12,6,8,1023.74,1020.32,0.09,1.8,0.79
ICEREZ2,Europe/Madrid,2022-03-23T22:59:46Z,2022-03-23 23:59:46,1648076386,41.217,-3.59,649.85,6.0,76,85,57,70,-1,11,5,8,22,0,4,35,0,7,4,1,2,11,3,7,11,5,8,1024.01,1021.13,-0.04,0.0,0.0
ICEREZ2,Europe/Madrid,2022-03-24T22:59:44Z,2022-03-24 23:59:44,1648162784,41.217,-3.59,148.76,1.0,156,89,66,78,-1,11,4,8,16,0,3,24,0,4,7,1,4,11,2,8,11,4,8,1023.03,1020.12,-0.03,0.0,0.0
ICEREZ2,Europe/Madrid,2022-03-25T22:59:44Z,2022-03-25 23:59:44,1648249184,41.217,-3.59,333.49,3.0,87,96,67,81,-1,12,5,9,11,0,2,17,0,3,8,4,5,12,4,9,12,5,9,1022.32,1018.93,-0.05,1.19,0.2
ICEREZ2,Europe/Madrid,2022-03-26T22:59:44Z,2022-03-26 23:59:44,1648335584,41.217,-3.59,431.6,4.0,232,91,70,82,-1,12,4,8,13,0,1,17,0,2,8,3,5,12,4,8,12,4,8,1022.93,1019.54,0.09,1.8,0.3
ICEREZ2,Europe/Madrid,2022-03-27T21:59:58Z,2022-03-27 23:59:58,1648418398,41.217,-3.59,657.19,6.0,151,95,54,73,-1,15,4,10,17,0,3,24,0,5,7,3,5,15,4,10,15,4,10,1026.21,1022.32,0.1,0.0,0.0
ICEREZ2,Europe/Madrid,2022-03-28T21:59:58Z,2022-03-28 23:59:58,1648504798,41.217,-3.59,661.11,6.0,185,77,40,60,-1,17,8,11,16,0,4,33,0,7,6,0,3,17,6,11,17,8,11,1025.64,1018.42,-0.27,0.0,0.0
ICEREZ2,Europe/Madrid,2022-03-29T21:59:56Z,2022-03-29 23:59:56,1648591196,41.217,-3.59,665.87,6.0,152,96,57,79,-1,15,7,10,15,0,2,28,0,3,9,4,7,15,7,10,15,7,10,1019.03,1009.62,-0.34,27.61,6.6
ICEREZ2,Europe/Madrid,2022-03-30T21:59:56Z,2022-03-30 23:59:56,1648677596,41.217,-3.59,198.18,1.0,262,98,81,93,-1,8,5,6,12,0,1,17,0,2,7,3,5,8,3,6,8,5,6,1010.94,1007.21,-0.01,10.8,15.49
ICEREZ2,Europe/Madrid,2022-04-01T21:59:56Z,2022-04-01 23:59:56,1648850396,41.217,-3.59,939.17,9.0,311,98,50,79,-1,5,-3,1,15,0,3,24,0,5,3,-6,-2,5,-3,1,5,-3,1,1020.62,1011.62,0.37,1.8,0.61
ICEREZ2,Europe/Madrid,2022-04-02T21:59:55Z,2022-04-02 23:59:55,1648936795,41.217,-3.59,986.39,9.0,240,94,44,75,-1,5,-5,0,13,0,3,22,0,4,-2,-7,-5,5,-5,-1,5,-5,0,1021.74,1019.74,0.02,1.19,0.2
ICEREZ2,Europe/Madrid,2022-04-03T21:59:55Z,2022-04-03 23:59:55,1649023195,41.217,-3.59,992.02,14.0,336,94,41,71,-1,8,-6,0,17,0,2,22,0,3,-2,-7,-5,8,-6,0,8,-6,0,1021.13,1015.92,-0.12,0.0,0.0
ICEREZ2,Europe/Madrid,2022-04-04T21:59:56Z,2022-04-04 23:59:56,1649109596,41.217,-3.59,798.97,7.0,227,91,26,56,-1,10,-8,1,17,0,2,24,0,4,-4,-10,-7,10,-8,1,10,-8,1,1018.63,1014.83,-0.07,0.0,0.0
ICEREZ2,Europe/Madrid,2022-04-05T21:59:56Z,2022-04-05 23:59:56,1649195996,41.217,-3.59,721.41,7.0,181,78,14,48,-1,15,-4,5,13,0,2,22,0,3,-3,-16,-7,15,-5,4,15,-4,5,1017.34,1013.51,-0.02,0.0,0.0
ICEREZ2,Europe/Madrid,2022-04-06T21:59:56Z,2022-04-06 23:59:56,1649282396,41.217,-3.59,812.43,7.0,241,85,27,59,-1,14,-3,6,12,0,2,15,0,3,2,-7,-2,14,-3,6,14,-3,6,1020.83,1014.43,0.2,0.0,0.0
ICEREZ2,Europe/Madrid,2022-04-07T21:54:50Z,2022-04-07 23:54:50,1649368490,41.217,-3.59,810.72,7.0,234,90,43,65,-1,16,4,9,13,0,3,18,0,4,5,-2,3,16,4,9,16,4,9,1024.31,1020.32,0.13,0.0,0.0
ICEREZ2,Europe/Madrid,2022-04-08T21:59:54Z,2022-04-08 23:59:54,1649455194,41.217,-3.59,970.86,9.0,248,95,54,75,-1,13,6,9,13,0,3,22,0,4,8,2,5,13,4,9,13,6,9,1024.11,1020.12,-0.11,3.0,2.01
ICEREZ2,Europe/Madrid,2022-04-09T21:59:53Z,2022-04-09 23:59:53,1649541593,41.217,-3.59,862.83,8.0,262,99,41,76,-1,16,5,10,10,0,2,15,0,3,8,2,5,16,5,10,16,5,10,1021.84,1019.44,-0.01,4.8,4.39
ICEREZ2,Europe/Madrid,2022-04-10T21:59:51Z,2022-04-10 23:59:51,1649627991,41.217,-3.59,825.04,14.0,131,87,47,67,-1,19,4,12,28,0,6,46,0,9,9,2,6,19,4,12,19,4,12,1021.13,1011.14,-0.37,0.0,0.0
ICEREZ2,Europe/Madrid,2022-04-11T21:59:50Z,2022-04-11 23:59:50,1649714390,41.217,-3.59,992.51,9.0,151,86,33,58,-1,20,9,14,32,0,6,53,0,10,8,2,6,20,6,14,20,9,14,1013.51,1007.11,-0.05,0.0,0.0
ICEREZ2,Europe/Madrid,2022-04-12T21:59:50Z,2022-04-12 23:59:50,1649800790,41.217,-3.59,985.54,9.0,190,99,53,79,-1,14,5,9,17,0,3,28,0,5,8,3,6,14,5,9,14,5,9,1015.92,1010.53,0.2,11.99,7.8
ICEREZ2,Europe/Madrid,2022-04-13T21:59:49Z,2022-04-13 23:59:49,1649887189,41.217,-3.59,1048.91,10.0,277,97,47,80,-1,16,2,9,10,0,2,17,0,2,8,1,5,16,2,9,16,2,9,1021.03,1015.14,0.22,0.0,0.0
ICEREZ2,Europe/Madrid,2022-04-14T21:59:48Z,2022-04-14 23:59:48,1649973588,41.217,-3.59,1023.34,9.0,231,96,49,75,-1,19,3,11,9,0,1,11,0,2,10,2,6,19,3,11,19,3,11,1024.72,1019.81,0.15,0.0,0.0
ICEREZ2,Europe/Madrid,2022-04-15T21:59:46Z,2022-04-15 23:59:46,1650059986,41.217,-3.59,849.75,8.0,226,96,32,65,-1,21,4,13,8,0,1,13,0,2,9,1,5,21,4,13,21,4,13,1027.33,1024.11,0.1,0.0,0.0
ICEREZ2,Europe/Madrid,2022-04-16T21:59:46Z,2022-04-16 23:59:46,1650146386,41.217,-3.59,900.15,8.0,251,90,33,61,-1,21,5,13,17,0,2,24,0,3,8,3,5,21,5,13,21,5,13,1027.53,1024.11,-0.08,0.0,0.0
ICEREZ2,Europe/Madrid,2022-04-17T21:55:35Z,2022-04-17 23:55:35,1650232535,41.217,-3.59,831.15,8.0,222,78,15,50,-1,21,4,13,8,0,2,13,0,2,8,-9,2,21,4,13,21,4,13,1025.33,1011.14,-0.54,0.0,0.0
ICEREZ2,Europe/Madrid,2022-04-18T21:59:45Z,2022-04-18 23:59:45,1650319185,41.217,-3.59,855.37,8.0,237,80,23,53,-1,23,2,13,9,0,2,13,0,2,6,-3,3,23,2,13,22,2,13,1012.53,1005.72,-0.26,0.0,0.0
ICEREZ2,Europe/Madrid,2022-04-19T21:59:59Z,2022-04-19 23:59:59,1650405599,41.217,-3.59,187.78,1.0,289,98,70,89,-1,11,1,7,13,0,2,18,0,2,8,1,5,11,0,7,11,1,7,1006.54,1002.91,-0.13,7.8,10.9
ICEREZ2,Europe/Madrid,2022-04-20T21:59:59Z,2022-04-20 23:59:59,1650491999,41.217,-3.59,869.68,8.0,311,99,66,88,-1,7,0,3,19,0,3,31,0,5,3,0,1,7,-1,3,7,0,3,1005.42,1000.03,0.09,9.6,30.99
ICEREZ2,Europe/Madrid,2022-04-21T21:59:59Z,2022-04-21 23:59:59,1650578399,41.217,-3.59,928.29,9.0,282,93,57,79,-1,12,2,6,9,0,1,17,0,1,5,1,2,12,1,6,12,2,6,1013.34,999.42,0.3,0.0,0.0
ICEREZ2,Europe/Madrid,2022-04-22T21:59:58Z,2022-04-22 23:59:58,1650664798,41.217,-3.59,367.37,3.0,132,92,75,83,-1,8,4,6,22,0,5,37,0,8,5,2,3,8,0,5,8,4,6,1012.43,1002.44,-0.34,3.0,1.8
ICEREZ2,Europe/Madrid,2022-04-23T21:59:57Z,2022-04-23 23:59:57,1650751197,41.217,-3.59,1017.22,9.0,231,98,80,92,-1,6,1,4,19,0,3,37,0,5,4,0,3,6,-1,3,6,1,4,1016.32,1002.54,0.51,5.99,19.99
ICEREZ2,Europe/Madrid,2022-04-24T21:59:57Z,2022-04-24 23:59:57,1650837597,41.217,-3.59,1090.51,10.0,255,97,52,73,-1,14,0,8,9,0,2,13,0,3,6,0,3,14,0,8,14,0,8,1021.64,1016.22,0.22,0.0,0.0
ICEREZ2,Europe/Madrid,2022-04-25T21:59:56Z,2022-04-25 23:59:56,1650923996,41.217,-3.59,954.71,9.0,175,93,35,62,-1,19,1,11,14,0,2,18,0,3,6,0,3,19,1,11,19,1,11,1021.64,1018.63,-0.07,0.0,0.0
ICEREZ2,Europe/Madrid,2022-04-26T21:59:56Z,2022-04-26 23:59:56,1651010396,41.217,-3.59,1151.3,11.0,174,97,40,66,-1,20,5,12,15,0,2,22,0,3,10,2,6,20,5,12,20,5,12,1022.72,1019.13,0.11,60.6,17.3
ICEREZ2,Europe/Madrid,2022-04-27T21:59:31Z,2022-04-27 23:59:31,1651096771,41.217,-3.59,706.61,6.0,228,99,53,85,-1,15,8,10,10,0,1,17,0,1,9,4,7,15,7,10,15,8,10,1025.53,1021.54,0.1,4.19,4.6
ICEREZ2,Europe/Madrid,2022-04-28T21:59:54Z,2022-04-28 23:59:54,1651183194,41.217,-3.59,1109.59,10.0,307,97,62,85,-1,15,6,10,13,0,1,20,0,2,10,4,7,15,6,10,15,6,10,1031.53,1024.72,0.26,3.0,2.31
ICEREZ2,Europe/Madrid,2022-04-29T21:59:52Z,2022-04-29 23:59:52,1651269592,41.217,-3.59,1023.71,9.0,243,95,42,69,-1,20,3,12,10,0,1,15,0,2,10,2,6,20,3,12,20,3,12,1032.92,1029.73,0.01,0.0,0.0
ICEREZ2,Europe/Madrid,2022-04-30T21:59:52Z,2022-04-30 23:59:52,1651355992,41.217,-3.59,813.78,7.0,248,94,42,70,-1,20,7,13,14,0,2,20,0,3,11,5,8,20,7,13,20,7,13,1031.73,1027.84,-0.13,0.0,0.0
ICEREZ2,Europe/Madrid,2022-05-01T21:59:51Z,2022-05-01 23:59:51,1651442391,41.217,-3.59,1005.11,9.0,249,95,30,66,-1,22,6,14,12,0,2,15,0,2,11,3,7,22,6,14,21,6,14,1028.82,1022.72,-0.22,0.0,0.0
ICEREZ2,Europe/Madrid,2022-05-02T21:59:50Z,2022-05-02 23:59:50,1651528790,41.217,-3.59,264.98,2.0,232,98,75,90,-1,11,6,9,9,0,1,13,0,1,10,4,7,11,6,9,11,6,9,1023.23,1012.94,-0.38,12.6,12.4
ICEREZ2,Europe/Madrid,2022-05-03T21:59:47Z,2022-05-03 23:59:47,1651615187,41.217,-3.59,974.78,9.0,33,98,69,85,-1,12,5,9,17,0,4,22,0,5,8,5,7,12,4,9,12,5,9,1018.42,1013.04,0.17,0.0,0.0
ICEREZ2,Europe/Madrid,2022-05-04T21:59:37Z,2022-05-04 23:59:37,1651701577,41.217,-3.59,1176.01,11.0,6,93,44,72,-1,18,4,12,15,0,3,24,0,4,9,3,7,18,3,12,18,4,12,1022.11,1017.14,0.15,0.0,0.0
ICEREZ2,Europe/Madrid,2022-05-05T21:59:46Z,2022-05-05 23:59:46,1651787986,41.217,-3.59,1002.91,9.0,262,98,36,61,-1,19,3,13,9,0,2,15,0,3,8,2,5,19,3,13,19,3,13,1025.94,1021.33,0.16,0.0,0.0
ICEREZ2,Europe/Madrid,2022-05-06T21:59:45Z,2022-05-06 23:59:45,1651874385,41.217,-3.59,1018.08,9.0,248,95,29,65,-1,20,1,11,11,0,2,15,0,3,6,0,3,20,1,11,20,1,11,1025.74,1023.23,-0.02,0.0,0.0
ICEREZ2,Europe/Madrid,2022-05-07T21:59:59Z,2022-05-07 23:59:59,1651960799,41.217,-3.59,1019.79,9.0,246,91,32,62,-1,21,2,12,14,0,2,18,0,2,7,0,4,21,2,12,21,2,12,1025.23,1021.74,-0.07,0.0,0.0
ICEREZ2,Europe/Madrid,2022-05-08T21:59:44Z,2022-05-08 23:59:44,1652047184,41.217,-3.59,1027.25,9.0,225,89,24,56,-1,23,4,13,12,0,2,15,0,3,7,-2,3,23,4,13,22,4,13,1023.94,1021.13,0.0,0.0,0.0
ICEREZ2,Europe/Madrid,2022-05-09T21:59:59Z,2022-05-09 23:59:59,1652133599,41.217,-3.59,1015.51,9.0,216,81,22,52,-1,24,6,15,10,0,2,15,0,2,8,1,4,24,6,15,24,6,15,1025.03,1022.32,0.04,0.0,0.0
ICEREZ2,Europe/Madrid,2022-05-10T21:59:58Z,2022-05-10 23:59:58,1652219998,41.217,-3.59,956.05,9.0,187,72,27,47,-1,28,7,18,12,0,2,18,0,2,11,0,6,28,7,18,27,7,18,1025.13,1021.91,-0.08,0.0,0.0
ICEREZ2,Europe/Madrid,2022-05-11T21:59:56Z,2022-05-11 23:59:56,1652306396,41.217,-3.59,975.63,9.0,171,80,32,54,-1,28,11,20,13,0,2,18,0,2,12,7,9,28,11,20,27,11,19,1023.03,1019.91,-0.04,0.0,0.0
ICEREZ2,Europe/Madrid,2022-05-12T21:59:55Z,2022-05-12 23:59:55,1652392795,41.217,-3.59,970.37,9.0,159,82,30,47,-1,26,13,20,17,0,4,29,0,6,11,5,8,26,13,20,25,13,19,1021.91,1011.92,-0.24,0.0,0.0
ICEREZ2,Europe/Madrid,2022-05-13T21:59:53Z,2022-05-13 23:59:53,1652479193,41.217,-3.59,1033.25,14.0,195,90,32,58,-1,27,9,18,10,0,1,17,0,2,12,7,9,27,9,18,26,9,18,1016.32,1013.72,-0.03,0.0,0.0
ICEREZ2,Europe/Madrid,2022-05-14T21:59:52Z,2022-05-14 23:59:52,1652565592,41.217,-3.59,1120.47,10.0,187,93,40,67,-1,24,12,17,15,0,2,22,0,3,14,8,11,24,12,17,23,12,17,1015.51,1009.52,-0.21,5.99,3.61
ICEREZ2,Europe/Madrid,2022-05-15T21:59:51Z,2022-05-15 23:59:51,1652651991,41.217,-3.59,935.63,9.0,142,74,39,57,-1,23,13,18,21,0,3,31,0,5,11,6,9,23,13,18,22,13,18,1013.34,1008.03,0.13,0.0,0.0
ICEREZ2,Europe/Madrid,2022-05-16T21:59:50Z,2022-05-16 23:59:50,1652738390,41.217,-3.59,1002.54,9.0,173,89,34,60,-1,25,6,16,12,0,2,22,0,3,11,4,8,25,6,16,24,6,16,1016.32,1012.73,0.12,0.0,0.0
ICEREZ2,Europe/Madrid,2022-05-17T21:59:49Z,2022-05-17 23:59:49,1652824789,41.217,-3.59,1053.19,10.0,235,92,35,63,-1,26,7,17,9,0,2,15,0,2,12,6,9,26,7,17,26,7,17,1016.63,1014.33,-0.02,0.0,0.0
ICEREZ2,Europe/Madrid,2022-05-18T21:59:47Z,2022-05-18 23:59:47,1652911187,41.217,-3.59,1029.34,9.0,170,89,24,53,-1,29,10,20,14,0,2,22,0,3,12,5,9,29,10,20,27,10,20,1016.02,1011.72,-0.1,0.0,0.0
ICEREZ2,Europe/Madrid,2022-05-19T21:59:46Z,2022-05-19 23:59:46,1652997586,41.217,-3.59,957.77,9.0,208,69,29,45,-1,30,13,23,18,0,3,28,0,4,13,5,10,30,13,23,29,13,22,1014.63,1012.02,0.05,0.0,0.0
ICEREZ2,Europe/Madrid,2022-05-20T21:59:45Z,2022-05-20 23:59:45,1653083985,41.217,-3.59,937.83,9.0,124,48,21,33,-1,32,19,25,28,0,7,42,0,12,11,5,8,32,19,25,30,19,24,1017.34,1013.34,0.08,0.0,0.0
ICEREZ2,Europe/Madrid,2022-05-21T21:59:44Z,2022-05-21 23:59:44,1653170384,41.217,-3.59,808.15,7.0,127,57,21,38,-1,31,21,25,21,0,5,40,0,8,14,3,10,31,21,25,30,20,25,1016.22,1011.14,-0.2,0.0,0.0
ICEREZ2,Europe/Madrid,2022-05-22T21:59:58Z,2022-05-22 23:59:58,1653256798,41.217,-3.59,1013.8,9.0,142,70,25,46,-1,26,16,21,20,0,5,31,0,7,11,4,9,26,16,21,25,16,21,1011.92,1006.64,-0.09,0.0,0.0
ICEREZ2,Europe/Madrid,2022-05-23T21:59:56Z,2022-05-23 23:59:56,1653343196,41.217,-3.59,1218.96,11.0,261,91,31,68,-1,23,11,16,10,0,2,17,0,3,12,5,10,23,11,16,23,11,16,1009.52,1005.62,-0.08,0.0,0.0
ICEREZ2,Europe/Madrid,2022-05-24T21:59:55Z,2022-05-24 23:59:55,1653429595,41.217,-3.59,922.66,8.0,269,87,40,68,-1,15,4,12,13,0,2,18,0,3,9,0,6,15,4,12,15,4,12,1011.41,1005.52,0.16,0.0,0.0
ICEREZ2,Europe/Madrid,2022-05-25T21:59:54Z,2022-05-25 23:59:54,1653515994,41.217,-3.59,1270.58,12.0,272,94,37,68,-1,18,1,9,14,0,2,28,0,4,5,0,3,18,1,9,18,1,9,1018.73,1010.94,0.31,0.0,0.0
ICEREZ2,Europe/Madrid,2022-05-26T21:59:53Z,2022-05-26 23:59:53,1653602393,41.217,-3.59,1000.71,14.0,265,94,26,59,-1,25,2,13,17,0,2,24,0,4,8,0,4,25,2,13,24,2,13,1018.93,1015.92,-0.01,0.0,0.0
ICEREZ2,Europe/Madrid,2022-05-27T21:59:53Z,2022-05-27 23:59:53,1653688793,41.217,-3.59,1012.08,9.0,155,86,20,51,-1,29,4,17,15,0,2,24,0,3,10,2,5,29,4,17,27,4,17,1018.42,1012.73,-0.18,0.0,0.0
ICEREZ2,Europe/Madrid,2022-05-28T21:59:51Z,2022-05-28 23:59:51,1653775191,41.217,-3.59,1001.56,9.0,164,74,20,43,-1,30,10,21,11,0,2,17,0,2,11,4,7,30,10,21,29,10,20,1014.12,1007.01,-0.28,0.0,0.0
ICEREZ2,Europe/Madrid,2022-05-29T21:59:50Z,2022-05-29 23:59:50,1653861590,41.217,-3.59,1009.03,9.0,190,93,19,56,-1,30,9,18,11,0,1,18,0,2,15,3,8,30,9,18,28,9,18,1007.42,1001.22,-0.17,49.2,10.59
ICEREZ2,Europe/Madrid,2022-05-30T21:59:48Z,2022-05-30 23:59:48,1653947988,41.217,-3.59,1156.08,11.0,231,96,43,75,-1,22,9,16,7,0,1,11,0,2,13,8,11,22,9,16,22,9,15,1008.74,1002.81,0.22,0.0,0.0
ICEREZ2,Europe/Madrid,2022-05-31T21:59:48Z,2022-05-31 23:59:48,1654034388,41.217,-3.59,1043.28,10.0,191,95,29,61,-1,26,7,17,15,0,2,24,0,3,12,6,8,26,7,17,26,7,17,1009.92,1007.42,0.03,0.0,0.0
ICEREZ2,Europe/Madrid,2022-06-01T20:19:46Z,2022-06-01 22:19:46,1654114786,41.217,-3.59,983.46,9.0,144,71,27,45,-1,26,11,19,17,0,3,26,0,5,12,4,7,26,11,19,26,11,19,1010.63,1008.23,0.05,0.0,0.0
ICEREZ2,Europe/Madrid,2022-06-02T21:59:45Z,2022-06-02 23:59:45,1654207185,41.217,-3.59,1040.71,10.0,152,92,29,59,-1,26,9,18,17,0,3,24,0,4,12,6,9,26,9,18,25,9,18,1010.74,1007.62,-0.04,0.0,0.0
ICEREZ2,Europe/Madrid,2022-06-03T21:59:44Z,2022-06-03 23:59:44,1654293584,41.217,-3.59,1081.45,10.0,165,85,27,52,-1,25,9,18,18,0,3,24,0,4,11,4,8,25,9,18,25,9,18,1010.43,1007.82,0.03,0.0,0.0
ICEREZ2,Europe/Madrid,2022-06-04T21:59:58Z,2022-06-04 23:59:58,1654379998,41.217,-3.59,1055.03,10.0,162,84,26,54,-1,25,8,17,15,0,3,22,0,4,11,3,7,25,8,17,24,8,17,1013.82,1009.11,0.13,1.8,0.3
ICEREZ2,Europe/Madrid,2022-06-05T21:59:58Z,2022-06-05 23:59:58,1654466398,41.217,-3.59,1105.3,14.0,229,91,28,57,-1,27,8,18,9,0,2,15,0,2,11,6,8,27,8,18,26,8,18,1016.02,1013.24,0.08,0.0,0.0
ICEREZ2,Europe/Madrid,2022-06-06T21:59:57Z,2022-06-06 23:59:57,1654552797,41.217,-3.59,1132.22,11.0,219,81,28,51,-1,27,9,18,13,0,2,26,0,2,9,5,7,27,9,18,27,9,18,1016.02,1013.82,0.02,0.0,0.0
ICEREZ2,Europe/Madrid,2022-06-07T21:59:55Z,2022-06-07 23:59:55,1654639195,41.217,-3.59,959.97,9.0,250,88,23,54,-1,29,10,19,9,0,1,17,0,2,13,5,9,29,10,19,28,10,19,1016.02,1011.41,-0.14,0.0,0.0
ICEREZ2,Europe/Madrid,2022-06-08T21:59:53Z,2022-06-08 23:59:53,1654725593,41.217,-3.59,1191.18,11.0,252,80,46,64,-1,24,13,18,10,0,2,15,0,3,14,6,11,24,13,18,23,13,18,1015.14,1011.82,0.1,0.0,0.0
ICEREZ2,Europe/Madrid,2022-06-09T21:59:52Z,2022-06-09 23:59:52,1654811992,41.217,-3.59,948.71,9.0,258,89,28,64,-1,28,12,19,12,0,1,15,0,2,14,8,11,28,12,19,27,12,19,1016.63,1011.92,-0.03,0.0,0.0
ICEREZ2,Europe/Madrid,2022-06-10T21:59:50Z,2022-06-10 23:59:50,1654898390,41.217,-3.59,1037.17,10.0,173,80,16,47,-1,34,9,20,9,0,1,13,0,2,10,3,7,34,9,20,32,9,20,1014.43,1010.74,-0.09,0.0,0.0
ICEREZ2,Europe/Madrid,2022-06-11T21:59:49Z,2022-06-11 23:59:49,1654984789,41.217,-3.59,1237.67,12.0,137,56,26,38,-1,33,16,25,17,0,3,28,0,5,14,1,9,33,16,25,31,16,24,1015.14,1011.04,0.03,1.8,0.3
ICEREZ2,Europe/Madrid,2022-06-12T21:59:48Z,2022-06-12 23:59:48,1655071188,41.217,-3.59,1028.97,9.0,191,47,21,33,-1,32,23,26,23,0,5,37,0,7,12,1,9,32,23,26,30,22,25,1013.82,1010.74,-0.06,0.0,0.0
ICEREZ2,Europe/Madrid,2022-06-13T21:59:46Z,2022-06-13 23:59:46,1655157586,41.217,-3.59,950.92,9.0,141,46,20,28,-1,36,21,29,15,0,3,28,0,5,12,4,8,36,21,29,34,20,27,1012.33,1008.74,-0.03,0.0,0.0
ICEREZ2,Europe/Madrid,2022-06-14T21:59:45Z,2022-06-14 23:59:45,1655243985,41.217,-3.59,938.68,9.0,154,58,18,35,-1,36,18,27,15,0,2,24,0,3,17,6,9,36,18,27,34,18,26,1011.14,1008.13,0.0,0.0,0.0
ICEREZ2,Europe/Madrid,2022-06-15T21:59:44Z,2022-06-15 23:59:44,1655330384,41.217,-3.59,901.37,8.0,183,61,18,36,-1,36,15,26,19,0,2,31,0,3,14,6,9,36,15,26,34,15,25,1012.73,1009.62,0.04,0.0,0.0
ICEREZ2,Europe/Madrid,2022-06-16T21:59:58Z,2022-06-16 23:59:58,1655416798,41.217,-3.59,911.77,8.0,165,81,17,40,-1,36,17,27,16,0,2,24,0,3,17,6,11,36,17,27,34,17,26,1018.42,1011.51,0.24,11.99,2.21
ICEREZ2,Europe/Madrid,2022-06-17T21:59:57Z,2022-06-17 23:59:57,1655503197,41.217,-3.59,858.43,8.0,114,87,16,44,-1,36,14,26,20,0,3,40,0,5,15,6,11,36,14,26,34,14,26,1018.12,1011.72,-0.17,4.8,2.31
ICEREZ2,Europe/Madrid,2022-06-18T21:59:56Z,2022-06-18 23:59:56,1655589596,41.217,-3.59,984.68,9.0,142,50,16,25,-1,35,21,29,22,0,5,31,0,7,11,2,7,35,21,29,33,20,28,1013.72,1002.91,-0.42,0.0,0.0
ICEREZ2,Europe/Madrid,2022-06-19T21:59:55Z,2022-06-19 23:59:55,1655675995,41.217,-3.59,894.52,8.0,163,76,31,51,-1,27,12,20,18,0,3,28,0,5,12,6,9,27,12,20,26,12,20,1005.22,1002.64,0.05,0.0,0.0
ICEREZ2,Europe/Madrid,2022-06-20T21:59:54Z,2022-06-20 23:59:54,1655762394,41.217,-3.59,1058.94,10.0,160,86,27,53,-1,25,10,18,17,0,3,28,0,4,11,2,8,25,10,18,25,10,18,1006.43,1003.01,0.07,0.0,0.0
ICEREZ2,Europe/Madrid,2022-06-21T21:59:52Z,2022-06-21 23:59:52,1655848792,41.217,-3.59,1030.68,10.0,168,84,22,47,-1,25,6,17,18,0,3,28,0,4,7,1,4,25,6,17,24,6,17,1006.94,1001.02,-0.14,0.0,0.0
ICEREZ2,Europe/Madrid,2022-06-22T21:59:51Z,2022-06-22 23:59:51,1655935191,41.217,-3.59,1205.5,11.0,208,86,37,58,-1,22,8,16,11,0,2,20,0,3,10,3,7,22,8,16,21,8,16,1006.54,1002.91,0.14,1.8,0.3
ICEREZ2,Europe/Madrid,2022-06-23T21:59:51Z,2022-06-23 23:59:51,1656021591,41.217,-3.59,1189.84,11.0,218,97,49,79,-1,20,10,14,13,0,1,20,0,2,14,8,10,20,10,14,20,10,14,1009.62,1004.54,0.12,30.61,23.09
ICEREZ2,Europe/Madrid,2022-06-24T21:59:49Z,2022-06-24 23:59:49,1656107989,41.217,-3.59,1032.03,10.0,253,98,35,72,-1,23,9,15,10,0,1,15,0,2,11,6,9,23,9,15,22,9,15,1009.62,1006.13,-0.08,3.0,0.79
ICEREZ2,Europe/Madrid,2022-06-25T21:59:47Z,2022-06-25 23:59:47,1656194387,41.217,-3.59,1178.22,11.0,245,93,43,68,-1,23,8,16,8,0,1,11,0,2,11,7,9,23,8,16,22,8,16,1007.72,1003.32,-0.1,0.0,0.0
ICEREZ2,Europe/Madrid,2022-06-26T21:59:46Z,2022-06-26 23:59:46,1656280786,41.217,-3.59,986.88,9.0,245,86,26,53,-1,24,7,16,9,0,1,13,0,2,9,3,6,24,7,16,24,7,16,1005.83,1002.64,0.04,0.0,0.0
ICEREZ2,Europe/Madrid,2022-06-27T21:59:45Z,2022-06-27 23:59:45,1656367185,41.217,-3.59,1128.67,10.0,260,92,31,62,-1,25,7,15,11,0,2,18,0,2,11,6,8,25,7,15,24,7,15,1013.24,1005.52,0.3,0.0,0.0
ICEREZ2,Europe/Madrid,2022-06-28T21:59:44Z,2022-06-28 23:59:44,1656453584,41.217,-3.59,978.2,9.0,228,90,18,50,-1,28,7,18,9,0,1,11,0,2,9,1,5,28,7,18,27,7,17,1014.12,1008.64,0.04,0.0,0.0
ICEREZ2,Europe/Madrid,2022-06-29T21:59:59Z,2022-06-29 23:59:59,1656539999,41.217,-3.59,980.77,9.0,218,75,18,45,-1,30,9,20,12,0,2,17,0,2,10,3,6,30,9,20,29,9,19,1013.92,1007.42,-0.17,0.0,0.0
ICEREZ2,Europe/Madrid,2022-07-01T21:59:57Z,2022-07-01 23:59:57,1656712797,41.217,-3.59,984.68,9.0,189,86,22,49,-1,30,6,19,9,0,2,15,0,2,9,3,6,30,6,19,28,6,18,1013.82,1011.72,0.01,0.0,0.0
ICEREZ2,Europe/Madrid,2022-07-02T21:59:56Z,2022-07-02 23:59:56,1656799196,41.217,-3.59,980.4,9.0,188,70,25,46,-1,34,16,25,12,0,2,18,0,3,16,5,12,34,16,25,33,16,25,1015.24,1012.94,0.07,0.0,0.0
ICEREZ2,Europe/Madrid,2022-07-03T21:59:54Z,2022-07-03 23:59:54,1656885594,41.217,-3.59,1100.05,10.0,155,74,21,45,-1,33,18,26,17,0,3,26,0,5,16,5,12,33,18,26,32,18,25,1015.24,1011.31,-0.04,0.0,0.0
ICEREZ2,Europe/Madrid,2022-07-04T21:59:52Z,2022-07-04 23:59:52,1656971992,41.217,-3.59,1034.59,10.0,220,84,21,51,-1,33,13,23,12,0,2,17,0,2,14,5,11,33,13,23,31,13,22,1014.12,1011.62,-0.01,0.0,0.0
ICEREZ2,Europe/Madrid,2022-07-05T21:59:52Z,2022-07-05 23:59:52,1657058392,41.217,-3.59,986.39,9.0,166,70,12,37,-1,34,11,23,15,0,2,22,0,3,12,0,5,34,11,23,31,11,22,1014.63,1011.24,0.03,0.0,0.0
ICEREZ2,Europe/Madrid,2022-07-06T21:59:50Z,2022-07-06 23:59:50,1657144790,41.217,-3.59,898.31,8.0,229,93,35,69,-1,26,13,18,23,0,2,38,0,3,16,3,12,26,13,18,26,13,18,1020.32,1014.33,0.22,48.59,13.69
ICEREZ2,Europe/Madrid,2022-07-07T21:59:49Z,2022-07-07 23:59:49,1657231189,41.217,-3.59,985.17,9.0,246,94,23,58,-1,28,9,19,15,0,2,26,0,3,13,4,9,28,9,19,27,9,19,1022.32,1019.64,0.08,0.0,0.0
ICEREZ2,Europe/Madrid,2022-07-08T21:59:48Z,2022-07-08 23:59:48,1657317588,41.217,-3.59,988.6,9.0,230,90,16,53,-1,33,9,21,11,0,1,15,0,2,12,2,9,33,9,21,31,9,20,1021.91,1018.63,-0.08,0.0,0.0
ICEREZ2,Europe/Madrid,2022-07-09T21:59:47Z,2022-07-09 23:59:47,1657403987,41.217,-3.59,981.63,9.0,225,78,12,42,-1,35,12,23,8,0,1,11,0,2,13,0,7,35,12,23,32,12,22,1020.32,1017.03,-0.08,0.0,0.0
ICEREZ2,Europe/Madrid,2022-07-10T21:59:46Z,2022-07-10 23:59:46,1657490386,41.217,-3.59,985.17,9.0,217,71,12,38,-1,35,12,24,10,0,1,15,0,2,12,0,6,35,12,24,32,12,23,1018.32,1013.34,-0.17,0.0,0.0
ICEREZ2,Europe/Madrid,2022-07-11T21:59:45Z,2022-07-11 23:59:45,1657576785,41.217,-3.59,1071.05,10.0,170,61,17,37,-1,35,15,25,11,0,1,17,0,2,12,5,8,35,15,25,33,15,24,1015.82,1011.92,0.07,0.0,0.0
ICEREZ2,Europe/Madrid,2022-07-12T21:59:59Z,2022-07-12 23:59:59,1657663199,41.217,-3.59,948.71,9.0,176,51,17,31,-1,36,20,28,13,0,2,18,0,3,13,6,9,36,20,28,35,20,27,1018.93,1015.14,0.13,0.0,0.0
ICEREZ2,Europe/Madrid,2022-07-13T21:59:57Z,2022-07-13 23:59:57,1657749597,41.217,-3.59,885.34,8.0,211,64,16,37,-1,37,17,27,10,0,1,15,0,2,15,6,10,37,17,27,35,17,26,1019.74,1017.54,0.04,0.0,0.0
ICEREZ2,Europe/Madrid,2022-07-14T21:59:57Z,2022-07-14 23:59:57,1657835997,41.217,-3.59,895.37,8.0,160,57,11,31,-1,38,17,28,19,0,2,29,0,3,16,1,7,38,17,28,35,17,27,1019.74,1015.82,-0.11,0.0,0.0
ICEREZ2,Europe/Madrid,2022-07-15T21:59:54Z,2022-07-15 23:59:54,1657922394,41.217,-3.59,901.0,14.0,178,42,13,24,-1,38,18,28,11,0,2,18,0,3,14,-1,6,38,18,28,35,18,27,1017.44,1013.61,-0.07,0.0,0.0
ICEREZ2,Europe/Madrid,2022-07-16T21:59:54Z,2022-07-16 23:59:54,1658008794,41.217,-3.59,897.09,8.0,150,41,13,24,-1,38,23,31,16,0,4,28,0,5,11,1,7,38,23,31,36,22,29,1017.03,1014.53,0.06,0.0,0.0
ICEREZ2,Europe/Madrid,2022-07-17T21:59:52Z,2022-07-17 23:59:52,1658095192,41.217,-3.59,884.98,8.0,150,36,16,24,-1,37,24,31,15,0,3,26,0,4,12,5,8,37,24,31,35,23,29,1018.12,1015.61,0.02,0.0,0.0
ICEREZ2,Europe/Madrid,2022-07-18T21:59:52Z,2022-07-18 23:59:52,1658181592,41.217,-3.59,914.83,8.0,134,38,15,25,-1,36,24,30,23,0,5,37,0,8,11,5,8,36,24,30,34,23,29,1017.34,1012.63,-0.14,0.0,0.0
ICEREZ2,Europe/Madrid,2022-07-19T21:59:50Z,2022-07-19 23:59:50,1658267990,41.217,-3.59,919.23,8.0,217,65,21,39,-1,32,15,25,11,0,2,20,0,3,13,3,9,32,15,25,31,15,24,1017.14,1013.61,0.13,0.0,0.0
ICEREZ2,Europe/Madrid,2022-07-20T21:59:49Z,2022-07-20 23:59:49,1658354389,41.217,-3.59,872.75,8.0,225,76,22,44,-1,33,12,23,12,0,2,17,0,2,12,6,9,33,12,23,31,12,22,1018.12,1015.51,0.03,0.0,0.0
ICEREZ2,Europe/Madrid,2022-07-21T21:59:48Z,2022-07-21 23:59:48,1658440788,41.217,-3.59,922.29,8.0,140,57,18,34,-1,36,17,28,16,0,4,28,0,6,14,6,10,36,17,28,34,17,27,1017.61,1014.33,-0.08,0.0,0.0
ICEREZ2,Europe/Madrid,2022-07-22T21:59:47Z,2022-07-22 23:59:47,1658527187,41.217,-3.59,1008.54,9.0,180,58,15,32,-1,35,17,27,14,0,2,24,0,3,13,1,8,35,17,27,33,17,26,1016.63,1013.51,0.03,0.0,0.0
ICEREZ2,Europe/Madrid,2022-07-23T21:59:46Z,2022-07-23 23:59:46,1658613586,41.217,-3.59,931.83,9.0,223,60,10,33,-1,35,13,25,12,0,1,17,0,2,9,-2,5,35,13,25,33,13,23,1016.93,1014.33,0.03,0.0,0.0
ICEREZ2,Europe/Madrid,2022-07-24T21:59:45Z,2022-07-24 23:59:45,1658699985,41.217,-3.59,928.29,9.0,213,50,10,27,-1,36,15,26,9,0,2,15,0,3,12,-1,5,36,15,26,33,15,25,1017.24,1014.63,0.01,0.0,0.0
ICEREZ2,Europe/Madrid,2022-07-25T21:59:44Z,2022-07-25 23:59:44,1658786384,41.217,-3.59,933.54,9.0,233,60,16,34,-1,32,14,24,10,0,2,18,0,2,12,1,6,32,14,24,30,14,23,1017.91,1015.34,-0.02,0.0,0.0
ICEREZ2,Europe/Madrid,2022-07-26T21:59:58Z,2022-07-26 23:59:58,1658872798,41.217,-3.59,908.34,8.0,304,77,23,48,-1,31,12,22,10,0,2,15,0,2,14,6,9,31,12,22,29,12,21,1016.93,1012.84,-0.09,0.0,0.0
ICEREZ2,Europe/Madrid,2022-07-27T21:59:57Z,2022-07-27 23:59:57,1658959197,41.217,-3.59,926.09,9.0,242,77,23,46,-1,32,12,23,15,0,1,20,0,2,12,7,9,32,12,23,30,12,22,1014.83,1009.62,-0.11,0.0,0.0
ICEREZ2,Europe/Madrid,2022-07-28T21:59:56Z,2022-07-28 23:59:56,1659045596,41.217,-3.59,912.26,8.0,240,61,20,41,-1,32,14,23,10,0,2,18,0,2,11,4,8,32,14,23,30,14,22,1012.84,1010.02,0.03,0.0,0.0
ICEREZ2,Europe/Madrid,2022-07-29T21:59:54Z,2022-07-29 23:59:54,1659131994,41.217,-3.59,914.83,8.0,230,71,23,44,-1,32,13,23,12,0,2,20,0,3,13,7,9,32,13,23,31,13,22,1016.22,1011.72,0.14,0.0,0.0
ICEREZ2,Europe/Madrid,2022-07-30T21:59:53Z,2022-07-30 23:59:53,1659218393,41.217,-3.59,916.54,8.0,244,80,25,48,-1,34,12,24,13,0,2,22,0,3,15,9,11,34,12,24,33,12,23,1017.03,1013.41,0.03,0.0,0.0
ICEREZ2,Europe/Madrid,2022-07-31T21:59:51Z,2022-07-31 23:59:51,1659304791,41.217,-3.59,896.24,8.0,246,69,20,38,-1,34,17,26,10,0,2,17,0,2,14,6,10,34,17,26,32,17,25,1017.54,1014.53,0.03,0.0,0.0
ICEREZ2,Europe/Madrid,2022-08-01T21:59:51Z,2022-08-01 23:59:51,1659391191,41.217,-3.59,917.88,8.0,207,56,16,34,-1,35,13,25,12,0,2,18,0,2,10,2,7,35,13,25,33,13,24,1017.24,1014.22,-0.06,0.0,0.0
ICEREZ2,Europe/Madrid,2022-08-02T21:59:50Z,2022-08-02 23:59:50,1659477590,41.217,-3.59,1021.14,9.0,163,63,19,38,-1,36,19,28,19,0,2,28,0,3,15,8,12,36,19,28,35,19,27,1016.02,1012.33,-0.03,0.0,0.0
ICEREZ2,Europe/Madrid,2022-08-03T21:59:48Z,2022-08-03 23:59:48,1659563988,41.217,-3.59,1005.11,9.0,156,62,13,34,-1,35,20,28,18,0,3,28,0,4,15,2,10,35,20,28,34,20,27,1015.14,1010.74,-0.11,5.99,1.8
ICEREZ2,Europe/Madrid,2022-08-04T21:59:46Z,2022-08-04 23:59:46,1659650386,41.217,-3.59,923.15,8.0,139,48,18,32,-1,35,20,28,17,0,4,28,0,6,13,5,9,35,20,28,33,20,27,1013.34,1010.94,0.03,0.0,0.0
ICEREZ2,Europe/Madrid,2022-08-05T21:59:45Z,2022-08-05 23:59:45,1659736785,41.217,-3.59,965.23,9.0,144,49,14,31,-1,35,19,28,15,0,4,28,0,5,12,3,8,35,19,28,33,19,27,1015.04,1012.53,0.09,0.0,0.0
ICEREZ2,Europe/Madrid,2022-08-06T21:59:44Z,2022-08-06 23:59:44,1659823184,41.217,-3.59,950.92,9.0,156,56,23,37,-1,34,16,26,19,0,2,28,0,4,14,6,10,34,16,26,32,16,25,1015.71,1012.94,-0.01,0.0,0.0
ICEREZ2,Europe/Madrid,2022-08-07T21:59:59Z,2022-08-07 23:59:59,1659909599,41.217,-3.59,987.74,9.0,166,53,15,32,-1,35,18,27,12,0,2,18,0,3,13,3,8,35,18,27,33,18,26,1014.83,1011.82,-0.03,0.0,0.0
ICEREZ2,Europe/Madrid,2022-08-08T21:59:58Z,2022-08-08 23:59:58,1659995998,41.217,-3.59,1020.65,9.0,189,63,14,35,-1,35,15,26,14,0,2,22,0,3,12,3,7,35,15,26,33,15,25,1015.14,1012.84,0.04,0.0,0.0
ICEREZ2,Europe/Madrid,2022-08-09T21:59:56Z,2022-08-09 23:59:56,1660082396,41.217,-3.59,959.12,9.0,163,58,18,34,-1,35,17,26,29,0,2,42,0,4,13,5,8,35,17,26,33,17,25,1016.22,1013.61,0.01,0.0,0.0
ICEREZ2,Europe/Madrid,2022-08-10T21:59:54Z,2022-08-10 23:59:54,1660168794,41.217,-3.59,1140.05,11.0,152,63,17,35,-1,35,21,28,17,0,2,26,0,3,14,6,10,35,21,28,33,21,27,1016.53,1011.92,-0.07,0.0,0.0
ICEREZ2,Europe/Madrid,2022-08-11T21:59:53Z,2022-08-11 23:59:53,1660255193,41.217,-3.59,910.06,8.0,157,53,22,36,-1,34,21,28,17,0,4,28,0,6,14,8,11,34,21,28,33,21,27,1014.63,1012.12,0.04,0.0,0.0
ICEREZ2,Europe/Madrid,2022-08-12T21:59:52Z,2022-08-12 23:59:52,1660341592,41.217,-3.59,972.94,9.0,180,51,17,33,-1,36,19,28,11,0,2,17,0,3,13,7,10,36,19,28,34,19,27,1015.14,1011.92,0.0,0.0,0.0
ICEREZ2,Europe/Madrid,2022-08-13T21:59:50Z,2022-08-13 23:59:50,1660427990,41.217,-3.59,590.39,5.0,133,54,29,42,-1,30,19,24,26,0,5,40,0,8,13,7,10,30,19,24,28,19,24,1014.43,1010.33,-0.12,0.0,0.0
ICEREZ2,Europe/Madrid,2022-08-14T21:59:50Z,2022-08-14 23:59:50,1660514390,41.217,-3.59,930.0,9.0,184,79,18,44,-1,28,11,21,12,0,2,18,0,3,11,1,7,28,11,21,27,11,20,1012.02,1008.53,-0.05,0.0,0.0
ICEREZ2,Europe/Madrid,2022-08-15T21:59:48Z,2022-08-15 23:59:48,1660600788,41.217,-3.59,910.92,8.0,230,76,24,45,-1,28,10,19,9,0,1,17,0,2,11,1,6,28,10,19,27,10,19,1010.23,1006.43,-0.08,0.0,0.0
ICEREZ2,Europe/Madrid,2022-08-16T21:59:47Z,2022-08-16 23:59:47,1660687187,41.217,-3.59,1040.22,10.0,242,65,30,45,-1,25,12,19,9,0,2,17,0,3,11,3,7,25,12,19,25,12,19,1010.23,1006.64,0.08,0.0,0.0
ICEREZ2,Europe/Madrid,2022-08-17T21:59:46Z,2022-08-17 23:59:46,1660773586,41.217,-3.59,1232.9,11.0,265,85,35,60,-1,24,11,16,14,0,2,18,0,3,11,5,8,24,11,16,24,11,16,1013.61,1009.52,0.13,0.0,0.0
ICEREZ2,Europe/Madrid,2022-08-18T21:59:44Z,2022-08-18 23:59:44,1660859984,41.217,-3.59,1138.71,11.0,246,91,33,61,-1,24,6,15,22,0,2,28,0,2,9,5,7,24,6,15,23,6,15,1017.44,1013.04,0.17,0.0,0.0
ICEREZ2,Europe/Madrid,2022-08-19T21:59:59Z,2022-08-19 23:59:59,1660946399,41.217,-3.59,941.74,9.0,234,82,18,49,-1,30,7,18,12,0,1,17,0,2,9,2,6,30,7,18,28,7,18,1018.12,1015.61,0.01,0.0,0.0
ICEREZ2,Europe/Madrid,2022-08-20T21:59:58Z,2022-08-20 23:59:58,1661032798,41.217,-3.59,929.14,9.0,212,64,18,37,-1,32,12,22,14,0,2,20,0,2,8,3,5,32,12,22,30,12,21,1017.71,1015.04,-0.05,0.0,0.0
ICEREZ2,Europe/Madrid,2022-08-21T21:59:57Z,2022-08-21 23:59:57,1661119197,41.217,-3.59,905.78,8.0,223,57,24,38,-1,32,13,22,11,0,2,15,0,2,10,3,7,32,13,22,30,13,22,1016.73,1013.61,-0.08,0.0,0.0
ICEREZ2,Europe/Madrid,2022-08-22T21:59:55Z,2022-08-22 23:59:55,1661205595,41.217,-3.59,924.0,8.0,236,75,26,49,-1,31,12,22,10,0,2,17,0,2,13,7,10,31,12,22,29,12,21,1015.44,1012.02,-0.05,0.0,0.0
ICEREZ2,Europe/Madrid,2022-08-23T21:59:55Z,2022-08-23 23:59:55,1661291995,41.217,-3.59,913.97,8.0,219,73,23,45,-1,35,13,24,11,0,1,15,0,2,14,7,11,35,13,24,34,13,24,1013.61,1010.94,-0.04,0.0,0.0
ICEREZ2,Europe/Madrid,2022-08-24T21:59:52Z,2022-08-24 23:59:52,1661378392,41.217,-3.59,958.26,9.0,164,62,21,38,-1,34,17,26,17,0,2,24,0,4,13,7,10,34,17,26,32,17,25,1013.51,1010.84,0.05,0.0,0.0
ICEREZ2,Europe/Madrid,2022-08-25T21:59:51Z,2022-08-25 23:59:51,1661464791,41.217,-3.59,894.52,8.0,236,72,27,48,-1,31,14,23,17,0,2,24,0,3,14,8,11,31,14,23,30,14,22,1014.93,1012.33,0.06,0.0,0.0
ICEREZ2,Europe/Madrid,2022-08-26T21:59:51Z,2022-08-26 23:59:51,1661551191,41.217,-3.59,930.49,9.0,246,79,23,50,-1,31,12,21,10,0,1,18,0,2,14,6,9,31,12,21,29,12,21,1015.04,1010.02,-0.13,0.0,0.0
ICEREZ2,Europe/Madrid,2022-08-27T21:59:49Z,2022-08-27 23:59:49,1661637589,41.217,-3.59,957.4,9.0,154,78,26,49,-1,30,13,22,15,0,2,26,0,3,16,6,10,30,13,22,29,13,22,1011.51,1008.94,-0.05,1.19,0.2
ICEREZ2,Europe/Madrid,2022-08-28T21:59:49Z,2022-08-28 23:59:49,1661723989,41.217,-3.59,915.32,8.0,135,63,26,41,-1,32,20,26,18,0,4,28,0,7,15,8,12,32,20,26,31,20,25,1011.62,1009.41,0.05,0.0,0.0
ICEREZ2,Europe/Madrid,2022-08-29T21:59:46Z,2022-08-29 23:59:46,1661810386,41.217,-3.59,1061.02,10.0,127,73,33,53,-1,30,17,24,20,0,4,33,0,6,17,7,14,30,17,24,30,17,24,1014.83,1010.43,0.13,0.0,0.0
ICEREZ2,Europe/Madrid,2022-08-30T21:59:46Z,2022-08-30 23:59:46,1661896786,41.217,-3.59,874.46,8.0,239,75,25,49,-1,32,14,22,10,0,1,17,0,2,13,6,9,32,14,22,31,14,21,1016.22,1013.24,0.03,0.0,0.0
ICEREZ2,Europe/Madrid,2022-08-31T21:59:44Z,2022-08-31 23:59:44,1661983184,41.217,-3.59,877.15,8.0,233,65,14,34,-1,29,12,21,8,0,1,15,0,2,10,-3,4,29,12,21,27,12,21,1015.92,1013.51,-0.02,0.0,0.0
ICEREZ2,Europe/Madrid,2022-09-01T21:59:59Z,2022-09-01 23:59:59,1662069599,41.217,-3.59,963.03,9.0,221,61,14,38,-1,29,10,19,9,0,1,13,0,2,9,-2,4,29,10,19,28,10,19,1015.04,1010.94,-0.1,0.0,0.0
ICEREZ2,Europe/Madrid,2022-09-02T21:59:57Z,2022-09-02 23:59:57,1662155997,41.217,-3.59,882.29,8.0,208,71,23,46,-1,27,10,18,8,0,1,11,0,2,12,2,6,27,10,18,27,10,18,1012.63,1009.52,-0.06,0.0,0.0
ICEREZ2,Europe/Madrid,2022-09-03T21:59:40Z,2022-09-03 23:59:40,1662242380,41.217,-3.59,847.66,8.0,235,83,35,55,-1,26,9,17,9,0,1,13,0,2,11,4,8,26,9,17,25,9,17,1012.43,1009.21,0.06,0.0,0.0
ICEREZ2,Europe/Madrid,2022-09-04T21:59:55Z,2022-09-04 23:59:55,1662328795,41.217,-3.59,843.26,8.0,156,71,18,40,-1,27,7,18,17,0,3,26,0,4,6,0,3,27,7,18,26,7,17,1016.12,1012.02,0.16,0.0,0.0
ICEREZ2,Europe/Madrid,2022-09-05T21:59:54Z,2022-09-05 23:59:54,1662415194,41.217,-3.59,826.38,8.0,192,72,24,43,-1,28,7,18,13,0,2,20,0,2,8,-1,4,28,7,18,27,7,17,1016.53,1012.84,-0.01,0.0,0.0
ICEREZ2,Europe/Madrid,2022-09-06T21:59:53Z,2022-09-06 23:59:53,1662501593,41.217,-3.59,998.14,9.0,239,88,35,57,-1,26,9,18,11,0,1,17,0,2,11,6,8,26,9,18,26,9,18,1016.12,1011.82,-0.09,0.0,0.0
ICEREZ2,Europe/Madrid,2022-09-07T21:59:52Z,2022-09-07 23:59:52,1662587992,41.217,-3.59,1012.45,9.0,232,85,27,57,-1,23,7,15,8,0,1,13,0,2,9,2,6,23,7,15,22,7,15,1014.22,1010.84,-0.06,0.0,0.0
ICEREZ2,Europe/Madrid,2022-09-08T21:59:50Z,2022-09-08 23:59:50,1662674390,41.217,-3.59,564.33,5.0,245,92,56,70,-1,22,12,17,9,0,1,15,0,1,17,5,11,22,12,17,22,12,17,1013.82,1011.41,0.06,3.0,0.51
ICEREZ2,Europe/Madrid,2022-09-09T21:59:48Z,2022-09-09 23:59:48,1662760788,41.217,-3.59,780.38,7.0,254,92,33,67,-1,27,14,19,7,0,1,11,0,1,16,7,12,27,14,19,27,14,19,1015.61,1013.24,0.07,0.0,0.0
ICEREZ2,Europe/Madrid,2022-09-10T21:59:48Z,2022-09-10 23:59:48,1662847188,41.217,-3.59,795.19,7.0,226,79,27,51,-1,31,12,21,22,0,1,37,0,2,12,8,9,31,12,21,30,12,21,1015.51,1011.92,-0.08,0.0,0.0
ICEREZ2,Europe/Madrid,2022-09-11T21:59:46Z,2022-09-11 23:59:46,1662933586,41.217,-3.59,795.55,7.0,158,67,23,41,-1,33,14,24,15,0,3,26,0,4,12,6,9,33,14,24,31,14,23,1013.61,1009.04,-0.15,0.0,0.0
ICEREZ2,Europe/Madrid,2022-09-12T21:59:44Z,2022-09-12 23:59:44,1663019984,41.217,-3.59,622.08,6.0,141,89,29,42,-1,29,18,24,22,0,5,37,0,7,16,7,10,29,18,24,28,18,24,1009.52,1005.93,-0.12,3.0,1.3
ICEREZ2,Europe/Madrid,2022-09-13T21:59:59Z,2022-09-13 23:59:59,1663106399,41.217,-3.59,1383.38,13.0,149,96,50,73,-1,22,14,18,24,0,5,55,0,8,15,10,13,22,14,18,22,14,18,1007.21,1002.13,-0.03,31.8,16.21
ICEREZ2,Europe/Madrid,2022-09-14T21:59:58Z,2022-09-14 23:59:58,1663192798,41.217,-3.59,1042.79,10.0,157,96,49,71,-1,21,14,17,17,0,3,26,0,5,13,10,11,21,14,17,21,14,17,1009.62,1004.74,0.14,3.0,1.3
ICEREZ2,Europe/Madrid,2022-09-15T21:59:56Z,2022-09-15 23:59:56,1663279196,41.217,-3.59,1144.82,11.0,232,96,61,87,-1,22,13,16,9,0,0,11,0,1,16,12,14,22,13,16,21,13,16,1011.51,1008.33,0.08,5.99,3.3
ICEREZ2,Europe/Madrid,2022-09-16T21:59:56Z,2022-09-16 23:59:56,1663365596,41.217,-3.59,896.24,8.0,261,98,42,74,-1,25,11,17,8,0,1,11,0,1,15,9,12,25,11,17,25,11,17,1013.61,1010.53,0.06,0.0,0.0
ICEREZ2,Europe/Madrid,2022-09-17T21:59:55Z,2022-09-17 23:59:55,1663451995,41.217,-3.59,807.29,7.0,213,94,27,63,-1,25,6,15,6,0,1,9,0,1,11,3,7,25,6,15,25,6,15,1013.04,1010.13,-0.05,0.0,0.0
ICEREZ2,Europe/Madrid,2022-09-18T21:59:52Z,2022-09-18 23:59:52,1663538392,41.217,-3.59,774.75,7.0,155,84,36,60,-1,28,10,19,15,0,2,24,0,3,15,3,10,28,10,19,27,10,19,1013.34,1010.43,0.07,0.0,0.0
ICEREZ2,Europe/Madrid,2022-09-19T21:59:52Z,2022-09-19 23:59:52,1663624792,41.217,-3.59,900.51,8.0,167,90,41,71,-1,27,14,19,11,0,1,17,0,2,16,11,13,27,14,19,27,14,19,1015.51,1011.92,0.08,28.8,5.59
ICEREZ2,Europe/Madrid,2022-09-20T21:59:51Z,2022-09-20 23:59:51,1663711191,41.217,-3.59,798.61,7.0,239,95,29,64,-1,27,11,18,9,0,1,11,0,1,14,3,10,27,11,18,27,11,18,1016.53,1013.82,0.03,0.0,0.0
ICEREZ2,Europe/Madrid,2022-09-21T21:59:49Z,2022-09-21 23:59:49,1663797589,41.217,-3.59,775.12,7.0,211,74,24,48,-1,28,8,17,11,0,1,15,0,2,9,1,5,28,8,17,27,8,17,1016.26,1012.19,-0.06,0.0,0.0
ICEREZ2,Europe/Madrid,2022-09-22T21:59:48Z,2022-09-22 23:59:48,1663883988,41.217,-3.59,788.58,7.0,207,92,33,61,-1,26,10,17,8,0,1,11,0,1,13,6,9,26,10,17,26,10,17,1015.34,1012.94,0.0,0.0,0.0
ICEREZ2,Europe/Madrid,2022-09-23T21:59:48Z,2022-09-23 23:59:48,1663970388,41.217,-3.59,775.97,7.0,234,84,25,53,-1,25,11,18,9,0,1,13,0,2,11,2,7,25,11,18,25,11,17,1014.63,1011.41,-0.11,0.0,0.0
ICEREZ2,Europe/Madrid,2022-09-24T21:59:46Z,2022-09-24 23:59:46,1664056786,41.217,-3.59,857.58,8.0,244,85,39,59,-1,20,7,14,13,0,1,20,0,2,10,2,6,20,7,14,20,7,14,1012.33,1009.52,0.01,0.0,0.0
ICEREZ2,Europe/Madrid,2022-09-25T21:59:46Z,2022-09-25 23:59:46,1664143186,41.217,-3.59,704.41,6.0,272,94,39,67,-1,16,2,9,12,0,2,17,0,3,6,0,3,16,2,9,16,2,9,1012.12,1008.43,-0.05,0.0,0.0
ICEREZ2,Europe/Madrid,2022-09-26T21:59:44Z,2022-09-26 23:59:44,1664229584,41.217,-3.59,775.12,7.0,225,91,30,65,-1,19,1,9,9,0,1,13,0,2,6,-1,2,19,-1,9,19,1,9,1013.41,1009.82,0.1,0.0,0.0
ICEREZ2,Europe/Madrid,2022-09-27T21:59:44Z,2022-09-27 23:59:44,1664315984,41.217,-3.59,848.03,8.0,242,89,40,66,-1,19,3,11,10,0,1,17,0,2,7,1,4,19,3,11,19,3,11,1014.63,1012.23,0.05,0.0,0.0
ICEREZ2,Europe/Madrid,2022-09-28T21:59:58Z,2022-09-28 23:59:58,1664402398,41.217,-3.59,909.2,8.0,243,92,48,69,-1,19,5,12,9,0,2,15,0,2,9,3,6,19,5,12,19,5,12,1014.33,1008.13,-0.22,0.0,0.0
ICEREZ2,Europe/Madrid,2022-09-29T21:59:57Z,2022-09-29 23:59:57,1664488797,41.217,-3.59,763.01,7.0,262,95,57,80,-1,15,8,10,9,0,2,15,0,3,10,5,7,15,7,10,15,8,10,1009.04,1003.01,-0.05,11.99,2.79
ICEREZ2,Europe/Madrid,2022-09-30T21:59:57Z,2022-09-30 23:59:57,1664575197,41.217,-3.59,1173.45,11.0,267,96,53,82,-1,14,4,9,7,0,1,11,0,1,7,3,5,14,4,9,14,4,9,1016.63,1007.62,0.36,0.0,0.0
ICEREZ2,Europe/Madrid,2022-10-01T21:59:56Z,2022-10-01 23:59:56,1664661596,41.217,-3.59,700.13,6.0,228,90,29,61,-1,24,4,13,8,0,1,9,0,1,7,2,4,24,4,13,23,4,13,1022.22,1016.12,0.23,0.0,0.0
ICEREZ2,Europe/Madrid,2022-10-02T21:59:54Z,2022-10-02 23:59:54,1664747994,41.217,-3.59,696.7,6.0,159,74,11,41,-1,28,8,18,13,0,2,20,0,3,7,-6,3,28,8,18,27,8,18,1022.52,1018.73,-0.09,0.0,0.0
ICEREZ2,Europe/Madrid,2022-10-03T21:59:53Z,2022-10-03 23:59:53,1664834393,41.217,-3.59,541.82,5.0,189,53,15,34,-1,27,10,18,8,0,1,15,0,1,7,-9,1,27,10,18,27,10,18,1019.81,1016.93,-0.04,0.0,0.0
ICEREZ2,Europe/Madrid,2022-10-04T21:59:53Z,2022-10-04 23:59:53,1664920793,41.217,-3.59,607.77,5.0,196,67,26,47,-1,27,9,17,6,0,1,11,0,2,8,3,5,27,9,17,27,9,17,1019.64,1017.34,0.03,0.0,0.0
ICEREZ2,Europe/Madrid,2022-10-06T21:59:50Z,2022-10-06 23:59:50,1665093590,41.217,-3.59,679.7,6.0,157,76,32,49,-1,26,9,17,14,0,2,26,0,3,10,2,6,26,9,17,25,9,17,1021.84,1018.93,-0.04,0.0,0.0
ICEREZ2,Europe/Madrid,2022-10-07T21:59:49Z,2022-10-07 23:59:49,1665179989,41.217,-3.59,650.7,6.0,127,80,28,54,-1,24,9,17,15,0,2,24,0,3,10,3,6,24,9,17,23,9,16,1020.12,1014.83,-0.16,0.0,0.0
ICEREZ2,Europe/Madrid,2022-10-08T21:59:48Z,2022-10-08 23:59:48,1665266388,41.217,-3.59,684.1,6.0,166,89,34,63,-1,22,8,14,12,0,1,17,0,2,11,5,7,22,8,14,22,8,14,1016.53,1013.41,-0.05,0.0,0.0
ICEREZ2,Europe/Madrid,2022-10-09T21:59:46Z,2022-10-09 23:59:46,1665352786,41.217,-3.59,661.96,6.0,138,75,34,58,-1,23,12,18,17,0,4,26,0,6,11,5,9,23,12,18,23,12,18,1014.73,1011.04,-0.08,0.0,0.0
ICEREZ2,Europe/Madrid,2022-10-10T21:59:45Z,2022-10-10 23:59:45,1665439185,41.217,-3.59,940.88,8.0,192,98,56,78,-1,19,11,15,11,0,1,17,0,2,13,9,11,19,11,15,19,11,15,1015.82,1012.23,0.11,61.19,50.29
ICEREZ2,Europe/Madrid,2022-10-11T21:59:44Z,2022-10-11 23:59:44,1665525584,41.217,-3.59,1186.05,11.0,243,99,63,89,-1,18,8,13,8,0,0,11,0,1,14,8,11,18,8,13,18,8,13,1017.03,1014.12,0.06,12.6,4.29
ICEREZ2,Europe/Madrid,2022-10-12T21:59:59Z,2022-10-12 23:59:59,1665611999,41.217,-3.59,1213.69,11.0,237,99,49,83,-1,21,7,13,8,0,1,9,0,1,13,6,9,21,7,13,21,7,13,1019.74,1016.02,0.1,1.19,0.2
ICEREZ2,Europe/Madrid,2022-10-13T21:59:58Z,2022-10-13 23:59:58,1665698398,41.217,-3.59,628.93,6.0,225,97,46,74,-1,21,7,13,6,0,1,9,0,1,11,6,8,21,7,13,21,7,13,1021.44,1018.83,0.08,0.0,0.0
ICEREZ2,Europe/Madrid,2022-10-14T21:59:57Z,2022-10-14 23:59:57,1665784797,41.217,-3.59,668.93,6.0,210,90,36,66,-1,24,8,15,5,0,1,7,0,1,11,6,8,24,8,15,24,8,15,1021.54,1009.72,-0.48,0.0,0.0
ICEREZ2,Europe/Madrid,2022-10-15T21:59:56Z,2022-10-15 23:59:56,1665871196,41.217,-3.59,777.81,7.0,173,86,37,63,-1,25,8,16,16,0,2,22,0,3,11,6,8,25,8,16,24,8,16,1010.02,1003.73,-0.16,0.0,0.0
ICEREZ2,Europe/Madrid,2022-10-16T21:59:54Z,2022-10-16 23:59:54,1665957594,41.217,-3.59,605.07,5.0,150,89,48,63,-1,21,8,16,18,0,3,33,0,5,11,6,9,21,8,16,21,8,16,1008.94,1005.11,0.11,0.0,0.0
ICEREZ2,Europe/Madrid,2022-10-17T21:59:52Z,2022-10-17 23:59:52,1666043992,41.217,-3.59,834.58,8.0,140,87,49,67,-1,22,12,17,22,0,4,38,0,6,12,9,11,22,12,17,21,12,17,1012.94,1006.74,0.17,1.8,0.3
ICEREZ2,Europe/Madrid,2022-10-18T21:59:52Z,2022-10-18 23:59:52,1666130392,41.217,-3.59,719.58,7.0,229,84,41,60,-1,24,12,18,15,0,2,22,0,3,12,9,10,24,12,18,23,12,18,1013.04,1010.23,-0.09,0.0,0.0
ICEREZ2,Europe/Madrid,2022-10-19T21:59:50Z,2022-10-19 23:59:50,1666216790,41.217,-3.59,213.84,2.0,160,76,42,50,-1,20,13,19,31,0,8,50,0,13,10,6,9,20,13,19,20,13,19,1011.14,1002.91,-0.25,0.0,0.0
ICEREZ2,Europe/Madrid,2022-10-20T21:59:50Z,2022-10-20 23:59:50,1666303190,41.217,-3.59,229.01,2.0,152,90,49,70,-1,17,11,14,27,0,6,44,0,10,12,6,9,17,11,14,17,11,14,1005.42,999.73,-0.06,4.8,5.0
ICEREZ2,Europe/Madrid,2022-10-21T21:59:48Z,2022-10-21 23:59:48,1666389588,41.217,-3.59,430.74,4.0,154,90,60,79,-1,16,11,13,15,0,4,28,0,6,12,7,10,16,11,13,16,11,13,1005.72,1001.93,0.1,5.99,3.1
ICEREZ2,Europe/Madrid,2022-10-22T21:59:47Z,2022-10-22 23:59:47,1666475987,41.217,-3.59,654.99,14.0,140,94,59,77,-1,18,12,14,23,0,5,38,0,8,13,8,10,18,12,14,18,12,14,1005.93,1000.24,-0.14,18.59,8.1
ICEREZ2,Europe/Madrid,2022-10-23T21:59:46Z,2022-10-23 23:59:46,1666562386,41.217,-3.59,602.99,14.0,151,88,49,75,-1,18,12,14,27,0,6,37,0,9,12,6,10,18,12,14,18,12,14,1006.43,999.73,0.15,1.8,0.79
ICEREZ2,Europe/Madrid,2022-10-24T21:59:44Z,2022-10-24 23:59:44,1666648784,41.217,-3.59,410.32,4.0,177,94,44,72,-1,17,6,12,15,0,2,22,0,3,10,3,7,17,6,12,17,6,12,1009.04,1005.42,0.09,0.0,0.0
ICEREZ2,Europe/Madrid,2022-10-25T21:59:59Z,2022-10-25 23:59:59,1666735199,41.217,-3.59,691.44,6.0,153,76,38,60,-1,21,13,16,22,0,5,33,0,7,10,4,8,21,13,16,21,13,16,1008.03,1003.12,-0.03,0.0,0.0
ICEREZ2,Europe/Madrid,2022-10-26T21:59:58Z,2022-10-26 23:59:58,1666821598,41.217,-3.59,613.76,5.0,168,82,41,66,-1,21,11,17,18,0,3,31,0,5,13,6,10,21,11,17,21,11,17,1010.63,1006.43,0.1,0.0,0.0
ICEREZ2,Europe/Madrid,2022-10-27T21:59:56Z,2022-10-27 23:59:56,1666907996,41.217,-3.59,190.84,1.0,117,52,31,39,-1,22,17,20,21,0,6,35,0,10,8,3,5,22,17,20,21,17,20,1011.72,1008.33,0.07,0.0,0.0
ICEREZ2,Europe/Madrid,2022-10-28T21:59:56Z,2022-10-28 23:59:56,1666994396,41.217,-3.59,530.94,5.0,128,43,30,37,-1,23,18,20,19,0,5,33,0,8,7,3,5,23,18,20,22,18,20,1013.41,1010.94,-0.01,0.0,0.0
ICEREZ2,Europe/Madrid,2022-10-29T21:59:54Z,2022-10-29 23:59:54,1667080794,41.217,-3.59,511.37,4.0,137,60,34,43,-1,21,12,18,20,0,4,33,0,6,7,2,5,21,12,18,21,12,18,1011.72,1007.32,-0.13,0.0,0.0
ICEREZ2,Europe/Madrid,2022-10-30T22:59:53Z,2022-10-30 23:59:53,1667170793,41.217,-3.59,298.86,2.0,195,84,42,69,-1,18,9,13,10,0,1,15,0,2,11,4,7,18,9,13,18,9,13,1009.92,1007.32,0.0,1.19,0.2
ICEREZ2,Europe/Madrid,2022-10-31T22:59:52Z,2022-10-31 23:59:52,1667257192,41.217,-3.59,141.42,1.0,168,96,68,79,-1,15,10,13,15,0,3,29,0,5,11,7,10,15,10,13,15,10,13,1010.53,1005.32,0.08,4.19,6.6
ICEREZ2,Europe/Madrid,2022-11-01T22:59:51Z,2022-11-01 23:59:51,1667343591,41.217,-3.59,809.01,7.0,241,99,63,87,-1,16,7,12,6,0,0,9,0,1,11,6,10,16,7,12,16,7,12,1013.92,1009.92,0.14,1.8,0.3
ICEREZ2,Europe/Madrid,2022-11-02T22:59:50Z,2022-11-02 23:59:50,1667429990,41.217,-3.59,586.84,5.0,236,99,53,80,-1,17,4,10,6,0,0,9,0,1,10,4,7,17,4,10,17,4,10,1013.61,1008.94,-0.17,1.19,0.2
ICEREZ2,Europe/Madrid,2022-11-03T22:59:49Z,2022-11-03 23:59:49,1667516389,41.217,-3.59,303.15,2.0,248,98,69,88,-1,14,10,11,8,0,1,13,0,2,12,7,10,14,9,11,14,10,11,1009.21,1006.13,-0.04,9.6,8.2
ICEREZ2,Europe/Madrid,2022-11-04T22:59:49Z,2022-11-04 23:59:49,1667602789,41.217,-3.59,815.98,7.0,250,98,58,85,-1,11,1,6,5,0,1,7,0,1,9,0,4,11,1,6,11,1,6,1012.33,1007.92,0.15,0.0,0.0
ICEREZ2,Europe/Madrid,2022-11-05T22:59:48Z,2022-11-05 23:59:48,1667689188,41.217,-3.59,596.39,5.0,210,97,26,69,-1,17,-1,6,5,0,0,7,0,1,4,-3,0,17,-1,6,17,-1,6,1012.23,1008.64,-0.12,1.19,0.2
ICEREZ2,Europe/Madrid,2022-11-06T22:59:48Z,2022-11-06 23:59:48,1667775588,41.217,-3.59,538.77,5.0,211,95,41,71,-1,16,1,8,6,0,1,9,0,1,9,-4,3,16,1,8,16,1,8,1010.43,1006.74,0.05,0.0,0.0
ICEREZ2,Europe/Madrid,2022-11-07T22:59:47Z,2022-11-07 23:59:47,1667861987,41.217,-3.59,520.91,5.0,189,98,44,78,-1,17,2,10,14,0,2,20,0,3,9,2,6,17,2,10,17,2,10,1010.33,1005.01,-0.2,0.0,0.0
ICEREZ2,Europe/Madrid,2022-11-08T22:59:46Z,2022-11-08 23:59:46,1667948386,41.217,-3.59,674.93,8.0,147,94,75,84,-1,14,8,11,20,0,3,29,0,5,10,6,9,14,8,11,14,8,11,1005.72,1003.12,-0.01,10.8,5.59
ICEREZ2,Europe/Madrid,2022-11-09T22:59:45Z,2022-11-09 23:59:45,1668034785,41.217,-3.59,353.06,3.0,229,98,76,91,-1,12,5,9,6,0,1,9,0,1,10,5,8,12,5,9,12,5,9,1011.92,1004.64,0.27,3.0,2.31
ICEREZ2,Europe/Madrid,2022-11-10T22:59:44Z,2022-11-10 23:59:44,1668121184,41.217,-3.59,877.51,8.0,246,99,56,86,-1,15,2,8,8,0,1,11,0,1,9,1,5,15,2,8,15,2,8,1013.92,1011.41,0.06,0.0,0.0
ICEREZ2,Europe/Madrid,2022-11-11T22:59:59Z,2022-11-11 23:59:59,1668207599,41.217,-3.59,576.45,5.0,127,97,56,79,-1,15,2,9,17,0,2,22,0,3,10,1,5,15,0,9,15,2,9,1013.61,1010.74,-0.04,1.8,0.51
ICEREZ2,Europe/Madrid,2022-11-12T22:59:58Z,2022-11-12 23:59:58,1668293998,41.217,-3.59,455.82,4.0,125,95,48,70,-1,17,7,12,21,0,4,44,0,6,9,5,7,17,6,12,17,7,12,1012.53,1009.11,-0.11,9.6,6.91
ICEREZ2,Europe/Madrid,2022-11-13T22:59:57Z,2022-11-13 23:59:57,1668380397,41.217,-3.59,411.66,4.0,124,91,59,73,-1,16,6,12,21,0,4,31,0,7,9,4,8,16,6,12,16,6,12,1009.62,1006.54,-0.08,0.0,0.0
ICEREZ2,Europe/Madrid,2022-11-14T22:59:57Z,2022-11-14 23:59:57,1668466797,41.217,-3.59,264.98,2.0,188,96,79,89,-1,12,5,10,8,0,1,13,0,1,11,4,9,12,5,10,12,5,10,1007.82,1005.42,-0.07,4.8,4.8
ICEREZ2,Europe/Madrid,2022-11-15T22:59:56Z,2022-11-15 23:59:56,1668553196,41.217,-3.59,395.64,3.0,196,96,68,87,-1,14,9,11,12,0,2,18,0,3,11,7,9,14,9,11,14,9,11,1006.13,998.71,-0.22,4.8,4.09
ICEREZ2,Europe/Madrid,2022-11-16T22:59:55Z,2022-11-16 23:59:55,1668639595,41.217,-3.59,159.53,1.0,227,96,80,87,-1,13,7,10,11,0,2,20,0,4,11,6,8,13,7,10,13,7,10,1001.32,998.61,-0.06,3.0,2.49
ICEREZ2,Europe/Madrid,2022-11-17T22:59:54Z,2022-11-17 23:59:54,1668725994,41.217,-3.59,530.45,14.0,237,97,72,87,-1,15,8,12,14,0,3,26,0,5,12,6,10,15,8,12,15,8,12,1001.12,997.02,0.08,12.6,7.39
ICEREZ2,Europe/Madrid,2022-11-18T22:59:53Z,2022-11-18 23:59:53,1668812393,41.217,-3.59,690.58,6.0,256,98,70,87,-1,9,4,7,8,0,2,15,0,3,7,2,5,9,4,7,9,4,7,1004.91,999.22,0.16,7.8,7.11
ICEREZ2,Europe/Madrid,2022-11-19T22:59:53Z,2022-11-19 23:59:53,1668898793,41.217,-3.59,486.28,4.0,262,95,66,86,-1,6,2,4,9,0,2,17,0,3,3,0,2,6,0,4,6,2,4,1009.62,1004.54,0.18,0.0,0.0
ICEREZ2,Europe/Madrid,2022-11-20T22:59:52Z,2022-11-20 23:59:52,1668985192,41.217,-3.59,275.37,2.0,244,99,89,96,-1,11,4,7,8,0,1,9,0,2,10,3,7,11,2,7,11,4,7,1011.82,1008.13,-0.04,4.8,2.49
ICEREZ2,Europe/Madrid,2022-11-21T22:59:52Z,2022-11-21 23:59:52,1669071592,41.217,-3.59,154.75,1.0,246,98,71,90,-1,12,1,9,17,0,4,28,0,6,11,0,7,12,1,9,12,1,9,1008.43,998.44,-0.17,7.8,16.79
ICEREZ2,Europe/Madrid,2022-11-22T22:59:52Z,2022-11-22 23:59:52,1669157992,41.217,-3.59,151.33,1.0,239,99,87,93,-1,11,1,6,19,0,3,28,0,5,11,0,5,11,0,6,11,1,6,1004.74,999.93,-0.13,5.99,15.01
ICEREZ2,Europe/Madrid,2022-11-23T22:59:51Z,2022-11-23 23:59:51,1669244391,41.217,-3.59,509.65,4.0,244,97,73,90,-1,14,8,11,14,0,3,24,0,5,12,6,9,14,8,11,14,8,11,1007.62,998.92,0.25,3.0,5.0
ICEREZ2,Europe/Madrid,2022-11-24T22:59:50Z,2022-11-24 23:59:50,1669330790,41.217,-3.59,278.07,2.0,140,99,68,90,-1,11,5,8,17,0,2,28,0,3,10,4,7,11,5,8,11,5,8,1007.62,1003.12,0.0,8.99,7.19
ICEREZ2,Europe/Madrid,2022-11-25T22:59:49Z,2022-11-25 23:59:49,1669417189,41.217,-3.59,711.38,6.0,263,98,67,90,-1,9,0,6,12,0,2,17,0,3,9,-1,4,9,0,6,9,0,6,1017.14,1007.11,0.4,5.99,3.0
ICEREZ2,Europe/Madrid,2022-11-26T22:59:49Z,2022-11-26 23:59:49,1669503589,41.217,-3.59,384.25,14.0,184,97,30,75,-1,14,-3,3,4,0,0,5,0,1,4,-6,-1,14,-3,3,14,-3,3,1017.24,1013.92,-0.11,1.8,0.3
ICEREZ2,Europe/Madrid,2022-11-27T22:59:49Z,2022-11-27 23:59:49,1669589989,41.217,-3.59,317.1,3.0,194,97,29,65,-1,14,0,6,10,0,1,17,0,1,7,-6,0,14,0,6,14,0,6,1014.12,1007.21,-0.23,13.79,9.09
ICEREZ2,Europe/Madrid,2022-11-28T22:59:48Z,2022-11-28 23:59:48,1669676388,41.217,-3.59,401.26,3.0,252,98,73,89,-1,7,2,4,8,0,1,13,0,2,6,1,3,7,2,4,7,2,4,1014.02,1008.03,0.21,4.19,1.3
ICEREZ2,Europe/Madrid,2022-11-29T22:59:50Z,2022-11-29 23:59:50,1669762790,41.217,-3.59,326.64,3.0,252,98,68,88,-1,8,0,4,6,0,0,9,0,1,4,-1,2,8,0,4,8,0,4,1014.02,1009.11,-0.17,0.0,0.0
ICEREZ2,Europe/Madrid,2022-11-30T22:59:49Z,2022-11-30 23:59:49,1669849189,41.217,-3.59,332.27,3.0,245,96,43,78,-1,11,0,5,5,0,0,7,0,0,3,-1,2,11,0,5,11,0,5,1009.72,1004.23,-0.17,0.0,0.0
ICEREZ2,Europe/Madrid,2022-12-01T22:59:48Z,2022-12-01 23:59:48,1669935588,41.217,-3.59,322.23,3.0,200,95,30,76,-1,11,-3,2,15,0,2,20,0,3,2,-7,-2,11,-3,2,11,-3,2,1006.33,1004.64,0.0,0.0,0.0
ICEREZ2,Europe/Madrid,2022-12-02T22:59:48Z,2022-12-02 23:59:48,1670021988,41.217,-3.59,311.47,3.0,220,93,61,82,-1,7,-6,0,5,0,1,7,0,1,2,-7,-3,7,-6,0,7,-6,0,1005.83,1000.54,-0.19,0.0,0.0
ICEREZ2,Europe/Madrid,2022-12-03T22:59:49Z,2022-12-03 23:59:49,1670108389,41.217,-3.59,277.09,2.0,252,96,77,90,-1,4,-4,0,8,0,0,11,0,1,1,-4,-1,4,-4,0,4,-4,0,1001.12,997.02,-0.13,1.8,0.3
ICEREZ2,Europe/Madrid,2022-12-04T22:59:50Z,2022-12-04 23:59:50,1670194790,41.217,-3.59,381.69,3.0,202,97,62,84,-1,9,-5,2,9,0,1,13,0,1,3,-6,-1,9,-5,2,9,-5,2,1003.62,997.53,0.23,1.19,0.2
ICEREZ2,Europe/Madrid,2022-12-05T22:59:49Z,2022-12-05 23:59:49,1670281189,41.217,-3.59,140.44,1.0,168,95,70,82,-1,9,4,7,14,0,2,18,0,3,7,1,4,9,1,7,9,4,7,1004.91,1002.34,0.05,4.8,3.3
ICEREZ2,Europe/Madrid,2022-12-06T22:59:49Z,2022-12-06 23:59:49,1670367589,41.217,-3.59,161.36,1.0,169,97,73,89,-1,12,7,9,11,0,1,17,0,2,8,6,7,12,6,9,12,7,9,1007.42,1003.83,0.1,1.8,0.3
ICEREZ2,Europe/Madrid,2022-12-07T22:59:47Z,2022-12-07 23:59:47,1670453987,41.217,-3.59,299.23,2.0,138,99,65,85,-1,12,6,8,17,0,2,22,0,3,7,4,6,12,5,8,12,6,8,1007.21,1000.14,-0.28,0.0,0.0
ICEREZ2,Europe/Madrid,2022-12-08T22:59:46Z,2022-12-08 23:59:46,1670540386,41.217,-3.59,529.23,5.0,142,95,68,83,-1,11,5,8,23,0,4,33,0,6,8,3,6,11,4,8,11,5,8,1000.34,990.82,-0.29,10.8,10.59
ICEREZ2,Europe/Madrid,2022-12-09T22:59:46Z,2022-12-09 23:59:46,1670626786,41.217,-3.59,188.64,1.0,146,99,79,90,-1,9,6,8,13,0,2,17,0,3,7,5,6,9,5,8,9,6,8,994.72,989.91,0.06,3.0,6.1
ICEREZ2,Europe/Madrid,2022-12-10T22:59:45Z,2022-12-10 23:59:45,1670713185,41.217,-3.59,222.53,2.0,256,99,89,95,-1,7,4,5,7,0,1,9,0,1,7,3,4,7,2,5,7,4,5,1002.71,994.62,0.25,1.8,0.51
ICEREZ2,Europe/Madrid,2022-12-11T22:59:45Z,2022-12-11 23:59:45,1670799585,41.217,-3.59,346.95,3.0,237,99,87,96,-1,9,1,5,10,0,1,15,0,2,7,1,5,9,-1,5,9,1,5,1000.71,994.04,-0.01,10.8,24.89
ICEREZ2,Europe/Madrid,2022-12-12T22:59:44Z,2022-12-12 23:59:44,1670885984,41.217,-3.59,130.53,1.0,216,99,81,92,-1,13,6,10,19,0,4,33,0,6,12,6,9,13,5,10,13,6,10,1001.42,993.63,-0.07,13.79,17.3
ICEREZ2,Europe/Madrid,2022-12-13T22:59:59Z,2022-12-13 23:59:59,1670972399,41.217,-3.59,136.65,1.0,245,99,87,96,-1,12,9,11,15,0,2,22,0,3,12,9,10,12,9,11,12,9,11,999.02,992.04,-0.1,24.0,42.39
ICEREZ2,Europe/Madrid,2022-12-14T22:59:58Z,2022-12-14 23:59:58,1671058798,41.217,-3.59,474.54,4.0,183,99,72,92,-1,12,6,9,15,0,2,24,0,3,9,6,8,12,6,9,12,6,9,998.51,990.21,-0.22,10.8,8.89
ICEREZ2,Europe/Madrid,2022-12-15T22:59:58Z,2022-12-15 23:59:58,1671145198,41.217,-3.59,249.44,2.0,239,99,87,95,-1,8,6,7,9,0,1,17,0,2,8,5,6,8,5,7,8,6,7,996.51,990.01,0.21,4.8,4.29
ICEREZ2,Europe/Madrid,2022-12-16T22:59:58Z,2022-12-16 23:59:58,1671231598,41.217,-3.59,343.03,3.0,170,98,71,86,-1,9,2,6,9,0,1,13,0,2,6,1,4,9,2,6,9,2,6,1004.03,996.14,0.31,0.0,0.0
ICEREZ2,Europe/Madrid,2022-12-17T22:59:57Z,2022-12-17 23:59:57,1671317997,41.217,-3.59,328.71,3.0,181,98,77,89,-1,9,1,5,9,0,1,13,0,1,7,0,4,9,1,5,9,1,5,1012.73,1003.12,0.36,0.0,0.0
ICEREZ2,Europe/Madrid,2022-12-18T22:59:56Z,2022-12-18 23:59:56,1671404396,41.217,-3.59,291.4,2.0,142,97,67,81,-1,9,3,6,22,0,4,33,0,7,5,2,3,9,3,6,9,3,6,1015.51,1011.82,0.05,0.0,0.0
ICEREZ2,Europe/Madrid,2022-12-19T22:59:56Z,2022-12-19 23:59:56,1671490796,41.217,-3.59,305.84,2.0,125,81,64,75,-1,10,7,8,24,0,8,38,2,14,5,2,4,10,3,7,10,7,8,1014.73,1012.23,-0.05,0.0,0.0
ICEREZ2,Europe/Madrid,2022-12-20T22:59:56Z,2022-12-20 23:59:56,1671577196,41.217,-3.59,147.05,1.0,130,97,69,84,-1,10,7,9,23,0,6,40,0,10,8,4,6,10,5,8,10,7,9,1013.41,1008.74,0.04,4.8,8.71
ICEREZ2,Europe/Madrid,2022-12-21T22:59:55Z,2022-12-21 23:59:55,1671663595,41.217,-3.59,163.44,1.0,245,97,84,90,-1,10,6,9,14,0,2,18,0,3,9,6,7,10,6,9,10,6,9,1016.93,1012.73,0.15,3.0,1.5
ICEREZ2,Europe/Madrid,2022-12-22T22:59:54Z,2022-12-22 23:59:54,1671749994,41.217,-3.59,248.46,2.0,219,98,89,95,-1,12,9,10,9,0,1,13,0,2,11,8,9,12,8,10,12,9,10,1018.22,1016.32,0.0,3.61,2.79
ICEREZ2,Europe/Madrid,2022-12-23T22:59:53Z,2022-12-23 23:59:53,1671836393,41.217,-3.59,238.56,2.0,237,99,83,92,-1,12,5,9,8,0,1,11,0,1,9,4,7,12,5,9,12,5,9,1017.03,1014.33,-0.1,0.0,0.0
ICEREZ2,Europe/Madrid,2022-12-24T22:59:53Z,2022-12-24 23:59:53,1671922793,41.217,-3.59,354.4,3.0,187,99,70,87,-1,12,2,7,15,0,2,29,0,3,8,2,5,12,2,7,12,2,7,1014.73,1008.74,-0.19,1.19,0.2
ICEREZ2,Europe/Madrid,2022-12-25T22:59:52Z,2022-12-25 23:59:52,1672009192,41.217,-3.59,292.38,2.0,137,88,72,78,-1,11,7,9,22,0,5,33,0,9,7,4,6,11,5,9,11,7,9,1012.53,1007.82,0.1,0.0,0.0
ICEREZ2,Europe/Madrid,2022-12-26T22:59:35Z,2022-12-26 23:59:35,1672095575,41.217,-3.59,295.32,2.0,209,94,59,78,-1,14,4,9,12,0,1,18,0,2,7,3,6,14,4,9,14,4,9,1019.81,1012.23,0.31,0.0,0.0
ICEREZ2,Europe/Madrid,2022-12-27T22:59:52Z,2022-12-27 23:59:52,1672181992,41.217,-3.59,306.69,3.0,234,96,60,85,-1,13,2,6,8,0,1,13,0,1,8,1,4,13,2,6,13,2,6,1021.64,1018.12,-0.05,0.0,0.0
ICEREZ2,Europe/Madrid,2022-12-28T22:59:50Z,2022-12-28 23:59:50,1672268390,41.217,-3.59,254.21,2.0,195,97,46,72,-1,12,1,7,9,0,1,15,0,2,5,0,2,12,1,7,12,1,7,1018.52,1012.73,-0.22,0.0,0.0
ICEREZ2,Europe/Madrid,2022-12-29T22:59:50Z,2022-12-29 23:59:50,1672354790,41.217,-3.59,327.49,3.0,198,97,66,88,-1,12,6,9,12,0,2,20,0,3,9,3,7,12,6,8,12,6,9,1013.34,1009.82,-0.11,3.0,4.9
ICEREZ2,Europe/Madrid,2022-12-30T22:59:49Z,2022-12-30 23:59:49,1672441189,41.217,-3.59,197.81,1.0,210,91,69,84,-1,14,8,10,12,0,3,22,0,4,9,6,8,14,7,10,14,8,10,1015.14,1009.82,0.18,1.8,0.71
ICEREZ2,Europe/Madrid,2022-12-31T22:59:49Z,2022-12-31 23:59:49,1672527589,41.217,-3.59,291.03,2.0,127,90,40,67,-1,13,6,9,19,0,6,33,0,10,7,-2,3,13,4,9,13,6,9,1015.24,1012.63,-0.05,0.0,0.0
ICEREZ2,Europe/Madrid,2023-01-01T22:59:47Z,2023-01-01 23:59:47,1672613987,41.217,-3.59,347.8,3.0,132,58,32,43,-1,14,10,12,26,0,6,40,0,10,4,-4,-1,14,8,12,14,10,12,1014.33,1008.23,-0.13,0.0,0.0
ICEREZ2,Europe/Madrid,2023-01-02T22:59:47Z,2023-01-02 23:59:47,1672700387,41.217,-3.59,247.61,2.0,189,98,49,85,-1,11,5,7,15,0,1,24,0,2,7,0,5,11,5,7,11,5,7,1017.24,1009.62,0.27,3.0,4.29
ICEREZ2,Europe/Madrid,2023-01-03T22:59:46Z,2023-01-03 23:59:46,1672786786,41.217,-3.59,307.06,3.0,249,98,68,87,-1,9,-2,4,6,0,0,7,0,1,4,-3,2,9,-2,4,9,-2,4,1022.72,1016.93,0.21,0.0,0.0
ICEREZ2,Europe/Madrid,2023-01-04T22:59:46Z,2023-01-04 23:59:46,1672873186,41.217,-3.59,312.69,3.0,230,90,40,76,-1,10,-4,2,5,0,1,7,0,1,3,-6,-2,10,-4,2,10,-4,2,1024.01,1021.64,0.01,0.0,0.0
ICEREZ2,Europe/Madrid,2023-01-05T22:59:46Z,2023-01-05 23:59:46,1672959586,41.217,-3.59,315.75,3.0,223,89,45,74,-1,11,-3,3,5,0,0,5,0,1,2,-4,-2,11,-3,3,11,-3,3,1022.52,1016.63,-0.23,0.0,0.0
ICEREZ2,Europe/Madrid,2023-01-06T22:59:47Z,2023-01-06 23:59:47,1673045987,41.217,-3.59,319.66,3.0,212,96,45,76,-1,10,-3,2,6,0,0,7,0,1,2,-3,-2,10,-3,2,10,-3,2,1017.24,1013.82,-0.1,0.0,0.0
ICEREZ2,Europe/Madrid,2023-01-07T22:59:46Z,2023-01-07 23:59:46,1673132386,41.217,-3.59,166.99,14.0,135,98,67,85,-1,8,-4,4,21,0,4,35,0,6,7,-5,1,8,-4,3,8,-4,4,1015.14,1008.13,-0.24,6.6,6.6
ICEREZ2,Europe/Madrid,2023-01-08T22:59:46Z,2023-01-08 23:59:46,1673218786,41.217,-3.59,120.99,1.0,233,98,83,93,-1,12,7,9,16,0,3,28,0,5,9,6,8,12,5,9,12,7,9,1008.94,1004.03,-0.03,8.99,31.5
ICEREZ2,Europe/Madrid,2023-01-09T22:59:46Z,2023-01-09 23:59:46,1673305186,41.217,-3.59,426.34,4.0,264,95,72,88,-1,8,1,6,13,0,3,20,0,4,7,0,4,8,1,6,8,1,6,1018.42,1007.92,0.42,1.8,0.51
ICEREZ2,Europe/Madrid,2023-01-10T22:59:46Z,2023-01-10 23:59:46,1673391586,41.217,-3.59,299.23,2.0,193,94,56,80,-1,12,0,5,6,0,1,11,0,1,6,-1,2,12,0,5,12,0,5,1019.44,1011.82,-0.26,0.0,0.0
ICEREZ2,Europe/Madrid,2023-01-11T22:59:45Z,2023-01-11 23:59:45,1673477985,41.217,-3.59,184.73,1.0,252,98,82,92,-1,9,0,7,9,0,1,13,0,2,8,0,6,9,0,7,9,0,7,1015.14,1009.92,0.1,4.8,3.61
ICEREZ2,Europe/Madrid,2023-01-12T22:59:45Z,2023-01-12 23:59:45,1673564385,41.217,-3.59,914.83,8.0,228,99,47,86,-1,13,-2,3,6,0,0,9,0,1,6,-2,1,13,-2,3,13,-2,3,1015.24,1010.63,-0.11,1.19,0.2
ICEREZ2,Europe/Madrid,2023-01-13T22:59:45Z,2023-01-13 23:59:45,1673650785,41.217,-3.59,323.58,3.0,235,97,71,86,-1,9,0,4,5,0,0,7,0,1,5,-1,2,9,0,4,9,0,4,1013.92,1010.74,0.04,0.0,0.0
ICEREZ2,Europe/Madrid,2023-01-14T22:59:44Z,2023-01-14 23:59:44,1673737184,41.217,-3.59,336.54,3.0,229,97,66,86,-1,12,-1,5,9,0,1,11,0,1,8,-2,3,12,-1,5,12,-1,5,1012.84,1007.42,-0.2,0.0,0.0
ICEREZ2,Europe/Madrid,2023-01-15T22:59:45Z,2023-01-15 23:59:45,1673823585,41.217,-3.59,270.24,2.0,247,96,78,88,-1,8,-1,5,16,0,2,22,0,4,6,-2,3,8,-2,4,8,-1,5,1008.43,1005.01,-0.08,6.6,3.3
ICEREZ2,Europe/Madrid,2023-01-16T22:59:44Z,2023-01-16 23:59:44,1673909984,41.217,-3.59,121.85,1.0,236,97,80,93,-1,7,1,5,19,0,5,35,0,9,7,-2,4,7,-1,4,7,1,5,1006.33,988.72,-0.73,4.8,20.8
ICEREZ2,Europe/Madrid,2023-01-17T22:59:44Z,2023-01-17 23:59:44,1673996384,41.217,-3.59,432.45,4.0,264,97,77,90,-1,7,0,4,26,0,8,40,0,12,6,-2,2,7,-4,2,7,0,4,989.33,984.73,-0.05,4.19,7.9
ICEREZ2,Europe/Madrid,2023-01-18T22:59:45Z,2023-01-18 23:59:45,1674082785,41.217,-3.59,279.78,2.0,263,98,76,90,-1,1,-2,-1,15,0,4,24,0,6,-1,-3,-2,1,-6,-1,1,-2,-1,1001.83,987.44,0.58,4.8,1.8
ICEREZ2,Europe/Madrid,2023-01-19T22:59:44Z,2023-01-19 23:59:44,1674169184,41.217,-3.59,207.36,2.0,257,99,85,93,-1,5,-2,1,15,0,3,28,0,5,5,-3,0,5,-6,0,5,-2,1,1004.44,998.82,-0.07,4.8,16.0
ICEREZ2,Europe/Madrid,2023-01-20T22:59:45Z,2023-01-20 23:59:45,1674255585,41.217,-3.59,592.47,5.0,267,99,76,91,-1,7,3,5,16,0,2,22,0,3,6,2,4,7,3,5,7,3,5,1005.32,999.63,0.21,4.8,2.79
ICEREZ2,Europe/Madrid,2023-01-21T22:49:31Z,2023-01-21 23:49:31,1674341371,41.217,-3.59,340.46,3.0,328,99,53,88,-1,5,-4,3,12,0,1,18,0,2,4,-5,1,5,-4,3,5,-4,3,1008.64,1004.13,0.14,4.8,2.49
ICEREZ2,Europe/Madrid,2023-01-22T22:56:33Z,2023-01-22 23:56:33,1674428193,41.217,-3.59,353.91,3.0,261,96,60,84,-1,3,-6,-2,9,0,1,13,0,2,-3,-7,-5,2,-6,-3,3,-6,-2,1010.94,1007.82,0.08,1.8,0.3
ICEREZ2,Europe/Madrid,2023-01-23T22:59:45Z,2023-01-23 23:59:45,1674514785,41.217,-3.59,248.46,2.0,289,96,78,87,-1,2,-5,-1,13,0,2,22,0,4,-1,-6,-3,2,-5,-1,2,-5,-1,1010.53,1004.91,-0.17,0.0,0.0
ICEREZ2,Europe/Madrid,2023-01-24T22:59:45Z,2023-01-24 23:59:45,1674601185,41.217,-3.59,484.45,4.0,277,96,60,85,-1,4,-6,-1,9,0,1,17,0,1,-1,-6,-4,4,-6,-1,4,-6,-1,1009.41,1005.52,0.12,0.0,0.0
ICEREZ2,Europe/Madrid,2023-01-25T22:59:47Z,2023-01-25 23:59:47,1674687587,41.217,-3.59,368.23,3.0,257,97,66,87,-1,4,-8,-2,8,0,1,11,0,1,-1,-8,-4,4,-8,-2,4,-8,-2,1011.04,1008.53,0.01,1.19,0.2
ICEREZ2,Europe/Madrid,2023-01-26T22:59:47Z,2023-01-26 23:59:47,1674773987,41.217,-3.59,423.28,4.0,273,96,69,87,-1,3,-3,0,10,0,2,15,0,3,0,-3,-1,3,-3,0,3,-3,0,1009.52,1001.52,-0.27,0.0,0.0
ICEREZ2,Europe/Madrid,2023-01-27T22:59:48Z,2023-01-27 23:59:48,1674860388,41.217,-3.59,515.77,5.0,291,97,61,86,-1,3,-5,-1,17,0,2,28,0,4,0,-6,-3,3,-5,-1,3,-5,-1,1003.32,1001.22,0.0,0.0,0.0
ICEREZ2,Europe/Madrid,2023-01-28T22:59:47Z,2023-01-28 23:59:47,1674946787,41.217,-3.59,482.74,4.0,292,95,63,84,-1,5,-4,-1,13,0,1,20,0,2,-1,-6,-3,5,-4,-1,5,-4,-1,1006.84,1002.64,0.15,0.0,0.0
ICEREZ2,Europe/Madrid,2023-01-29T22:59:48Z,2023-01-29 23:59:48,1675033188,41.217,-3.59,396.86,3.0,266,96,57,83,-1,4,-7,-2,7,0,1,9,0,1,-3,-8,-5,4,-7,-2,4,-7,-2,1009.41,1005.72,0.11,0.0,0.0
ICEREZ2,Europe/Madrid,2023-01-30T22:59:50Z,2023-01-30 23:59:50,1675119590,41.217,-3.59,385.6,3.0,243,95,49,79,-1,6,-8,-2,6,0,1,7,0,1,-1,-9,-5,6,-8,-2,6,-8,-2,1013.34,1008.74,0.16,0.0,0.0
ICEREZ2,Europe/Madrid,2023-01-31T22:59:49Z,2023-01-31 23:59:49,1675205989,41.217,-3.59,382.18,3.0,242,95,62,83,-1,5,-6,-1,6,0,1,9,0,1,0,-8,-4,5,-6,-1,5,-6,-1,1013.61,1011.31,-0.05,1.8,0.3
ICEREZ2,Europe/Madrid,2023-02-01T22:59:51Z,2023-02-01 23:59:51,1675292391,41.217,-3.59,395.15,3.0,242,96,69,89,-1,7,-7,-1,6,0,1,7,0,1,3,-8,-3,7,-7,-1,7,-7,-1,1012.53,1009.82,-0.03,0.0,0.0
ICEREZ2,Europe/Madrid,2023-02-02T22:59:51Z,2023-02-02 23:59:51,1675378791,41.217,-3.59,405.54,3.0,230,95,32,75,-1,12,-5,1,5,0,1,7,0,1,1,-6,-3,12,-5,1,12,-5,1,1015.04,1010.53,0.16,1.19,0.2
ICEREZ2,Europe/Madrid,2023-02-03T22:59:51Z,2023-02-03 23:59:51,1675465191,41.217,-3.59,409.94,4.0,194,89,39,69,-1,13,-4,3,4,0,1,7,0,1,1,-6,-3,13,-4,3,13,-4,3,1016.63,1013.82,0.05,0.0,0.0
ICEREZ2,Europe/Madrid,2023-02-04T22:59:52Z,2023-02-04 23:59:52,1675551592,41.217,-3.59,417.66,4.0,201,83,32,64,-1,13,-3,3,6,0,1,7,0,1,1,-7,-3,13,-3,3,13,-3,3,1016.63,1014.53,0.0,0.0,0.0
ICEREZ2,Europe/Madrid,2023-02-05T22:59:52Z,2023-02-05 23:59:52,1675637992,41.217,-3.59,432.94,4.0,202,84,38,65,-1,13,-6,2,5,0,1,7,0,1,2,-9,-5,13,-6,2,13,-6,2,1016.63,1012.53,-0.13,0.0,0.0
ICEREZ2,Europe/Madrid,2023-02-06T22:59:51Z,2023-02-06 23:59:51,1675724391,41.217,-3.59,441.51,4.0,269,93,32,69,-1,9,-5,1,20,0,3,31,0,4,0,-8,-4,9,-5,1,9,-5,1,1013.14,1005.83,-0.23,0.0,0.0
ICEREZ2,Europe/Madrid,2023-02-07T22:59:51Z,2023-02-07 23:59:51,1675810791,41.217,-3.59,442.0,4.0,225,92,61,75,-1,5,-5,1,9,0,1,13,0,1,0,-6,-3,5,-6,1,5,-5,1,1007.72,1002.13,-0.11,0.0,0.0
ICEREZ2,Europe/Madrid,2023-02-08T22:59:52Z,2023-02-08 23:59:52,1675897192,41.217,-3.59,521.76,5.0,213,93,52,74,-1,11,-3,3,10,0,1,15,0,2,2,-5,-2,11,-5,3,11,-3,3,1010.13,1004.54,0.21,0.0,0.0
ICEREZ2,Europe/Madrid,2023-02-09T22:59:52Z,2023-02-09 23:59:52,1675983592,41.217,-3.59,575.22,5.0,253,96,47,79,-1,9,-6,0,6,0,0,9,0,1,2,-7,-3,9,-6,0,9,-6,0,1016.22,1009.52,0.26,0.0,0.0
ICEREZ2,Europe/Madrid,2023-02-10T22:59:53Z,2023-02-10 23:59:53,1676069993,41.217,-3.59,477.96,4.0,206,91,42,70,-1,11,-6,1,10,0,1,15,0,2,0,-8,-4,11,-6,1,11,-6,1,1017.44,1014.63,-0.05,0.0,0.0
ICEREZ2,Europe/Madrid,2023-02-11T22:59:53Z,2023-02-11 23:59:53,1676156393,41.217,-3.59,504.88,4.0,147,76,29,58,-1,10,-2,4,25,0,3,40,0,5,-2,-8,-4,10,-4,3,10,-2,4,1015.14,1011.62,-0.05,0.0,0.0
ICEREZ2,Europe/Madrid,2023-02-12T22:59:53Z,2023-02-12 23:59:53,1676242793,41.217,-3.59,532.28,5.0,148,83,51,68,-1,9,-1,4,14,0,2,20,0,4,0,-5,-2,9,-3,4,9,-1,4,1014.22,1011.72,-0.02,0.0,0.0
ICEREZ2,Europe/Madrid,2023-02-13T22:59:53Z,2023-02-13 23:59:53,1676329193,41.217,-3.59,548.67,5.0,126,84,45,64,-1,10,-1,6,18,0,5,29,0,8,2,-4,-1,10,-2,5,10,-1,6,1015.14,1012.63,0.0,0.0,0.0
ICEREZ2,Europe/Madrid,2023-02-14T22:59:52Z,2023-02-14 23:59:52,1676415592,41.217,-3.59,648.87,14.0,164,77,54,68,-1,9,4,6,23,0,6,31,0,9,2,-2,1,9,1,5,9,4,6,1013.61,1010.63,-0.07,0.0,0.0
ICEREZ2,Europe/Madrid,2023-02-15T22:59:53Z,2023-02-15 23:59:53,1676501993,41.217,-3.59,548.67,5.0,129,89,48,69,-1,13,-1,6,21,0,3,33,0,4,3,-3,1,13,-1,6,13,-1,6,1015.61,1010.43,0.17,0.0,0.0
ICEREZ2,Europe/Madrid,2023-02-16T22:59:51Z,2023-02-16 23:59:51,1676588391,41.217,-3.59,548.67,5.0,186,93,26,65,-1,14,-3,5,14,0,2,20,0,3,2,-6,-2,14,-3,5,14,-3,5,1017.44,1015.04,0.06,0.0,0.0
ICEREZ2,Europe/Madrid,2023-02-17T22:59:51Z,2023-02-17 23:59:51,1676674791,41.217,-3.59,598.22,5.0,203,75,13,47,-1,17,-3,5,13,0,1,15,0,2,-1,-12,-6,17,-3,5,17,-3,5,1018.42,1015.34,0.03,0.0,0.0
ICEREZ2,Europe/Madrid,2023-02-18T22:59:50Z,2023-02-18 23:59:50,1676761190,41.217,-3.59,462.79,4.0,186,71,32,52,-1,16,-2,7,13,0,1,17,0,2,3,-8,-2,16,-2,7,16,-2,7,1017.81,1014.43,-0.08,0.0,0.0
ICEREZ2,Europe/Madrid,2023-02-19T22:59:50Z,2023-02-19 23:59:50,1676847590,41.217,-3.59,480.17,4.0,174,81,40,60,-1,18,4,10,15,0,1,20,0,2,5,1,3,18,4,10,18,4,10,1015.82,1012.12,-0.09,0.0,0.0
ICEREZ2,Europe/Madrid,2023-02-20T22:59:49Z,2023-02-20 23:59:49,1676933989,41.217,-3.59,484.45,4.0,141,74,28,44,-1,18,6,13,19,0,3,33,0,5,3,-2,0,18,6,13,18,6,13,1013.72,1008.53,-0.17,0.0,0.0
ICEREZ2,Europe/Madrid,2023-02-21T22:59:49Z,2023-02-21 23:59:49,1677020389,41.217,-3.59,580.36,5.0,189,97,40,61,-1,15,4,10,15,0,2,26,0,3,6,-2,2,15,4,10,15,4,10,1009.62,1005.83,-0.06,8.99,2.31
ICEREZ2,Europe/Madrid,2023-02-22T22:59:47Z,2023-02-22 23:59:47,1677106787,41.217,-3.59,569.96,5.0,251,97,67,89,-1,11,3,6,7,0,1,9,0,1,7,2,5,11,3,6,11,3,6,1008.23,1003.32,-0.19,0.0,0.0
ICEREZ2,Europe/Madrid,2023-02-23T22:59:48Z,2023-02-23 23:59:48,1677193188,41.217,-3.59,137.87,1.0,254,99,88,95,-1,6,-1,2,12,0,1,17,0,2,4,-2,1,6,-5,2,6,-1,2,1013.82,999.63,0.43,3.0,6.91
ICEREZ2,Europe/Madrid,2023-02-24T22:59:48Z,2023-02-24 23:59:48,1677279588,41.217,-3.59,766.92,7.0,217,99,58,87,-1,6,-8,-1,5,0,0,5,0,0,0,-8,-3,6,-8,-1,6,-8,-1,1013.92,1010.43,-0.11,3.61,3.99
ICEREZ2,Europe/Madrid,2023-02-25T22:59:47Z,2023-02-25 23:59:47,1677365987,41.217,-3.59,667.96,6.0,241,94,52,79,-1,7,-7,0,10,0,1,15,0,1,0,-8,-4,7,-7,0,7,-7,0,1011.24,1007.62,-0.02,1.8,0.3
ICEREZ2,Europe/Madrid,2023-02-26T22:59:47Z,2023-02-26 23:59:47,1677452387,41.217,-3.59,776.46,7.0,278,97,69,85,-1,3,-3,0,15,0,2,22,0,4,0,-6,-2,3,-6,0,3,-3,0,1016.42,1010.43,0.22,0.0,0.0
ICEREZ2,Europe/Madrid,2023-02-27T22:59:49Z,2023-02-27 23:59:49,1677538789,41.217,-3.59,747.35,7.0,290,88,52,74,-1,0,-4,-2,20,0,5,29,0,8,-4,-9,-6,0,-8,-4,0,-4,-2,1019.74,1014.93,0.16,0.0,0.0
ICEREZ2,Europe/Madrid,2023-02-28T22:59:50Z,2023-02-28 23:59:50,1677625190,41.217,-3.59,587.33,5.0,292,86,60,75,-1,1,-3,-2,13,0,2,22,0,3,-3,-8,-5,1,-6,-2,1,-3,-2,1022.93,1019.44,0.05,0.0,0.0
ICEREZ2,Europe/Madrid,2023-03-01T22:59:50Z,2023-03-01 23:59:50,1677711590,41.217,-3.59,725.7,7.0,289,86,51,72,-1,3,-3,-1,13,0,2,20,0,3,-4,-8,-6,3,-7,-1,3,-3,-1,1021.13,1016.02,-0.13,0.0,0.0
ICEREZ2,Europe/Madrid,2023-03-02T22:59:50Z,2023-03-02 23:59:50,1677797990,41.217,-3.59,776.46,7.0,254,93,58,80,-1,5,-7,-1,8,0,1,11,0,1,-2,-8,-5,5,-7,-1,5,-7,-1,1022.62,1017.03,0.2,0.0,0.0
ICEREZ2,Europe/Madrid,2023-03-03T22:59:50Z,2023-03-03 23:59:50,1677884390,41.217,-3.59,754.33,7.0,271,94,50,79,-1,7,-6,0,10,0,1,15,0,2,-1,-7,-3,7,-7,0,7,-6,0,1022.42,1019.64,-0.02,0.0,0.0
ICEREZ2,Europe/Madrid,2023-03-04T22:59:50Z,2023-03-04 23:59:50,1677970790,41.217,-3.59,614.25,5.0,253,95,52,76,-1,10,-4,2,9,0,1,11,0,1,1,-5,-2,10,-4,2,10,-4,2,1022.93,1019.74,-0.05,0.0,0.0
ICEREZ2,Europe/Madrid,2023-03-05T22:59:50Z,2023-03-05 23:59:50,1678057190,41.217,-3.59,344.37,3.0,232,97,46,80,-1,9,-4,2,10,0,1,13,0,1,3,-5,-1,9,-4,2,9,-4,2,1020.93,1014.22,-0.26,3.0,1.8
ICEREZ2,Europe/Madrid,2023-03-06T22:59:51Z,2023-03-06 23:59:51,1678143591,41.217,-3.59,607.28,5.0,254,99,82,93,-1,10,3,5,10,0,1,15,0,2,7,2,5,10,3,5,10,3,5,1015.24,1012.43,-0.07,3.0,2.49
ICEREZ2,Europe/Madrid,2023-03-07T22:59:49Z,2023-03-07 23:59:49,1678229989,41.217,-3.59,831.52,8.0,254,98,66,83,-1,11,6,8,15,0,3,24,0,4,7,4,5,11,3,8,11,6,8,1015.71,1010.43,0.1,3.0,1.3
ICEREZ2,Europe/Madrid,2023-03-08T22:59:48Z,2023-03-08 23:59:48,1678316388,41.217,-3.59,723.5,7.0,224,85,54,72,-1,17,7,12,15,0,2,28,0,4,9,4,7,17,7,12,17,7,12,1016.42,1013.04,0.05,0.0,0.0
ICEREZ2,Europe/Madrid,2023-03-09T22:59:47Z,2023-03-09 23:59:47,1678402787,41.217,-3.59,835.92,8.0,228,97,59,87,-1,13,7,10,18,0,3,31,0,5,9,5,7,13,6,9,13,7,10,1020.22,1014.12,0.16,10.21,16.51
ICEREZ2,Europe/Madrid,2023-03-10T22:59:46Z,2023-03-10 23:59:46,1678489186,41.217,-3.59,802.89,7.0,259,89,67,81,-1,14,6,10,17,0,4,22,0,6,9,4,6,14,5,9,14,6,10,1026.31,1020.12,0.25,0.0,0.0
ICEREZ2,Europe/Madrid,2023-03-11T22:59:45Z,2023-03-11 23:59:45,1678575585,41.217,-3.59,897.46,8.0,236,98,74,87,-1,13,8,11,12,0,2,18,0,4,10,7,9,13,8,11,13,8,11,1026.41,1023.74,-0.01,1.8,1.19
ICEREZ2,Europe/Madrid,2023-03-12T22:59:44Z,2023-03-12 23:59:44,1678661984,41.217,-3.59,674.07,6.0,240,94,45,76,-1,22,9,14,10,0,2,13,0,3,12,8,10,22,9,14,21,9,14,1026.21,1021.74,-0.16,0.0,0.0
ICEREZ2,Europe/Madrid,2023-03-13T22:59:59Z,2023-03-13 23:59:59,1678748399,41.217,-3.59,845.46,8.0,245,96,29,67,-1,20,5,12,21,0,4,29,0,6,10,0,5,20,5,12,20,5,12,1022.22,1015.51,-0.03,0.0,0.0
ICEREZ2,Europe/Madrid,2023-03-14T22:59:59Z,2023-03-14 23:59:59,1678834799,41.217,-3.59,774.75,7.0,261,87,44,71,-1,13,3,7,13,0,3,17,0,4,4,1,2,13,2,7,13,3,7,1024.72,1021.13,0.11,0.0,0.0
ICEREZ2,Europe/Madrid,2023-03-15T22:59:58Z,2023-03-15 23:59:58,1678921198,41.217,-3.59,692.3,6.0,219,93,28,61,-1,20,1,10,9,0,1,13,0,2,5,-3,2,20,1,10,20,1,10,1024.31,1018.22,-0.25,0.0,0.0
ICEREZ2,Europe/Madrid,2023-03-16T22:59:57Z,2023-03-16 23:59:57,1679007597,41.217,-3.59,722.27,7.0,203,80,26,42,-1,21,5,14,21,0,3,28,0,5,4,-2,1,21,5,14,21,5,14,1018.83,1011.92,-0.22,0.0,0.0
ICEREZ2,Europe/Madrid,2023-03-17T22:59:56Z,2023-03-17 23:59:56,1679093996,41.217,-3.59,887.92,8.0,230,91,36,60,-1,16,7,12,16,0,3,26,0,5,7,0,4,16,6,12,16,7,12,1017.71,1012.33,0.18,3.0,1.09
ICEREZ2,Europe/Madrid,2023-03-18T22:59:56Z,2023-03-18 23:59:56,1679180396,41.217,-3.59,769.98,7.0,256,96,68,88,-1,11,4,7,10,0,1,15,0,2,7,3,5,11,3,7,11,4,7,1021.33,1016.93,0.15,22.81,10.39
ICEREZ2,Europe/Madrid,2023-03-19T22:59:54Z,2023-03-19 23:59:54,1679266794,41.217,-3.59,798.97,7.0,263,99,41,79,-1,15,2,7,10,0,1,13,0,1,7,0,4,15,2,7,15,2,7,1025.94,1020.83,0.18,1.19,0.2
ICEREZ2,Europe/Madrid,2023-03-20T22:59:53Z,2023-03-20 23:59:53,1679353193,41.217,-3.59,768.63,7.0,232,89,20,59,-1,18,1,9,8,0,1,11,0,1,3,-7,0,18,1,9,18,1,9,1025.43,1021.84,-0.11,0.0,0.0
ICEREZ2,Europe/Madrid,2023-03-21T22:59:54Z,2023-03-21 23:59:54,1679439594,41.217,-3.59,1033.74,10.0,234,87,28,64,-1,18,3,10,9,0,1,11,0,2,7,-3,3,18,3,10,18,3,10,1022.93,1019.13,-0.07,0.0,0.0
ICEREZ2,Europe/Madrid,2023-03-22T22:59:53Z,2023-03-22 23:59:53,1679525993,41.217,-3.59,769.98,7.0,221,88,19,61,-1,21,3,11,10,0,1,17,0,2,7,-4,3,21,3,11,21,3,11,1021.23,1017.24,-0.08,0.0,0.0
ICEREZ2,Europe/Madrid,2023-03-23T22:59:52Z,2023-03-23 23:59:52,1679612392,41.217,-3.59,1036.31,10.0,186,77,26,51,-1,20,3,11,13,0,1,22,0,2,4,-2,1,20,3,11,20,3,11,1019.64,1016.32,0.0,0.0,0.0
ICEREZ2,Europe/Madrid,2023-03-24T22:59:50Z,2023-03-24 23:59:50,1679698790,41.217,-3.59,792.49,7.0,238,84,52,69,-1,17,4,10,13,0,2,17,0,2,9,0,5,17,4,10,17,4,10,1024.92,1018.73,0.23,0.0,0.0
ICEREZ2,Europe/Madrid,2023-03-25T22:59:50Z,2023-03-25 23:59:50,1679785190,41.217,-3.59,826.75,8.0,243,96,26,68,-1,18,1,11,10,0,2,24,0,3,7,-3,4,18,1,11,18,1,11,1025.33,1022.01,-0.04,0.0,0.0
ICEREZ2,Europe/Madrid,2023-03-26T21:59:49Z,2023-03-26 23:59:49,1679867989,41.217,-3.59,810.36,7.0,253,93,23,61,-1,16,3,11,15,0,3,20,0,5,8,-6,3,16,3,11,16,3,11,1025.53,1021.74,0.08,1.8,0.3
ICEREZ2,Europe/Madrid,2023-03-27T21:59:49Z,2023-03-27 23:59:49,1679954389,41.217,-3.59,802.53,7.0,244,90,18,57,-1,16,-2,7,9,0,1,13,0,1,2,-8,-3,16,-2,7,16,-2,7,1026.21,1023.84,0.01,0.0,0.0
ICEREZ2,Europe/Madrid,2023-03-28T21:59:48Z,2023-03-28 23:59:48,1680040788,41.217,-3.59,770.84,7.0,164,74,19,43,-1,23,1,12,10,0,2,17,0,3,2,-6,-2,23,1,12,22,1,12,1026.52,1024.31,0.01,0.0,0.0
ICEREZ2,Europe/Madrid,2023-03-29T21:59:47Z,2023-03-29 23:59:47,1680127187,41.217,-3.59,778.18,7.0,132,59,21,33,-1,24,7,17,15,0,4,26,0,6,4,-3,0,24,7,17,23,7,17,1026.31,1022.11,-0.06,0.0,0.0
ICEREZ2,Europe/Madrid,2023-03-30T21:59:45Z,2023-03-30 23:59:45,1680213585,41.217,-3.59,806.44,7.0,223,84,29,54,-1,20,8,14,9,0,2,18,0,3,7,1,4,20,8,14,20,8,14,1027.33,1024.01,0.03,0.0,0.0
ICEREZ2,Europe/Madrid,2023-03-31T21:59:44Z,2023-03-31 23:59:44,1680299984,41.217,-3.59,888.77,8.0,252,86,43,61,-1,18,9,13,13,0,3,22,0,5,8,1,6,18,9,13,18,9,13,1026.14,1021.84,-0.03,0.0,0.0
ICEREZ2,Europe/Madrid,2023-04-01T21:59:59Z,2023-04-01 23:59:59,1680386399,41.217,-3.59,1034.59,10.0,259,86,46,72,-1,15,4,9,17,0,3,20,0,4,6,0,4,15,4,9,15,4,9,1025.33,1020.62,0.01,0.0,0.0
ICEREZ2,Europe/Madrid,2023-04-02T21:59:59Z,2023-04-02 23:59:59,1680472799,41.217,-3.59,1006.34,9.0,287,92,32,68,-1,13,-3,5,15,0,2,24,0,3,3,-5,-1,13,-3,5,13,-3,5,1027.53,1024.82,0.05,0.0,0.0
ICEREZ2,Europe/Madrid,2023-04-03T21:59:59Z,2023-04-03 23:59:59,1680559199,41.217,-3.59,811.58,7.0,250,85,19,51,-1,17,-4,6,12,0,1,15,0,1,-1,-9,-5,17,-5,6,17,-4,6,1026.41,1016.53,-0.38,0.0,0.0
ICEREZ2,Europe/Madrid,2023-04-04T21:59:58Z,2023-04-04 23:59:58,1680645598,41.217,-3.59,815.98,7.0,143,79,11,44,-1,17,-3,7,17,0,2,24,0,4,0,-14,-7,17,-3,7,17,-3,7,1017.71,1012.94,0.0,0.0,0.0
ICEREZ2,Europe/Madrid,2023-04-05T21:59:58Z,2023-04-05 23:59:58,1680731998,41.217,-3.59,815.49,7.0,218,62,10,33,-1,20,-5,7,9,0,1,13,0,2,-4,-16,-10,20,-5,7,20,-5,7,1017.71,1014.43,-0.04,0.0,0.0
ICEREZ2,Europe/Madrid,2023-04-06T21:59:57Z,2023-04-06 23:59:57,1680818397,41.217,-3.59,824.18,8.0,229,57,10,32,-1,21,0,10,9,0,1,13,0,2,-2,-15,-8,21,0,10,21,0,10,1017.24,1014.93,0.0,0.0,0.0
ICEREZ2,Europe/Madrid,2023-04-07T21:59:57Z,2023-04-07 23:59:57,1680904797,41.217,-3.59,818.55,7.0,229,62,13,37,-1,22,2,12,9,0,1,13,0,2,0,-8,-4,22,2,12,21,2,12,1016.63,1013.24,-0.04,0.0,0.0
ICEREZ2,Europe/Madrid,2023-04-08T21:59:56Z,2023-04-08 23:59:56,1680991196,41.217,-3.59,807.29,7.0,189,71,21,42,-1,24,3,13,9,0,1,15,0,2,3,-3,0,24,3,13,23,3,13,1017.54,1014.63,0.08,0.0,0.0
ICEREZ2,Europe/Madrid,2023-04-09T21:59:55Z,2023-04-09 23:59:55,1681077595,41.217,-3.59,758.73,7.0,220,70,19,45,-1,24,5,14,11,0,2,15,0,2,4,-2,1,24,5,14,23,5,14,1021.13,1016.83,0.14,0.0,0.0
ICEREZ2,Europe/Madrid,2023-04-10T21:59:54Z,2023-04-10 23:59:54,1681163994,41.217,-3.59,817.21,7.0,236,69,19,45,-1,23,7,14,11,0,1,20,0,2,5,-3,1,23,7,14,22,7,14,1022.72,1019.64,0.08,0.0,0.0
ICEREZ2,Europe/Madrid,2023-04-11T21:59:53Z,2023-04-11 23:59:53,1681250393,41.217,-3.59,844.12,8.0,224,86,26,53,-1,23,5,14,9,0,1,15,0,2,8,-1,4,23,5,14,22,5,14,1022.93,1016.22,-0.26,0.0,0.0
ICEREZ2,Europe/Madrid,2023-04-12T21:59:51Z,2023-04-12 23:59:51,1681336791,41.217,-3.59,716.65,6.0,239,94,50,73,-1,12,6,10,9,0,2,20,0,3,9,0,5,12,6,10,12,6,10,1016.73,1012.12,-0.1,4.8,2.79
ICEREZ2,Europe/Madrid,2023-04-13T21:59:51Z,2023-04-13 23:59:51,1681423191,41.217,-3.59,1066.28,10.0,260,96,38,68,-1,12,-1,6,12,0,2,18,0,3,3,-2,0,12,-1,6,12,-1,6,1017.54,1014.12,0.12,0.0,0.0
ICEREZ2,Europe/Madrid,2023-04-14T21:59:50Z,2023-04-14 23:59:50,1681509590,41.217,-3.59,1077.54,10.0,255,95,58,77,-1,16,5,9,10,0,2,17,0,4,9,2,5,16,3,9,16,5,9,1017.54,1014.33,0.01,3.61,3.61
ICEREZ2,Europe/Madrid,2023-04-15T21:59:49Z,2023-04-15 23:59:49,1681595989,41.217,-3.59,986.03,9.0,274,95,46,71,-1,17,4,10,14,0,2,22,0,4,6,3,5,17,4,10,17,4,10,1022.22,1017.24,0.19,0.0,0.0
ICEREZ2,Europe/Madrid,2023-04-16T21:59:49Z,2023-04-16 23:59:49,1681682389,41.217,-3.59,876.66,8.0,315,93,21,58,-1,20,4,12,14,0,2,17,0,3,6,-4,2,20,4,12,20,4,12,1022.22,1016.93,-0.17,0.0,0.0
ICEREZ2,Europe/Madrid,2023-04-17T21:59:48Z,2023-04-17 23:59:48,1681768788,41.217,-3.59,875.8,8.0,253,78,23,49,-1,20,0,10,13,0,2,17,0,2,3,-5,-1,20,0,10,20,0,10,1018.02,1012.53,-0.19,0.0,0.0
ICEREZ2,Europe/Madrid,2023-04-18T21:59:46Z,2023-04-18 23:59:46,1681855186,41.217,-3.59,878.0,8.0,226,80,19,47,-1,21,-1,10,9,0,1,13,0,2,0,-5,-3,21,-1,10,21,-1,10,1013.61,1008.84,-0.1,0.0,0.0
ICEREZ2,Europe/Madrid,2023-04-19T21:59:46Z,2023-04-19 23:59:46,1681941586,41.217,-3.59,921.8,8.0,139,71,21,48,-1,24,3,15,17,0,3,28,0,5,6,-3,3,24,3,15,23,3,15,1012.23,1009.72,0.05,0.0,0.0
ICEREZ2,Europe/Madrid,2023-04-20T21:59:44Z,2023-04-20 23:59:44,1682027984,41.217,-3.59,884.0,8.0,226,75,22,47,-1,24,5,15,10,0,1,18,0,2,5,0,2,24,5,15,23,5,14,1012.12,1007.52,-0.16,0.0,0.0
ICEREZ2,Europe/Madrid,2023-04-21T21:59:44Z,2023-04-21 23:59:44,1682114384,41.217,-3.59,944.31,14.0,159,71,29,46,-1,23,6,15,18,0,3,29,0,4,7,0,3,23,6,15,22,6,15,1008.84,1004.03,-0.03,0.0,0.0
ICEREZ2,Europe/Madrid,2023-04-22T21:59:59Z,2023-04-22 23:59:59,1682200799,41.217,-3.59,1137.36,11.0,258,99,39,75,-1,16,6,11,7,0,1,13,0,2,9,1,6,16,6,11,16,6,11,1014.02,1006.64,0.27,10.8,11.4
ICEREZ2,Europe/Madrid,2023-04-23T21:59:58Z,2023-04-23 23:59:58,1682287198,41.217,-3.59,1050.62,10.0,217,89,40,64,-1,20,5,12,10,0,2,18,0,3,8,3,5,20,5,12,20,5,12,1016.63,1013.51,0.11,0.0,0.0
ICEREZ2,Europe/Madrid,2023-04-24T21:59:57Z,2023-04-24 23:59:57,1682373597,41.217,-3.59,867.61,8.0,247,89,31,62,-1,22,10,15,9,0,1,15,0,2,9,3,7,22,10,15,21,10,15,1018.02,1015.34,0.04,0.0,0.0
ICEREZ2,Europe/Madrid,2023-04-25T21:59:55Z,2023-04-25 23:59:55,1682459995,41.217,-3.59,933.91,9.0,234,93,29,62,-1,24,7,15,8,0,1,13,0,2,11,4,7,24,7,15,23,7,15,1017.71,1014.63,-0.04,0.0,0.0
ICEREZ2,Europe/Madrid,2023-04-26T21:59:55Z,2023-04-26 23:59:55,1682546395,41.217,-3.59,1034.59,10.0,235,91,24,56,-1,26,8,17,10,0,1,18,0,2,11,2,7,26,8,17,25,8,16,1017.03,1014.02,0.01,0.0,0.0
ICEREZ2,Europe/Madrid,2023-04-27T21:59:53Z,2023-04-27 23:59:53,1682632793,41.217,-3.59,1215.9,11.0,211,73,20,43,-1,28,9,19,9,0,1,15,0,2,8,1,5,28,9,19,27,9,19,1017.03,1014.43,-0.05,0.0,0.0
ICEREZ2,Europe/Madrid,2023-04-28T21:59:52Z,2023-04-28 23:59:52,1682719192,41.217,-3.59,911.77,8.0,168,58,20,37,-1,28,13,21,14,0,1,18,0,2,9,1,5,28,13,21,27,13,20,1016.42,1013.72,0.02,0.0,0.0
ICEREZ2,Europe/Madrid,2023-04-29T21:59:50Z,2023-04-29 23:59:50,1682805590,41.217,-3.59,884.98,8.0,240,78,36,58,-1,23,10,16,13,0,1,18,0,2,12,3,8,23,10,16,22,10,16,1018.42,1015.44,0.09,0.0,0.0
ICEREZ2,Europe/Madrid,2023-04-30T21:59:49Z,2023-04-30 23:59:49,1682891989,41.217,-3.59,907.85,8.0,241,94,38,65,-1,21,6,13,10,0,1,18,0,2,10,4,6,21,6,13,21,6,13,1019.24,1016.73,0.02,0.0,0.0
ICEREZ2,Europe/Madrid,2023-05-01T21:59:49Z,2023-05-01 23:59:49,1682978389,41.217,-3.59,969.02,9.0,237,89,24,56,-1,23,3,13,12,0,1,17,0,2,6,0,3,23,3,13,22,3,13,1019.44,1017.24,0.03,0.0,0.0
ICEREZ2,Europe/Madrid,2023-05-02T21:59:48Z,2023-05-02 23:59:48,1683064788,41.217,-3.59,982.12,9.0,173,77,12,40,-1,27,4,16,8,0,1,11,0,2,6,-9,1,27,4,16,26,4,16,1019.44,1014.73,-0.14,0.0,0.0
ICEREZ2,Europe/Madrid,2023-05-03T21:59:46Z,2023-05-03 23:59:46,1683151186,41.217,-3.59,1010.74,9.0,139,54,24,34,-1,27,10,20,17,0,4,28,0,6,8,-1,3,27,10,20,26,10,20,1016.12,1012.84,-0.05,0.0,0.0
ICEREZ2,Europe/Madrid,2023-05-04T21:59:45Z,2023-05-04 23:59:45,1683237585,41.217,-3.59,1087.08,10.0,253,83,25,56,-1,23,10,16,9,0,1,15,0,2,10,1,6,23,10,16,22,10,16,1019.74,1014.73,0.2,0.0,0.0
ICEREZ2,Europe/Madrid,2023-05-05T21:59:44Z,2023-05-05 23:59:44,1683323984,41.217,-3.59,909.69,8.0,242,88,31,58,-1,24,7,15,6,0,1,9,0,1,9,3,6,24,7,15,23,7,15,1019.64,1015.24,-0.13,0.0,0.0
ICEREZ2,Europe/Madrid,2023-05-06T21:59:59Z,2023-05-06 23:59:59,1683410399,41.217,-3.59,986.88,9.0,224,82,23,52,-1,25,5,15,10,0,1,17,0,2,10,1,5,25,5,15,24,5,15,1017.54,1013.24,0.03,0.0,0.0
ICEREZ2,Europe/Madrid,2023-05-07T21:59:57Z,2023-05-07 23:59:57,1683496797,41.217,-3.59,1077.54,10.0,242,95,31,64,-1,23,6,15,12,0,1,20,0,2,11,4,7,23,6,15,22,6,15,1022.11,1016.42,0.18,1.19,0.2
ICEREZ2,Europe/Madrid,2023-05-08T21:59:56Z,2023-05-08 23:59:56,1683583196,41.217,-3.59,944.31,9.0,233,86,27,56,-1,26,6,16,10,0,1,17,0,1,9,3,6,26,6,16,25,6,16,1023.23,1020.22,0.0,0.0,0.0
ICEREZ2,Europe/Madrid,2023-05-09T21:59:54Z,2023-05-09 23:59:54,1683669594,41.217,-3.59,1216.39,11.0,258,84,49,68,-1,21,11,15,15,0,1,18,0,2,13,7,9,21,11,15,21,11,15,1022.01,1018.93,-0.03,0.0,0.0
ICEREZ2,Europe/Madrid,2023-05-10T21:59:55Z,2023-05-10 23:59:55,1683755995,41.217,-3.59,938.32,9.0,265,94,29,61,-1,19,3,12,10,0,1,15,0,2,8,0,3,19,3,12,19,3,12,1021.33,1010.63,-0.38,0.0,0.0
ICEREZ2,Europe/Madrid,2023-05-11T21:59:54Z,2023-05-11 23:59:54,1683842394,41.217,-3.59,930.85,9.0,288,90,36,61,-1,17,1,9,14,0,2,22,0,3,5,-1,1,17,1,9,17,1,9,1011.72,1008.84,-0.06,0.0,0.0
ICEREZ2,Europe/Madrid,2023-05-12T21:59:51Z,2023-05-12 23:59:51,1683928791,41.217,-3.59,1029.83,10.0,304,87,44,70,-1,13,3,8,17,0,2,24,0,3,7,1,2,13,3,8,13,3,8,1010.63,1007.52,0.01,7.19,2.01
ICEREZ2,Europe/Madrid,2023-05-13T21:59:52Z,2023-05-13 23:59:52,1684015192,41.217,-3.59,1167.82,11.0,289,96,36,68,-1,18,0,9,13,0,1,18,0,2,5,-1,2,18,0,9,18,0,9,1015.71,1010.13,0.22,0.0,0.0
ICEREZ2,Europe/Madrid,2023-05-14T21:59:50Z,2023-05-14 23:59:50,1684101590,41.217,-3.59,1052.83,10.0,276,92,40,74,-1,16,3,9,15,0,1,20,0,2,9,2,5,16,3,9,16,3,9,1016.42,1013.82,0.03,5.99,1.3
ICEREZ2,Europe/Madrid,2023-05-15T21:59:51Z,2023-05-15 23:59:51,1684187991,41.217,-3.59,1065.42,10.0,290,96,35,72,-1,16,1,8,15,0,2,24,0,3,6,0,3,16,1,8,16,1,8,1016.53,1012.63,-0.07,0.0,0.0
ICEREZ2,Europe/Madrid,2023-05-16T21:59:49Z,2023-05-16 23:59:49,1684274389,41.217,-3.59,917.88,8.0,247,95,29,64,-1,19,0,9,14,0,2,18,0,3,4,-1,2,19,0,9,19,0,9,1015.14,1010.63,-0.09,0.0,0.0
ICEREZ2,Europe/Madrid,2023-05-17T21:59:48Z,2023-05-17 23:59:48,1684360788,41.217,-3.59,891.46,8.0,223,90,16,52,-1,21,-3,9,19,0,3,31,0,5,1,-7,-2,21,-3,9,21,-3,9,1013.41,1009.82,0.03,0.0,0.0
ICEREZ2,Europe/Madrid,2023-05-18T21:59:48Z,2023-05-18 23:59:48,1684447188,41.217,-3.59,915.68,8.0,332,89,26,55,-1,18,-1,9,18,0,2,24,0,4,3,-3,0,18,-1,9,18,-1,9,1015.44,1011.31,0.07,0.0,0.0
ICEREZ2,Europe/Madrid,2023-05-19T21:59:47Z,2023-05-19 23:59:47,1684533587,41.217,-3.59,989.46,9.0,326,86,34,56,-1,17,0,9,17,0,2,26,0,4,3,-3,0,17,0,9,17,0,9,1015.34,1011.41,-0.05,0.0,0.0
ICEREZ2,Europe/Madrid,2023-05-20T21:59:46Z,2023-05-20 23:59:46,1684619986,41.217,-3.59,982.12,9.0,14,78,39,60,-1,17,1,9,15,0,2,24,0,3,5,-3,2,17,1,9,17,1,9,1013.82,1007.11,-0.23,0.0,0.0
ICEREZ2,Europe/Madrid,2023-05-21T21:59:45Z,2023-05-21 23:59:45,1684706385,41.217,-3.59,906.63,8.0,229,90,32,63,-1,20,2,12,12,0,1,22,0,1,8,1,4,20,2,12,20,2,12,1008.64,1005.72,-0.01,0.0,0.0
ICEREZ2,Europe/Madrid,2023-05-22T21:59:44Z,2023-05-22 23:59:44,1684792784,41.217,-3.59,992.02,9.0,245,85,32,56,-1,21,8,15,19,0,1,28,0,2,8,3,6,21,8,15,21,8,15,1009.41,1006.74,0.05,0.0,0.0
ICEREZ2,Europe/Madrid,2023-05-23T21:59:58Z,2023-05-23 23:59:58,1684879198,41.217,-3.59,1147.39,11.0,34,89,39,62,-1,22,11,15,21,0,4,40,0,6,12,6,8,22,11,15,22,11,15,1011.14,1007.42,0.07,1.8,0.71
ICEREZ2,Europe/Madrid,2023-05-24T21:59:57Z,2023-05-24 23:59:57,1684965597,41.217,-3.59,976.49,9.0,39,94,39,71,-1,23,8,15,13,0,2,22,0,3,13,7,9,23,8,15,23,8,15,1012.33,1009.21,0.05,6.6,1.8
ICEREZ2,Europe/Madrid,2023-05-25T21:59:56Z,2023-05-25 23:59:56,1685051996,41.217,-3.59,1069.34,10.0,270,96,32,71,-1,21,7,14,14,0,2,22,0,3,12,3,8,21,7,14,21,7,14,1012.73,1008.03,-0.09,11.99,12.19
ICEREZ2,Europe/Madrid,2023-05-26T21:59:54Z,2023-05-26 23:59:54,1685138394,41.217,-3.59,1062.37,10.0,72,96,58,76,-1,18,9,13,24,0,4,38,0,6,12,7,9,18,7,13,18,9,13,1013.24,1006.84,0.13,9.6,4.09
ICEREZ2,Europe/Madrid,2023-05-27T21:59:54Z,2023-05-27 23:59:54,1685224794,41.217,-3.59,984.32,9.0,95,92,37,66,-1,23,10,16,16,0,2,28,0,3,12,7,10,23,10,16,23,10,16,1013.24,1010.23,-0.08,0.0,0.0
ICEREZ2,Europe/Madrid,2023-05-28T21:59:52Z,2023-05-28 23:59:52,1685311192,41.217,-3.59,882.78,8.0,152,90,48,72,-1,20,9,15,15,0,1,20,0,2,12,7,10,20,9,15,20,9,15,1011.62,1007.42,-0.1,0.0,0.0
ICEREZ2,Europe/Madrid,2023-05-29T21:59:51Z,2023-05-29 23:59:51,1685397591,41.217,-3.59,1005.11,9.0,172,93,33,69,-1,24,9,16,15,0,2,22,0,3,12,4,9,24,9,16,23,9,15,1010.23,1006.84,0.05,8.99,2.01
ICEREZ2,Europe/Madrid,2023-05-30T21:59:50Z,2023-05-30 23:59:50,1685483990,41.217,-3.59,1071.05,10.0,226,98,42,82,-1,23,7,14,8,0,1,13,0,1,13,6,10,23,7,14,23,7,14,1012.53,1009.52,0.06,58.19,18.49
ICEREZ2,Europe/Madrid,2023-05-31T21:59:50Z,2023-05-31 23:59:50,1685570390,41.217,-3.59,983.46,9.0,256,99,39,78,-1,24,7,15,11,0,1,18,0,2,14,7,11,24,7,15,24,7,15,1012.33,1008.64,-0.01,0.0,0.0
ICEREZ2,Europe/Madrid,2023-06-01T21:59:47Z,2023-06-01 23:59:47,1685656787,41.217,-3.59,878.86,8.0,166,93,45,77,-1,21,11,15,13,0,2,18,0,3,13,8,11,21,11,15,21,11,15,1013.41,1008.84,0.05,1.8,1.3
ICEREZ2,Europe/Madrid,2023-06-02T21:59:46Z,2023-06-02 23:59:46,1685743186,41.217,-3.59,987.74,9.0,134,91,49,71,-1,22,12,16,15,0,2,24,0,4,12,9,10,22,12,16,22,12,16,1014.12,1011.24,0.05,0.0,0.0
ICEREZ2,Europe/Madrid,2023-06-03T21:59:45Z,2023-06-03 23:59:45,1685829585,41.217,-3.59,1206.84,11.0,219,95,44,73,-1,22,7,15,12,0,1,17,0,2,14,6,10,22,7,15,22,7,15,1014.43,1012.43,0.02,4.8,1.19
ICEREZ2,Europe/Madrid,2023-06-04T21:59:44Z,2023-06-04 23:59:44,1685915984,41.217,-3.59,1192.53,11.0,167,95,41,70,-1,24,8,17,10,0,1,13,0,2,15,7,11,24,8,17,24,8,16,1015.71,1013.14,0.05,12.6,2.11
ICEREZ2,Europe/Madrid,2023-06-05T21:59:59Z,2023-06-05 23:59:59,1686002399,41.217,-3.59,471.11,4.0,162,94,53,83,-1,22,10,15,12,0,1,17,0,2,15,9,12,22,10,15,22,10,15,1016.22,1013.82,0.0,27.0,9.91
ICEREZ2,Europe/Madrid,2023-06-06T21:59:58Z,2023-06-06 23:59:58,1686088798,41.217,-3.59,945.66,9.0,172,96,35,64,-1,26,9,19,9,0,1,15,0,2,14,9,11,26,9,19,26,9,18,1015.71,1012.33,-0.08,0.0,0.0
ICEREZ2,Europe/Madrid,2023-06-07T21:59:56Z,2023-06-07 23:59:56,1686175196,41.217,-3.59,395.64,3.0,131,88,55,74,-1,20,15,17,23,0,4,35,0,7,14,10,12,20,15,17,20,15,17,1013.72,1010.53,-0.03,0.0,0.0
ICEREZ2,Europe/Madrid,2023-06-08T21:59:55Z,2023-06-08 23:59:55,1686261595,41.217,-3.59,1164.76,11.0,131,85,58,74,-1,22,15,17,20,0,6,31,0,9,14,12,13,22,15,17,22,15,17,1013.14,1007.82,-0.16,0.0,0.0
ICEREZ2,Europe/Madrid,2023-06-09T21:59:53Z,2023-06-09 23:59:53,1686347993,41.217,-3.59,1161.7,11.0,162,93,55,74,-1,21,13,17,17,0,3,26,0,4,16,10,12,21,13,17,21,13,17,1014.63,1008.74,0.23,16.79,6.1
ICEREZ2,Europe/Madrid,2023-06-10T21:59:52Z,2023-06-10 23:59:52,1686434392,41.217,-3.59,1188.62,11.0,224,98,56,83,-1,22,13,17,7,0,0,9,0,1,17,12,14,22,13,17,22,13,17,1015.92,1013.82,0.03,15.6,9.4
ICEREZ2,Europe/Madrid,2023-06-11T21:59:50Z,2023-06-11 23:59:50,1686520790,41.217,-3.59,1231.93,11.0,218,96,48,80,-1,24,12,16,10,0,1,15,0,1,15,11,13,24,12,16,24,12,16,1016.42,1013.82,0.02,4.19,2.79
ICEREZ2,Europe/Madrid,2023-06-12T21:59:51Z,2023-06-12 23:59:51,1686607191,41.217,-3.59,884.49,8.0,210,97,53,83,-1,22,10,15,7,0,0,11,0,1,17,10,12,22,10,15,22,10,15,1016.22,1010.43,-0.15,9.6,5.59
ICEREZ2,Europe/Madrid,2023-06-13T21:59:49Z,2023-06-13 23:59:49,1686693589,41.217,-3.59,1068.0,10.0,235,96,62,86,-1,20,10,14,10,0,1,13,0,1,15,9,12,20,10,14,20,10,14,1013.92,1009.72,0.07,12.6,4.8
ICEREZ2,Europe/Madrid,2023-06-14T21:59:47Z,2023-06-14 23:59:47,1686779987,41.217,-3.59,1087.93,10.0,249,98,47,79,-1,23,10,16,7,0,0,11,0,1,14,10,12,23,10,16,23,10,16,1018.63,1013.61,0.2,0.0,0.0
ICEREZ2,Europe/Madrid,2023-06-15T21:59:46Z,2023-06-15 23:59:46,1686866386,41.217,-3.59,952.63,9.0,221,95,32,64,-1,28,10,19,10,0,1,13,0,1,14,8,11,28,10,19,28,10,19,1019.91,1017.81,0.03,0.0,0.0
ICEREZ2,Europe/Madrid,2023-06-16T21:59:44Z,2023-06-16 23:59:44,1686952784,41.217,-3.59,999.0,9.0,216,89,30,60,-1,31,12,21,9,0,1,13,0,1,18,10,12,31,12,21,30,12,21,1019.13,1016.02,-0.1,1.19,0.2
ICEREZ2,Europe/Madrid,2023-06-17T21:59:59Z,2023-06-17 23:59:59,1687039199,41.217,-3.59,998.14,9.0,162,95,41,75,-1,28,13,19,16,0,1,24,0,2,19,11,15,28,13,19,28,13,19,1017.24,1012.23,-0.17,60.6,14.81
ICEREZ2,Europe/Madrid,2023-06-18T21:59:58Z,2023-06-18 23:59:58,1687125598,41.217,-3.59,927.92,9.0,207,98,51,78,-1,26,14,19,14,0,1,18,0,2,18,13,15,26,14,19,26,14,19,1013.24,1010.13,-0.01,41.4,13.41
ICEREZ2,Europe/Madrid,2023-06-19T21:59:57Z,2023-06-19 23:59:57,1687211997,41.217,-3.59,1058.94,10.0,160,95,45,69,-1,25,15,20,14,0,2,24,0,3,15,12,14,25,15,20,25,15,20,1012.84,1008.94,-0.07,9.6,3.61
ICEREZ2,Europe/Madrid,2023-06-20T21:59:55Z,2023-06-20 23:59:55,1687298395,41.217,-3.59,1010.25,9.0,182,91,43,67,-1,25,13,19,14,0,1,20,0,2,15,11,13,25,13,19,25,13,19,1014.73,1010.02,0.15,0.0,0.0
ICEREZ2,Europe/Madrid,2023-06-21T21:59:53Z,2023-06-21 23:59:53,1687384793,41.217,-3.59,878.0,8.0,236,95,37,69,-1,25,11,18,7,0,1,11,0,1,15,9,11,25,11,18,25,11,18,1017.34,1012.94,0.11,38.4,10.69
ICEREZ2,Europe/Madrid,2023-06-22T21:59:52Z,2023-06-22 23:59:52,1687471192,41.217,-3.59,949.57,9.0,312,99,37,72,-1,27,10,19,7,0,1,11,0,1,15,10,12,27,10,19,26,10,18,1023.03,1016.32,0.24,3.0,0.71
ICEREZ2,Europe/Madrid,2023-06-23T21:59:52Z,2023-06-23 23:59:52,1687557592,41.217,-3.59,1069.34,14.0,218,94,36,64,-1,30,12,22,7,0,1,9,0,1,17,11,14,30,12,22,30,12,21,1023.84,1021.13,-0.04,0.0,0.0
ICEREZ2,Europe/Madrid,2023-06-24T21:59:51Z,2023-06-24 23:59:51,1687643991,41.217,-3.59,937.83,9.0,197,88,26,56,-1,33,14,24,12,0,1,17,0,1,18,11,14,33,14,24,32,14,24,1021.91,1017.81,-0.09,0.0,0.0
ICEREZ2,Europe/Madrid,2023-06-25T21:59:49Z,2023-06-25 23:59:49,1687730389,41.217,-3.59,984.68,9.0,187,87,25,59,-1,35,15,24,14,0,1,24,0,2,19,8,14,35,15,24,34,15,24,1021.74,1018.22,0.05,15.01,5.59
ICEREZ2,Europe/Madrid,2023-06-26T21:59:48Z,2023-06-26 23:59:48,1687816788,41.217,-3.59,931.34,9.0,245,87,26,57,-1,33,16,25,10,0,1,15,0,1,18,11,15,33,16,25,33,16,25,1020.83,1017.81,-0.02,0.0,0.0
ICEREZ2,Europe/Madrid,2023-06-27T21:59:47Z,2023-06-27 23:59:47,1687903187,41.217,-3.59,739.16,7.0,233,93,35,67,-1,31,14,22,8,0,1,9,0,1,18,12,15,31,14,22,31,14,22,1020.52,1016.42,-0.11,0.0,0.0
ICEREZ2,Europe/Madrid,2023-06-28T21:59:46Z,2023-06-28 23:59:46,1687989586,41.217,-3.59,803.38,7.0,233,90,22,60,-1,32,13,22,8,0,1,13,0,1,17,7,12,32,13,22,30,13,22,1017.81,1015.14,0.0,0.0,0.0
ICEREZ2,Europe/Madrid,2023-06-29T21:59:45Z,2023-06-29 23:59:45,1688075985,41.217,-3.59,889.26,8.0,237,79,28,56,-1,29,12,20,16,0,2,22,0,3,15,5,11,29,12,20,29,12,20,1019.34,1015.04,0.07,0.0,0.0
ICEREZ2,Europe/Madrid,2023-06-30T21:59:59Z,2023-06-30 23:59:59,1688162399,41.217,-3.59,1169.9,11.0,263,92,33,67,-1,24,11,16,12,0,1,18,0,2,12,6,9,24,11,16,23,11,16,1020.62,1018.22,0.03,0.0,0.0
ICEREZ2,Europe/Madrid,2023-07-01T21:59:58Z,2023-07-01 23:59:58,1688248798,41.217,-3.59,962.54,9.0,234,93,39,65,-1,29,10,19,9,0,1,11,0,2,15,9,12,29,10,19,29,10,19,1020.12,1016.83,-0.07,0.0,0.0
ICEREZ2,Europe/Madrid,2023-07-02T21:59:56Z,2023-07-02 23:59:56,1688335196,41.217,-3.59,1036.8,10.0,222,90,33,65,-1,31,12,21,9,0,1,13,0,1,21,10,14,31,12,21,31,12,21,1018.83,1016.42,-0.03,21.59,3.81
ICEREZ2,Europe/Madrid,2023-07-03T21:59:55Z,2023-07-03 23:59:55,1688421595,41.217,-3.59,1105.3,10.0,199,93,25,65,-1,31,15,23,15,0,1,22,0,2,18,8,15,31,15,23,30,15,23,1018.42,1015.14,-0.03,0.0,0.0
ICEREZ2,Europe/Madrid,2023-07-04T21:59:53Z,2023-07-04 23:59:53,1688507993,41.217,-3.59,948.22,9.0,221,87,21,50,-1,29,13,22,9,0,1,15,0,2,14,4,10,29,13,22,28,13,21,1018.63,1016.22,0.05,0.0,0.0
ICEREZ2,Europe/Madrid,2023-07-05T21:59:52Z,2023-07-05 23:59:52,1688594392,41.217,-3.59,1093.2,10.0,180,86,17,53,-1,31,11,21,8,0,1,11,0,1,15,2,10,31,11,21,29,11,20,1019.24,1014.22,-0.11,0.0,0.0
ICEREZ2,Europe/Madrid,2023-07-06T21:59:52Z,2023-07-06 23:59:52,1688680792,41.217,-3.59,1014.66,9.0,169,89,38,63,-1,29,13,20,12,0,2,17,0,3,18,7,13,29,13,20,29,13,20,1015.71,1012.63,-0.05,5.99,2.31
ICEREZ2,Europe/Madrid,2023-07-07T21:59:50Z,2023-07-07 23:59:50,1688767190,41.217,-3.59,941.74,9.0,146,89,27,57,-1,31,12,22,17,0,3,28,0,5,17,7,12,31,12,22,30,12,22,1015.82,1012.43,0.05,0.0,0.0
ICEREZ2,Europe/Madrid,2023-07-08T21:59:49Z,2023-07-08 23:59:49,1688853589,41.217,-3.59,964.74,9.0,163,84,21,50,-1,31,11,21,22,0,2,24,0,2,12,5,9,31,11,21,29,11,21,1020.22,1015.51,0.18,0.0,0.0
ICEREZ2,Europe/Madrid,2023-07-09T21:59:47Z,2023-07-09 23:59:47,1688939987,41.217,-3.59,931.83,9.0,190,79,27,50,-1,32,12,22,10,0,1,15,0,2,14,8,10,32,12,22,31,12,21,1022.22,1019.24,0.08,0.0,0.0
ICEREZ2,Europe/Madrid,2023-07-10T21:59:46Z,2023-07-10 23:59:46,1689026386,41.217,-3.59,944.31,9.0,164,75,20,42,-1,35,12,25,11,0,1,20,0,2,13,7,9,35,12,25,34,12,24,1022.42,1018.63,-0.1,0.0,0.0
ICEREZ2,Europe/Madrid,2023-07-11T21:59:45Z,2023-07-11 23:59:45,1689112785,41.217,-3.59,916.54,8.0,207,65,17,38,-1,36,16,26,9,0,1,18,0,2,15,4,9,36,16,26,35,16,26,1019.64,1015.34,-0.06,0.0,0.0
ICEREZ2,Europe/Madrid,2023-07-12T21:59:44Z,2023-07-12 23:59:44,1689199184,41.217,-3.59,1064.93,10.0,170,74,25,49,-1,31,13,21,10,0,1,15,0,2,13,6,9,31,13,21,29,13,21,1019.44,1016.42,0.05,0.0,0.0
ICEREZ2,Europe/Madrid,2023-07-13T21:59:59Z,2023-07-13 23:59:59,1689285599,41.217,-3.59,945.17,9.0,242,86,28,53,-1,31,12,22,9,0,1,15,0,2,14,8,11,31,12,22,30,12,22,1020.52,1017.61,-0.01,0.0,0.0
ICEREZ2,Europe/Madrid,2023-07-14T21:59:57Z,2023-07-14 23:59:57,1689371997,41.217,-3.59,971.22,9.0,162,75,22,44,-1,34,14,25,22,0,2,44,0,3,15,7,10,34,14,25,33,14,24,1019.34,1013.41,-0.18,0.0,0.0
ICEREZ2,Europe/Madrid,2023-07-15T21:59:56Z,2023-07-15 23:59:56,1689458396,41.217,-3.59,1149.1,11.0,244,80,27,54,-1,27,13,21,10,0,1,17,0,2,15,6,10,27,13,21,27,13,20,1016.93,1014.02,0.09,0.0,0.0
ICEREZ2,Europe/Madrid,2023-07-16T21:59:55Z,2023-07-16 23:59:55,1689544795,41.217,-3.59,884.98,8.0,176,85,21,50,-1,32,9,20,16,0,2,28,0,3,12,5,8,32,9,20,30,9,20,1017.44,1014.73,0.01,0.0,0.0
ICEREZ2,Europe/Madrid,2023-07-17T21:59:54Z,2023-07-17 23:59:54,1689631194,41.217,-3.59,902.23,8.0,159,64,23,42,-1,36,12,24,14,0,2,22,0,3,14,4,9,36,12,24,35,12,23,1018.42,1015.92,0.02,0.0,0.0
ICEREZ2,Europe/Madrid,2023-07-18T21:59:52Z,2023-07-18 23:59:52,1689717592,41.217,-3.59,897.46,8.0,185,63,19,39,-1,37,18,28,21,0,2,33,0,3,18,8,12,37,18,28,35,18,27,1020.42,1016.63,0.1,0.0,0.0
ICEREZ2,Europe/Madrid,2023-07-19T21:59:50Z,2023-07-19 23:59:50,1689803990,41.217,-3.59,896.6,8.0,218,62,13,32,-1,35,18,27,12,0,1,18,0,2,14,1,7,35,18,27,33,18,26,1020.73,1015.92,-0.13,0.0,0.0
ICEREZ2,Europe/Madrid,2023-07-20T21:59:49Z,2023-07-20 23:59:49,1689890389,41.217,-3.59,906.14,8.0,231,53,19,34,-1,32,13,23,9,0,1,13,0,2,12,1,6,32,13,23,30,13,23,1017.24,1013.04,-0.1,0.0,0.0
ICEREZ2,Europe/Madrid,2023-07-21T21:59:49Z,2023-07-21 23:59:49,1689976789,41.217,-3.59,910.06,8.0,226,90,32,60,-1,29,12,19,10,0,1,13,0,1,17,5,11,29,12,19,28,12,19,1016.63,1013.51,0.07,13.79,3.3
ICEREZ2,Europe/Madrid,2023-07-22T21:59:48Z,2023-07-22 23:59:48,1690063188,41.217,-3.59,841.92,8.0,168,92,24,56,-1,30,9,20,15,0,2,22,0,3,14,4,9,30,9,20,28,9,19,1017.24,1015.24,0.02,0.0,0.0
ICEREZ2,Europe/Madrid,2023-07-23T21:59:47Z,2023-07-23 23:59:47,1690149587,41.217,-3.59,851.46,8.0,180,65,14,36,-1,34,12,23,12,0,1,18,0,2,11,1,6,34,12,23,31,12,22,1017.24,1012.73,-0.12,0.0,0.0
ICEREZ2,Europe/Madrid,2023-07-24T21:59:45Z,2023-07-24 23:59:45,1690235985,41.217,-3.59,961.32,9.0,261,68,29,46,-1,26,12,21,10,0,1,18,0,2,13,3,8,26,12,21,26,12,20,1014.93,1012.63,0.03,0.0,0.0
ICEREZ2,Europe/Madrid,2023-07-25T21:59:59Z,2023-07-25 23:59:59,1690322399,41.217,-3.59,972.94,9.0,264,80,28,53,-1,26,10,18,10,0,1,15,0,1,11,5,8,26,10,18,25,10,18,1018.12,1014.73,0.13,0.0,0.0
ICEREZ2,Europe/Madrid,2023-07-26T21:59:58Z,2023-07-26 23:59:58,1690408798,41.217,-3.59,904.92,8.0,220,81,24,49,-1,30,9,20,9,0,1,15,0,1,11,5,8,30,9,20,29,9,19,1018.83,1015.61,-0.07,0.0,0.0
ICEREZ2,Europe/Madrid,2023-07-27T21:59:57Z,2023-07-27 23:59:57,1690495197,41.217,-3.59,960.83,9.0,152,87,30,53,-1,30,13,21,15,0,2,28,0,4,18,3,11,30,13,21,30,13,21,1016.53,1012.84,-0.05,33.6,13.49
ICEREZ2,Europe/Madrid,2023-07-28T21:59:56Z,2023-07-28 23:59:56,1690581596,41.217,-3.59,993.86,9.0,184,89,26,53,-1,31,12,22,13,0,1,20,0,2,14,7,10,31,12,22,29,12,21,1016.42,1014.02,0.04,0.0,0.0
ICEREZ2,Europe/Madrid,2023-07-29T21:59:54Z,2023-07-29 23:59:54,1690667994,41.217,-3.59,909.2,8.0,248,90,26,57,-1,32,13,22,9,0,1,17,0,2,17,8,12,32,13,22,30,13,22,1018.32,1015.24,0.07,0.0,0.0
ICEREZ2,Europe/Madrid,2023-07-30T21:59:53Z,2023-07-30 23:59:53,1690754393,41.217,-3.59,901.0,8.0,238,81,25,53,-1,33,14,23,14,0,1,18,0,1,16,9,12,33,14,23,31,14,22,1020.32,1017.54,0.08,0.0,0.0
ICEREZ2,Europe/Madrid,2023-07-31T21:59:53Z,2023-07-31 23:59:53,1690840793,41.217,-3.59,916.54,8.0,230,76,20,45,-1,33,13,23,10,0,1,17,0,1,13,6,9,33,13,23,32,13,23,1020.22,1016.22,-0.08,0.0,0.0
ICEREZ2,Europe/Madrid,2023-08-01T21:59:51Z,2023-08-01 23:59:51,1690927191,41.217,-3.59,918.37,8.0,225,76,27,47,-1,31,12,22,9,0,1,11,0,1,13,5,9,31,12,22,30,12,22,1018.93,1015.24,-0.08,0.0,0.0
ICEREZ2,Europe/Madrid,2023-08-02T21:59:50Z,2023-08-02 23:59:50,1691013590,41.217,-3.59,928.78,9.0,251,88,27,56,-1,30,15,23,8,0,2,17,0,2,16,9,13,30,15,23,29,15,23,1016.22,1012.33,-0.05,0.0,0.0
ICEREZ2,Europe/Madrid,2023-08-03T21:59:48Z,2023-08-03 23:59:48,1691099988,41.217,-3.59,931.34,9.0,268,86,21,53,-1,26,13,20,12,0,1,17,0,2,16,2,9,26,13,20,25,13,20,1016.42,1012.33,0.02,0.0,0.0
ICEREZ2,Europe/Madrid,2023-08-04T21:59:48Z,2023-08-04 23:59:48,1691186388,41.217,-3.59,1084.02,10.0,326,89,33,61,-1,22,6,15,15,0,2,22,0,3,8,4,7,22,6,15,21,6,15,1020.22,1015.14,0.19,0.0,0.0
ICEREZ2,Europe/Madrid,2023-08-05T21:59:46Z,2023-08-05 23:59:46,1691272786,41.217,-3.59,950.92,14.0,246,82,22,50,-1,30,7,18,9,0,1,15,0,2,9,0,6,30,7,18,28,7,18,1020.22,1015.92,-0.13,0.0,0.0
ICEREZ2,Europe/Madrid,2023-08-06T21:59:44Z,2023-08-06 23:59:44,1691359184,41.217,-3.59,960.83,9.0,241,79,11,44,-1,31,10,20,10,0,1,15,0,2,11,-4,5,31,10,20,29,10,20,1017.54,1015.24,0.01,0.0,0.0
ICEREZ2,Europe/Madrid,2023-08-07T21:59:59Z,2023-08-07 23:59:59,1691445599,41.217,-3.59,967.31,9.0,193,72,14,39,-1,34,9,21,9,0,1,15,0,2,9,1,5,34,9,21,32,9,21,1017.24,1013.92,-0.06,0.0,0.0
ICEREZ2,Europe/Madrid,2023-08-08T21:59:59Z,2023-08-08 23:59:59,1691531999,41.217,-3.59,918.37,8.0,219,61,14,36,-1,37,13,25,17,0,1,22,0,1,13,4,7,37,13,25,35,13,24,1015.82,1012.94,-0.02,0.0,0.0
ICEREZ2,Europe/Madrid,2023-08-09T21:59:58Z,2023-08-09 23:59:58,1691618398,41.217,-3.59,801.67,7.0,175,59,19,37,-1,39,17,28,12,0,1,20,0,2,18,7,11,39,17,28,38,17,27,1018.22,1014.83,0.12,0.0,0.0
ICEREZ2,Europe/Madrid,2023-08-10T21:59:56Z,2023-08-10 23:59:56,1691704796,41.217,-3.59,942.6,9.0,234,72,14,38,-1,33,15,25,9,0,1,13,0,1,13,0,8,33,15,25,31,15,24,1020.73,1017.54,0.1,0.0,0.0
ICEREZ2,Europe/Madrid,2023-08-11T21:59:55Z,2023-08-11 23:59:55,1691791195,41.217,-3.59,940.39,9.0,208,56,16,34,-1,36,14,25,10,0,1,13,0,1,11,4,7,36,14,25,34,14,24,1020.83,1018.32,-0.04,0.0,0.0
ICEREZ2,Europe/Madrid,2023-08-12T21:59:54Z,2023-08-12 23:59:54,1691877594,41.217,-3.59,948.22,9.0,220,72,22,46,-1,34,15,24,7,0,1,9,0,1,16,7,11,34,15,24,33,15,24,1020.22,1015.34,-0.12,0.0,0.0
ICEREZ2,Europe/Madrid,2023-08-13T21:59:54Z,2023-08-13 23:59:54,1691963994,41.217,-3.59,930.49,9.0,149,71,24,43,-1,34,15,25,17,0,2,28,0,4,15,7,11,34,15,25,33,15,25,1016.73,1010.63,-0.18,0.0,0.0
ICEREZ2,Europe/Madrid,2023-08-14T21:59:52Z,2023-08-14 23:59:52,1692050392,41.217,-3.59,927.92,9.0,155,66,12,33,-1,33,14,24,15,0,2,24,0,3,11,-4,5,33,14,24,31,14,23,1013.61,1010.74,0.05,0.0,0.0
ICEREZ2,Europe/Madrid,2023-08-15T21:59:51Z,2023-08-15 23:59:51,1692136791,41.217,-3.59,913.97,8.0,158,55,17,32,-1,33,12,23,14,0,1,22,0,2,8,2,5,33,12,23,31,12,22,1013.92,1011.41,-0.03,0.0,0.0
ICEREZ2,Europe/Madrid,2023-08-16T21:59:49Z,2023-08-16 23:59:49,1692223189,41.217,-3.59,915.68,8.0,165,63,18,36,-1,33,13,24,15,0,1,22,0,2,10,4,7,33,13,24,31,13,23,1013.82,1011.14,0.01,0.0,0.0
ICEREZ2,Europe/Madrid,2023-08-17T21:59:47Z,2023-08-17 23:59:47,1692309587,41.217,-3.59,921.8,8.0,182,66,20,37,-1,34,13,24,15,0,1,26,0,2,11,6,8,34,13,24,32,13,24,1013.61,1010.74,-0.01,0.0,0.0
ICEREZ2,Europe/Madrid,2023-08-18T21:59:47Z,2023-08-18 23:59:47,1692395987,41.217,-3.59,947.86,9.0,199,60,20,38,-1,33,16,24,17,0,1,26,0,2,11,6,8,33,16,24,31,16,23,1015.71,1012.12,0.11,0.0,0.0
ICEREZ2,Europe/Madrid,2023-08-19T21:59:45Z,2023-08-19 23:59:45,1692482385,41.217,-3.59,924.37,8.0,242,79,21,46,-1,34,15,24,8,0,1,13,0,1,14,8,11,34,15,24,32,15,24,1018.73,1015.44,0.13,0.0,0.0
ICEREZ2,Europe/Madrid,2023-08-20T21:59:34Z,2023-08-20 23:59:34,1692568774,41.217,-3.59,927.06,9.0,217,64,20,37,-1,36,15,26,8,0,1,13,0,1,12,7,9,36,15,26,35,15,26,1019.44,1016.83,0.01,0.0,0.0
ICEREZ2,Europe/Madrid,2023-08-21T21:59:58Z,2023-08-21 23:59:58,1692655198,41.217,-3.59,923.51,8.0,161,53,18,32,-1,38,18,30,12,0,2,20,0,3,16,5,11,38,18,30,37,18,29,1019.91,1016.73,-0.04,0.0,0.0
ICEREZ2,Europe/Madrid,2023-08-22T21:59:41Z,2023-08-22 23:59:41,1692741581,41.217,-3.59,893.17,8.0,143,45,18,26,-1,39,23,31,14,0,3,22,0,5,12,7,9,39,23,31,37,23,30,1018.63,1015.44,-0.03,0.0,0.0
ICEREZ2,Europe/Madrid,2023-08-23T21:59:40Z,2023-08-23 23:59:40,1692827980,41.217,-3.59,902.23,8.0,140,49,18,29,-1,37,23,30,15,0,2,24,0,4,14,6,10,37,23,30,35,23,29,1017.44,1014.43,-0.06,0.0,0.0
ICEREZ2,Europe/Madrid,2023-08-24T21:59:31Z,2023-08-24 23:59:31,1692914371,41.217,-3.59,857.58,8.0,142,45,16,26,-1,38,21,31,15,0,2,24,0,4,14,4,9,38,21,31,36,20,30,1016.42,1013.14,-0.02,0.0,0.0
ICEREZ2,Europe/Madrid,2023-08-25T21:59:53Z,2023-08-25 23:59:53,1693000793,41.217,-3.59,903.09,8.0,241,51,15,25,-1,34,15,28,9,0,2,17,0,3,9,3,5,34,15,28,31,15,26,1016.32,1012.73,-0.09,0.0,0.0
ICEREZ2,Europe/Madrid,2023-08-26T21:59:52Z,2023-08-26 23:59:52,1693087192,41.217,-3.59,1053.19,10.0,249,72,28,40,-1,29,15,23,9,0,1,18,0,2,13,3,9,29,15,23,28,15,23,1014.43,1008.13,-0.11,0.0,0.0
ICEREZ2,Europe/Madrid,2023-08-27T21:59:51Z,2023-08-27 23:59:51,1693173591,41.217,-3.59,1068.85,10.0,311,81,36,62,-1,20,10,14,18,0,3,29,0,5,10,4,7,20,10,14,20,10,14,1019.03,1010.53,0.35,0.0,0.0
ICEREZ2,Europe/Madrid,2023-08-28T21:59:50Z,2023-08-28 23:59:50,1693259990,41.217,-3.59,1045.49,10.0,253,92,34,62,-1,24,5,15,14,0,1,22,0,2,9,4,7,24,5,15,23,5,14,1019.03,1014.22,-0.14,0.0,0.0
ICEREZ2,Europe/Madrid,2023-08-29T21:59:48Z,2023-08-29 23:59:48,1693346388,41.217,-3.59,1118.27,10.0,305,89,37,64,-1,23,8,15,12,0,1,20,0,2,10,6,8,23,8,15,22,8,15,1016.02,1011.62,-0.15,0.0,0.0
ICEREZ2,Europe/Madrid,2023-08-30T21:59:47Z,2023-08-30 23:59:47,1693432787,41.217,-3.59,1033.25,10.0,245,88,35,61,-1,24,7,16,11,0,1,15,0,1,10,5,7,24,7,16,23,7,15,1013.61,1010.74,0.06,0.0,0.0
ICEREZ2,Europe/Madrid,2023-08-31T21:59:46Z,2023-08-31 23:59:46,1693519186,41.217,-3.59,860.63,8.0,216,76,22,47,-1,29,9,19,12,0,1,22,0,1,8,4,6,29,9,19,28,9,18,1015.14,1012.63,0.05,0.0,0.0
ICEREZ2,Europe/Madrid,2023-09-01T21:59:45Z,2023-09-01 23:59:45,1693605585,41.217,-3.59,972.08,9.0,177,62,22,42,-1,30,11,21,21,0,1,29,0,2,10,4,6,30,11,21,28,11,20,1014.93,1009.82,-0.14,0.0,0.0
ICEREZ2,Europe/Madrid,2023-09-02T21:59:45Z,2023-09-02 23:59:45,1693691985,41.217,-3.59,691.44,6.0,166,96,40,76,-1,20,12,15,10,0,1,15,0,1,15,5,10,20,12,15,20,12,15,1013.24,1008.94,0.03,39.6,26.49
ICEREZ2,Europe/Madrid,2023-09-03T21:59:59Z,2023-09-03 23:59:59,1693778399,41.217,-3.59,982.48,9.0,102,96,59,76,-1,23,14,18,23,0,4,37,0,7,17,10,14,23,14,18,23,14,18,1013.24,1008.23,-0.08,18.59,11.1
ICEREZ2,Europe/Madrid,2023-09-04T21:59:57Z,2023-09-04 23:59:57,1693864797,41.217,-3.59,866.75,8.0,128,97,62,87,-1,22,13,17,22,0,2,37,0,3,18,13,15,22,13,17,23,13,17,1014.43,1009.92,0.16,50.39,20.9
ICEREZ2,Europe/Madrid,2023-09-05T21:59:56Z,2023-09-05 23:59:56,1693951196,41.217,-3.59,804.73,7.0,184,93,39,67,-1,25,14,20,10,0,2,17,0,3,15,10,13,25,14,20,25,14,19,1016.12,1013.61,0.08,0.0,0.0
ICEREZ2,Europe/Madrid,2023-09-06T21:59:54Z,2023-09-06 23:59:54,1694037594,41.217,-3.59,748.33,7.0,178,91,49,67,-1,27,13,20,12,0,2,18,0,3,17,11,14,27,13,20,28,13,20,1016.53,1014.53,0.02,0.0,0.0
ICEREZ2,Europe/Madrid,2023-09-07T21:59:52Z,2023-09-07 23:59:52,1694123992,41.217,-3.59,956.05,14.0,150,81,43,62,-1,28,17,22,13,0,3,22,0,4,17,12,15,28,17,22,28,17,22,1016.53,1014.63,-0.01,0.0,0.0
ICEREZ2,Europe/Madrid,2023-09-08T21:59:51Z,2023-09-08 23:59:51,1694210391,41.217,-3.59,708.82,6.0,170,98,40,68,-1,28,15,21,14,0,2,22,0,3,18,12,14,28,15,21,28,15,21,1017.24,1013.61,-0.09,27.0,8.31
ICEREZ2,Europe/Madrid,2023-09-09T21:59:51Z,2023-09-09 23:59:51,1694296791,41.217,-3.59,681.04,6.0,178,92,45,66,-1,26,17,21,13,0,2,20,0,3,17,13,15,26,17,21,26,17,21,1017.14,1012.63,-0.03,26.39,4.9
ICEREZ2,Europe/Madrid,2023-09-10T21:59:49Z,2023-09-10 23:59:49,1694383189,41.217,-3.59,772.55,7.0,162,96,47,73,-1,26,14,20,11,0,1,15,0,2,17,13,15,26,14,20,26,14,20,1013.61,1010.74,-0.07,16.79,6.1
ICEREZ2,Europe/Madrid,2023-09-11T21:59:48Z,2023-09-11 23:59:48,1694469588,41.217,-3.59,791.63,7.0,177,85,45,65,-1,24,16,20,15,0,2,22,0,3,15,11,13,24,16,20,24,16,20,1012.12,1009.21,-0.01,1.8,0.3
ICEREZ2,Europe/Madrid,2023-09-12T21:59:46Z,2023-09-12 23:59:46,1694555986,41.217,-3.59,977.34,9.0,250,95,44,77,-1,24,10,16,12,0,0,15,0,1,14,9,12,24,10,16,24,10,16,1013.14,1010.13,0.06,1.8,0.51
ICEREZ2,Europe/Madrid,2023-09-13T21:59:44Z,2023-09-13 23:59:44,1694642384,41.217,-3.59,861.98,8.0,261,96,42,76,-1,25,9,16,9,0,0,11,0,1,15,8,11,25,9,16,25,9,16,1014.43,1012.43,0.05,0.0,0.0
ICEREZ2,Europe/Madrid,2023-09-14T21:59:59Z,2023-09-14 23:59:59,1694728799,41.217,-3.59,681.9,6.0,174,91,41,70,-1,26,12,19,13,0,2,22,0,3,15,10,13,26,12,19,26,12,19,1014.22,1010.02,-0.13,0.0,0.0
ICEREZ2,Europe/Madrid,2023-09-15T21:59:59Z,2023-09-15 23:59:59,1694815199,41.217,-3.59,787.72,7.0,154,95,61,77,-1,22,13,17,17,0,3,29,0,4,16,11,13,22,13,17,22,13,17,1011.04,1005.42,-0.17,11.99,15.19
ICEREZ2,Europe/Madrid,2023-09-16T21:59:57Z,2023-09-16 23:59:57,1694901597,41.217,-3.59,684.1,6.0,176,90,55,70,-1,21,14,17,18,0,4,29,0,6,14,10,12,21,14,17,21,14,17,1007.11,1003.83,0.01,4.8,1.8
ICEREZ2,Europe/Madrid,2023-09-17T21:59:55Z,2023-09-17 23:59:55,1694987995,41.217,-3.59,1007.32,9.0,207,92,62,74,-1,18,14,16,17,0,4,29,0,6,14,10,11,18,14,16,18,14,16,1009.52,1004.64,0.1,7.8,3.0
ICEREZ2,Europe/Madrid,2023-09-18T21:59:54Z,2023-09-18 23:59:54,1695074394,41.217,-3.59,927.06,9.0,175,94,65,82,-1,19,12,15,12,0,1,20,0,2,14,10,12,19,12,15,19,12,15,1014.83,1008.94,0.21,3.0,0.51
ICEREZ2,Europe/Madrid,2023-09-19T21:59:38Z,2023-09-19 23:59:38,1695160778,41.217,-3.59,831.15,8.0,200,97,43,75,-1,23,8,15,13,0,0,18,0,1,12,7,10,23,8,15,23,8,15,1014.93,1010.02,-0.15,0.0,0.0
ICEREZ2,Europe/Madrid,2023-09-20T21:59:52Z,2023-09-20 23:59:52,1695247192,41.217,-3.59,799.95,7.0,171,94,37,65,-1,23,8,16,10,0,1,13,0,2,13,4,9,23,8,16,23,8,16,1011.04,1006.64,-0.14,0.0,0.0
ICEREZ2,Europe/Madrid,2023-09-21T21:59:50Z,2023-09-21 23:59:50,1695333590,41.217,-3.59,411.17,4.0,217,96,46,80,-1,18,9,13,9,0,1,15,0,2,15,4,9,18,9,13,18,9,13,1007.62,1002.54,-0.04,18.59,16.0
ICEREZ2,Europe/Madrid,2023-09-22T21:59:50Z,2023-09-22 23:59:50,1695419990,41.217,-3.59,853.66,8.0,253,93,52,80,-1,16,7,11,7,0,1,11,0,2,9,5,7,16,7,11,16,7,11,1012.43,1006.43,0.24,0.0,0.0
ICEREZ2,Europe/Madrid,2023-09-23T21:59:50Z,2023-09-23 23:59:50,1695506390,41.217,-3.59,674.07,6.0,231,97,40,74,-1,22,4,12,8,0,0,11,0,1,10,4,7,22,4,12,21,4,12,1016.73,1012.12,0.17,0.0,0.0
ICEREZ2,Europe/Madrid,2023-09-24T21:59:48Z,2023-09-24 23:59:48,1695592788,41.217,-3.59,674.93,6.0,160,90,22,60,-1,27,7,16,9,0,1,13,0,2,11,1,7,27,7,16,27,7,15,1016.73,1014.53,-0.01,0.0,0.0
ICEREZ2,Europe/Madrid,2023-09-25T21:59:47Z,2023-09-25 23:59:47,1695679187,41.217,-3.59,663.18,6.0,173,87,27,58,-1,28,8,17,12,0,1,15,0,2,13,5,8,28,8,17,27,8,17,1016.73,1013.72,-0.04,0.0,0.0
ICEREZ2,Europe/Madrid,2023-09-26T21:59:46Z,2023-09-26 23:59:46,1695765586,41.217,-3.59,681.9,6.0,174,77,31,54,-1,28,11,18,6,0,1,11,0,1,12,4,8,28,11,18,27,11,18,1015.82,1013.72,-0.02,0.0,0.0
ICEREZ2,Europe/Madrid,2023-09-27T21:59:44Z,2023-09-27 23:59:44,1695851984,41.217,-3.59,613.76,5.0,153,81,38,55,-1,27,12,20,12,0,2,20,0,3,13,6,11,27,12,20,27,12,20,1015.34,1012.94,0.02,0.0,0.0
ICEREZ2,Europe/Madrid,2023-09-28T21:59:59Z,2023-09-28 23:59:59,1695938399,41.217,-3.59,635.04,6.0,223,91,29,62,-1,27,10,18,7,0,0,11,0,1,13,6,9,27,10,18,26,10,17,1017.44,1013.92,0.08,0.0,0.0
ICEREZ2,Europe/Madrid,2023-09-29T21:59:58Z,2023-09-29 23:59:58,1696024798,41.217,-3.59,649.85,6.0,208,86,31,61,-1,30,9,18,7,0,0,9,0,1,14,7,10,30,9,18,29,9,18,1020.01,1017.03,0.09,0.0,0.0
ICEREZ2,Europe/Madrid,2023-09-30T21:59:57Z,2023-09-30 23:59:57,1696111197,41.217,-3.59,635.53,6.0,162,85,32,59,-1,30,11,20,9,0,1,13,0,2,15,8,11,30,11,20,30,11,20,1020.62,1018.12,-0.01,0.0,0.0
ICEREZ2,Europe/Madrid,2023-10-01T21:59:55Z,2023-10-01 23:59:55,1696197595,41.217,-3.59,627.21,6.0,151,73,26,50,-1,30,12,20,12,0,1,18,0,2,13,5,9,30,12,20,29,12,20,1019.74,1016.93,-0.05,0.0,0.0
ICEREZ2,Europe/Madrid,2023-10-02T21:59:54Z,2023-10-02 23:59:54,1696283994,41.217,-3.59,630.28,6.0,146,67,22,43,-1,30,13,21,15,0,2,22,0,4,10,4,8,30,13,21,28,13,21,1018.52,1016.02,0.01,0.0,0.0
ICEREZ2,Europe/Madrid,2023-10-03T21:59:54Z,2023-10-03 23:59:54,1696370394,41.217,-3.59,592.96,5.0,199,78,26,55,-1,29,10,19,6,0,0,9,0,1,12,6,9,29,10,19,28,10,18,1020.22,1017.03,0.07,0.0,0.0
ICEREZ2,Europe/Madrid,2023-10-04T21:59:52Z,2023-10-04 23:59:52,1696456792,41.217,-3.59,580.36,5.0,164,93,30,66,-1,28,9,18,14,0,1,18,0,2,15,7,11,28,9,18,28,9,18,1020.52,1018.12,0.01,0.0,0.0
ICEREZ2,Europe/Madrid,2023-10-05T21:59:50Z,2023-10-05 23:59:50,1696543190,41.217,-3.59,604.21,5.0,218,81,28,57,-1,29,11,18,6,0,0,11,0,1,13,6,9,29,11,18,28,11,18,1020.83,1018.42,-0.01,0.0,0.0
ICEREZ2,Europe/Madrid,2023-10-06T21:59:50Z,2023-10-06 23:59:50,1696629590,41.217,-3.59,569.6,5.0,171,81,27,54,-1,30,10,19,6,0,1,9,0,1,14,6,9,30,10,19,29,10,19,1020.73,1018.32,-0.01,0.0,0.0
ICEREZ2,Europe/Madrid,2023-10-07T21:59:48Z,2023-10-07 23:59:48,1696715988,41.217,-3.59,589.53,5.0,163,72,20,47,-1,29,10,19,11,0,1,15,0,2,11,4,7,29,10,19,28,10,19,1020.01,1018.12,0.0,0.0,0.0
ICEREZ2,Europe/Madrid,2023-10-08T21:59:47Z,2023-10-08 23:59:47,1696802387,41.217,-3.59,579.99,5.0,188,70,19,48,-1,29,11,18,8,0,1,11,0,1,10,3,6,29,11,18,28,11,18,1020.52,1018.32,0.02,0.0,0.0
ICEREZ2,Europe/Madrid,2023-10-09T21:59:46Z,2023-10-09 23:59:46,1696888786,41.217,-3.59,560.91,5.0,206,74,21,49,-1,28,9,17,9,0,1,15,0,1,10,1,5,28,9,17,27,9,17,1020.62,1017.81,-0.05,0.0,0.0
ICEREZ2,Europe/Madrid,2023-10-10T21:59:45Z,2023-10-10 23:59:45,1696975185,41.217,-3.59,575.59,5.0,176,65,20,43,-1,26,7,16,7,0,1,9,0,1,7,0,2,26,7,16,26,7,16,1019.24,1011.04,-0.26,0.0,0.0
ICEREZ2,Europe/Madrid,2023-10-11T21:59:45Z,2023-10-11 23:59:45,1697061585,41.217,-3.59,562.99,5.0,201,68,23,47,-1,26,8,16,8,0,0,9,0,1,7,2,4,26,8,16,26,8,16,1012.84,1010.02,-0.05,0.0,0.0
ICEREZ2,Europe/Madrid,2023-10-12T21:59:59Z,2023-10-12 23:59:59,1697147999,41.217,-3.59,568.25,5.0,164,68,22,45,-1,27,8,17,8,0,1,15,0,1,9,2,4,27,8,17,27,8,16,1012.73,1009.52,-0.05,0.0,0.0
ICEREZ2,Europe/Madrid,2023-10-13T21:59:57Z,2023-10-13 23:59:57,1697234397,41.217,-3.59,604.7,5.0,176,92,32,54,-1,25,13,18,14,0,1,18,0,2,13,4,8,25,13,18,24,13,18,1011.72,1008.53,0.0,1.8,0.51
ICEREZ2,Europe/Madrid,2023-10-14T21:59:58Z,2023-10-14 23:59:58,1697320798,41.217,-3.59,630.28,6.0,157,93,59,80,-1,20,9,14,11,0,1,15,0,2,13,8,11,20,9,14,20,9,14,1010.84,1009.21,-0.01,1.8,2.79
ICEREZ2,Europe/Madrid,2023-10-15T21:59:56Z,2023-10-15 23:59:56,1697407196,41.217,-3.59,654.62,6.0,167,97,50,83,-1,21,7,13,11,0,1,20,0,1,13,6,10,21,7,13,21,7,13,1010.23,1004.44,-0.23,5.99,5.31
ICEREZ2,Europe/Madrid,2023-10-16T21:59:54Z,2023-10-16 23:59:54,1697493594,41.217,-3.59,743.07,7.0,180,99,66,86,-1,18,12,15,13,0,1,24,0,2,14,11,12,18,12,15,18,12,15,1005.01,1000.61,-0.16,1.8,0.51
ICEREZ2,Europe/Madrid,2023-10-17T21:59:54Z,2023-10-17 23:59:54,1697579994,41.217,-3.59,663.67,6.0,132,84,63,73,-1,21,14,17,24,0,7,44,0,11,14,11,12,21,14,17,21,14,17,1001.12,993.23,-0.28,0.0,0.0
ICEREZ2,Europe/Madrid,2023-10-18T21:59:52Z,2023-10-18 23:59:52,1697666392,41.217,-3.59,720.56,7.0,151,94,53,80,-1,21,14,16,21,0,3,40,0,5,14,10,12,21,14,16,21,14,16,998.92,993.74,0.05,3.0,2.31
ICEREZ2,Europe/Madrid,2023-10-19T21:59:50Z,2023-10-19 23:59:50,1697752790,41.217,-3.59,147.9,1.0,163,97,78,92,-1,15,9,12,19,0,3,28,0,4,13,8,11,15,8,12,15,9,12,995.63,979.51,-0.5,24.61,51.1
ICEREZ2,Europe/Madrid,2023-10-20T21:59:49Z,2023-10-20 23:59:49,1697839189,41.217,-3.59,1877.0,14.0,269,95,72,87,-1,12,7,9,13,0,3,24,0,5,9,6,7,12,6,9,12,7,9,995.94,982.73,0.53,3.61,1.8
ICEREZ2,Europe/Madrid,2023-10-21T21:59:50Z,2023-10-21 23:59:50,1697925590,41.217,-3.59,685.33,6.0,255,92,61,80,-1,12,6,8,7,0,1,11,0,2,6,3,5,12,5,8,12,6,8,999.53,995.33,0.15,1.19,0.2
ICEREZ2,Europe/Madrid,2023-10-22T21:59:48Z,2023-10-22 23:59:48,1698011988,41.217,-3.59,564.33,5.0,149,96,44,72,-1,15,7,10,20,0,2,35,0,4,8,3,5,15,6,10,15,7,10,999.63,991.03,-0.34,10.8,7.9
ICEREZ2,Europe/Madrid,2023-10-23T21:59:48Z,2023-10-23 23:59:48,1698098388,41.217,-3.59,1008.54,9.0,187,99,67,91,-1,14,8,10,15,0,1,24,0,2,10,7,8,14,8,10,14,8,10,1001.02,990.32,0.39,8.99,16.79
ICEREZ2,Europe/Madrid,2023-10-24T21:59:47Z,2023-10-24 23:59:47,1698184787,41.217,-3.59,631.99,6.0,224,98,49,86,-1,13,6,9,12,0,1,18,0,2,10,2,7,13,6,9,13,6,9,1003.52,1000.03,0.01,6.6,5.51
ICEREZ2,Europe/Madrid,2023-10-25T21:59:45Z,2023-10-25 23:59:45,1698271185,41.217,-3.59,484.94,4.0,236,96,84,89,-1,15,10,12,12,0,2,18,0,4,13,9,11,15,10,12,15,10,12,1005.01,1000.54,0.08,3.61,2.11
ICEREZ2,Europe/Madrid,2023-10-26T21:59:45Z,2023-10-26 23:59:45,1698357585,41.217,-3.59,546.96,5.0,245,96,57,81,-1,19,9,14,16,0,3,31,0,5,14,8,11,19,8,14,19,9,14,1003.42,993.63,-0.13,7.19,6.81
ICEREZ2,Europe/Madrid,2023-10-27T21:59:59Z,2023-10-27 23:59:59,1698443999,41.217,-3.59,957.77,9.0,225,91,72,85,-1,14,8,10,13,0,2,22,0,4,10,6,8,14,7,10,14,8,10,1001.12,997.63,0.03,0.0,0.0
ICEREZ2,Europe/Madrid,2023-10-28T21:59:59Z,2023-10-28 23:59:59,1698530399,41.217,-3.59,649.36,6.0,181,95,58,80,-1,17,9,12,20,0,3,28,0,5,10,7,9,17,9,12,17,9,12,1000.61,995.33,-0.21,1.8,0.3
ICEREZ2,Europe/Madrid,2023-10-29T22:59:58Z,2023-10-29 23:59:58,1698620398,41.217,-3.59,377.77,3.0,136,96,75,84,-1,14,11,12,20,0,6,33,0,9,11,8,10,14,11,12,14,11,12,996.04,992.72,-0.11,11.99,10.11
ICEREZ2,Europe/Madrid,2023-10-30T22:59:57Z,2023-10-30 23:59:57,1698706797,41.217,-3.59,615.96,6.0,223,98,69,89,-1,12,5,8,15,0,2,22,0,3,10,4,7,12,5,8,12,5,8,1003.52,991.74,0.44,8.99,17.09
ICEREZ2,Europe/Madrid,2023-10-31T22:59:56Z,2023-10-31 23:59:56,1698793196,41.217,-3.59,387.81,3.0,167,97,56,81,-1,14,4,8,13,0,1,22,0,2,7,3,5,14,4,8,14,4,8,1006.03,1002.71,-0.01,0.0,0.0
ICEREZ2,Europe/Madrid,2023-11-01T22:59:54Z,2023-11-01 23:59:54,1698879594,41.217,-3.59,625.99,6.0,198,93,65,78,-1,15,8,12,16,0,3,29,0,5,12,4,8,15,7,12,15,8,12,1003.73,997.83,-0.22,1.19,0.2
ICEREZ2,Europe/Madrid,2023-11-02T22:59:54Z,2023-11-02 23:59:54,1698965994,41.217,-3.59,498.89,4.0,246,97,66,81,-1,16,4,9,18,0,4,35,0,7,11,2,6,16,1,9,16,4,9,1019.34,989.23,0.87,18.59,16.51
ICEREZ2,Europe/Madrid,2023-11-03T22:59:54Z,2023-11-03 23:59:54,1699052394,41.217,-3.59,539.62,5.0,257,96,75,88,-1,10,4,7,13,0,4,24,0,6,7,2,5,10,2,6,10,4,7,1021.33,1017.14,0.06,3.0,3.3
ICEREZ2,Europe/Madrid,2023-11-04T22:59:53Z,2023-11-04 23:59:53,1699138793,41.217,-3.59,419.49,4.0,224,97,67,82,-1,17,7,11,17,0,4,35,0,7,12,4,8,17,5,11,17,7,11,1020.22,1008.84,-0.2,5.99,6.6
ICEREZ2,Europe/Madrid,2023-11-05T22:59:52Z,2023-11-05 23:59:52,1699225192,41.217,-3.59,584.77,5.0,273,93,67,82,-1,11,6,7,14,0,3,29,0,5,6,4,5,11,4,7,11,6,7,1025.74,1014.93,0.42,4.8,1.6
ICEREZ2,Europe/Madrid,2023-11-06T22:59:53Z,2023-11-06 23:59:53,1699311593,41.217,-3.59,519.68,5.0,266,92,65,83,-1,9,4,6,7,0,1,11,0,2,5,1,3,9,3,6,9,4,6,1032.14,1025.03,0.26,0.0,0.0
ICEREZ2,Europe/Madrid,2023-11-07T22:59:51Z,2023-11-07 23:59:51,1699397991,41.217,-3.59,365.17,3.0,238,96,66,90,-1,7,-2,4,8,0,1,15,0,1,5,-2,2,7,-2,4,7,-2,4,1034.64,1031.22,0.1,3.0,2.21
ICEREZ2,Europe/Madrid,2023-11-08T22:59:51Z,2023-11-08 23:59:51,1699484391,41.217,-3.59,470.13,4.0,199,96,62,85,-1,11,3,7,9,0,1,15,0,2,8,2,5,11,3,7,11,3,7,1034.81,1028.04,-0.25,4.8,3.3
ICEREZ2,Europe/Madrid,2023-11-09T22:59:51Z,2023-11-09 23:59:51,1699570791,41.217,-3.59,542.68,5.0,205,96,68,87,-1,12,6,9,12,0,2,24,0,3,10,4,7,12,6,9,12,6,9,1031.02,1026.31,0.08,7.8,6.1
ICEREZ2,Europe/Madrid,2023-11-10T22:59:50Z,2023-11-10 23:59:50,1699657190,41.217,-3.59,188.27,1.0,254,98,83,90,-1,11,6,8,8,0,1,13,0,2,11,4,6,11,5,8,11,6,8,1030.61,1028.04,-0.07,4.8,8.41
ICEREZ2,Europe/Madrid,2023-11-11T22:59:49Z,2023-11-11 23:59:49,1699743589,41.217,-3.59,202.95,1.0,263,99,86,94,-1,14,11,13,11,0,3,24,0,5,14,9,12,14,11,13,14,11,13,1031.02,1027.23,0.09,1.8,1.5
ICEREZ2,Europe/Madrid,2023-11-12T22:59:49Z,2023-11-12 23:59:49,1699829989,41.217,-3.59,524.82,5.0,259,97,65,86,-1,16,10,13,9,0,2,18,0,3,12,8,10,16,10,13,16,10,13,1035.63,1029.94,0.18,1.8,0.61
ICEREZ2,Europe/Madrid,2023-11-13T22:59:46Z,2023-11-13 23:59:46,1699916386,41.217,-3.59,915.32,8.0,234,98,61,89,-1,18,8,13,8,0,1,11,0,1,13,7,11,18,8,13,18,8,13,1037.42,1034.44,0.11,3.0,1.7
ICEREZ2,Europe/Madrid,2023-11-14T22:59:46Z,2023-11-14 23:59:46,1700002786,41.217,-3.59,672.85,6.0,246,99,74,92,-1,16,6,10,5,0,0,11,0,1,12,5,9,16,6,10,16,6,10,1037.42,1035.32,-0.02,1.8,0.3
ICEREZ2,Europe/Madrid,2023-11-15T22:59:45Z,2023-11-15 23:59:45,1700089185,41.217,-3.59,417.28,4.0,251,98,74,88,-1,17,10,13,6,0,0,9,0,0,13,10,11,17,10,13,17,10,13,1037.62,1035.12,-0.05,0.0,0.0
ICEREZ2,Europe/Madrid,2023-11-16T22:59:59Z,2023-11-16 23:59:59,1700175599,41.217,-3.59,521.4,5.0,244,98,77,89,-1,17,10,14,7,0,1,11,0,1,13,9,12,17,10,14,17,10,14,1037.62,1034.64,0.06,0.0,0.0
ICEREZ2,Europe/Madrid,2023-11-17T22:59:59Z,2023-11-17 23:59:59,1700261999,41.217,-3.59,426.83,4.0,262,98,79,93,-1,14,6,11,5,0,0,7,0,1,12,6,10,14,6,11,14,6,11,1038.84,1035.93,0.07,0.0,0.0
ICEREZ2,Europe/Madrid,2023-11-18T22:59:58Z,2023-11-18 23:59:58,1700348398,41.217,-3.59,508.43,4.0,186,99,48,83,-1,21,4,10,6,0,0,9,0,0,12,3,7,21,4,10,21,4,10,1038.84,1036.03,-0.11,0.0,0.0
ICEREZ2,Europe/Madrid,2023-11-19T22:59:58Z,2023-11-19 23:59:58,1700434798,41.217,-3.59,358.69,3.0,207,96,50,82,-1,19,5,10,5,0,0,7,0,1,12,4,7,19,5,10,19,5,10,1036.44,1032.54,-0.1,1.19,0.2
ICEREZ2,Europe/Madrid,2023-11-20T22:59:58Z,2023-11-20 23:59:58,1700521198,41.217,-3.59,836.29,8.0,244,99,74,93,-1,13,4,8,5,0,0,7,0,1,11,3,7,13,4,8,13,4,8,1034.03,1031.43,-0.04,1.8,0.3
ICEREZ2,Europe/Madrid,2023-11-21T22:59:57Z,2023-11-21 23:59:57,1700607597,41.217,-3.59,643.24,6.0,302,99,80,93,-1,7,0,5,14,0,1,20,0,1,6,0,4,7,0,5,7,0,5,1035.52,1032.04,0.1,3.0,1.5
ICEREZ2,Europe/Madrid,2023-11-22T22:59:56Z,2023-11-22 23:59:56,1700693996,41.217,-3.59,480.17,4.0,290,98,70,88,-1,9,0,5,15,0,2,26,0,4,6,0,3,9,0,5,9,0,5,1036.44,1033.42,0.03,1.8,0.3
ICEREZ2,Europe/Madrid,2023-11-23T22:59:56Z,2023-11-23 23:59:56,1700780396,41.217,-3.59,331.78,3.0,227,98,40,79,-1,11,-3,3,5,0,0,7,0,1,2,-3,-1,11,-3,3,11,-3,3,1037.42,1033.63,-0.09,0.0,0.0
ICEREZ2,Europe/Madrid,2023-11-24T22:59:56Z,2023-11-24 23:59:56,1700866796,41.217,-3.59,329.2,3.0,196,94,53,81,-1,13,-3,3,4,0,0,5,0,1,5,-3,0,13,-3,3,13,-3,3,1034.24,1028.72,-0.18,0.0,0.0
ICEREZ2,Europe/Madrid,2023-11-25T22:59:56Z,2023-11-25 23:59:56,1700953196,41.217,-3.59,332.27,3.0,206,92,44,77,-1,14,0,5,4,0,0,5,0,1,6,-2,1,14,0,5,14,0,5,1029.83,1010.84,-0.71,0.0,0.0
ICEREZ2,Europe/Madrid,2023-11-26T22:59:55Z,2023-11-26 23:59:55,1701039595,41.217,-3.59,346.57,3.0,192,93,46,74,-1,15,-1,6,4,0,0,5,0,1,5,-2,2,15,-1,6,15,-1,6,1013.14,1010.94,0.02,0.0,0.0
ICEREZ2,Europe/Madrid,2023-11-27T22:59:54Z,2023-11-27 23:59:54,1701125994,41.217,-3.59,441.14,4.0,250,97,50,84,-1,14,1,7,9,0,2,15,0,2,9,0,5,14,1,7,14,1,7,1013.04,1009.41,-0.09,0.0,0.0
ICEREZ2,Europe/Madrid,2023-11-28T22:59:54Z,2023-11-28 23:59:54,1701212394,41.217,-3.59,182.53,1.0,261,99,96,98,-1,10,8,9,7,0,1,11,0,2,10,8,9,10,7,9,10,8,9,1011.14,1006.94,-0.15,3.61,6.6
ICEREZ2,Europe/Madrid,2023-11-29T22:59:53Z,2023-11-29 23:59:53,1701298793,41.217,-3.59,567.76,4.0,202,99,68,86,-1,14,8,11,9,0,1,18,0,2,10,7,9,14,8,11,14,8,11,1007.32,1001.32,-0.23,3.0,1.5
ICEREZ2,Europe/Madrid,2023-11-30T22:59:53Z,2023-11-30 23:59:53,1701385193,41.217,-3.59,191.21,1.0,171,99,68,85,-1,14,7,11,19,0,3,35,0,5,11,7,9,14,7,11,14,7,11,1001.83,993.84,-0.22,9.6,16.99
ICEREZ2,Europe/Madrid,2023-12-01T22:59:53Z,2023-12-01 23:59:53,1701471593,41.217,-3.59,424.26,4.0,265,99,82,92,-1,7,2,4,14,0,3,17,0,4,7,1,3,7,-1,4,7,2,4,1005.52,994.31,0.38,4.8,10.01
ICEREZ2,Europe/Madrid,2023-12-02T22:59:53Z,2023-12-02 23:59:53,1701557993,41.217,-3.59,142.27,1.0,263,97,81,90,-1,4,-1,3,12,0,2,15,0,2,2,-2,1,4,-1,3,4,-1,3,1015.14,1005.32,0.39,0.0,0.0
ICEREZ2,Europe/Madrid,2023-12-03T22:59:52Z,2023-12-03 23:59:52,1701644392,41.217,-3.59,330.06,3.0,147,98,47,82,-1,8,-3,2,21,0,2,35,0,4,2,-4,-1,8,-3,2,8,-3,2,1015.61,1008.64,-0.25,0.0,0.0
ICEREZ2,Europe/Madrid,2023-12-04T22:59:53Z,2023-12-04 23:59:53,1701730793,41.217,-3.59,427.69,4.0,165,95,72,85,-1,9,3,6,22,0,3,33,0,5,6,1,4,9,-1,6,9,3,6,1013.51,1007.42,0.19,3.0,1.7
ICEREZ2,Europe/Madrid,2023-12-05T22:59:53Z,2023-12-05 23:59:53,1701817193,41.217,-3.59,278.44,2.0,249,98,58,82,-1,7,-2,3,11,0,1,15,0,1,3,-3,0,7,-2,3,7,-2,3,1013.82,1009.21,-0.15,1.8,0.3
ICEREZ2,Europe/Madrid,2023-12-06T22:59:53Z,2023-12-06 23:59:53,1701903593,41.217,-3.59,273.66,2.0,209,94,46,77,-1,8,-3,2,6,0,1,11,0,1,2,-5,-2,8,-3,2,8,-3,2,1013.72,1008.13,0.14,0.0,0.0
ICEREZ2,Europe/Madrid,2023-12-07T22:59:52Z,2023-12-07 23:59:52,1701989992,41.217,-3.59,167.85,1.0,155,99,69,86,-1,10,0,6,11,0,2,20,0,3,10,-4,4,10,0,6,10,0,6,1014.43,1010.13,-0.08,7.8,24.41
ICEREZ2,Europe/Madrid,2023-12-08T22:59:52Z,2023-12-08 23:59:52,1702076392,41.217,-3.59,367.37,3.0,257,98,79,91,-1,8,3,6,13,0,3,18,0,4,8,2,4,8,2,6,8,3,6,1018.52,1010.94,0.28,9.6,3.99
ICEREZ2,Europe/Madrid,2023-12-09T22:59:51Z,2023-12-09 23:59:51,1702162791,41.217,-3.59,132.73,1.0,218,98,87,93,-1,12,4,9,10,0,1,15,0,3,11,3,8,12,3,9,12,4,9,1020.83,1017.24,0.1,1.8,0.99
ICEREZ2,Europe/Madrid,2023-12-10T22:59:50Z,2023-12-10 23:59:50,1702249190,41.217,-3.59,209.07,2.0,232,98,84,94,-1,14,9,11,9,0,1,13,0,1,12,8,10,14,9,11,14,9,11,1020.93,1018.83,-0.05,0.0,0.0
ICEREZ2,Europe/Madrid,2023-12-11T22:59:49Z,2023-12-11 23:59:49,1702335589,41.217,-3.59,281.86,2.0,196,95,49,81,-1,16,7,10,6,0,1,9,0,1,9,5,7,16,7,10,16,7,10,1019.81,1015.44,-0.13,0.0,0.0
ICEREZ2,Europe/Madrid,2023-12-12T22:59:49Z,2023-12-12 23:59:49,1702421989,41.217,-3.59,286.63,2.0,224,98,70,86,-1,14,5,10,13,0,2,18,0,3,10,4,8,14,5,10,14,5,10,1016.32,1009.52,-0.27,10.21,6.71
ICEREZ2,Europe/Madrid,2023-12-13T22:59:48Z,2023-12-13 23:59:48,1702508388,41.217,-3.59,377.4,3.0,264,97,77,89,-1,8,2,5,13,0,3,18,0,5,8,1,4,8,2,5,8,2,5,1016.42,1009.41,0.26,1.19,0.2
ICEREZ2,Europe/Madrid,2023-12-14T22:59:48Z,2023-12-14 23:59:48,1702594788,41.217,-3.59,317.95,3.0,262,96,76,89,-1,6,2,3,9,0,0,9,0,1,3,1,2,6,1,3,6,2,3,1026.62,1016.22,0.42,0.0,0.0
ICEREZ2,Europe/Madrid,2023-12-15T22:59:47Z,2023-12-15 23:59:47,1702681187,41.217,-3.59,349.15,3.0,298,98,70,91,-1,10,-1,4,10,0,1,15,0,1,6,-2,2,10,-1,4,10,-1,4,1030.24,1026.31,0.13,0.0,0.0
ICEREZ2,Europe/Madrid,2023-12-16T22:59:48Z,2023-12-16 23:59:48,1702767588,41.217,-3.59,297.52,2.0,235,98,70,91,-1,8,-3,1,4,0,0,5,0,1,5,-4,0,8,-3,1,8,-3,1,1029.83,1026.72,-0.03,1.8,0.3
ICEREZ2,Europe/Madrid,2023-12-17T22:59:49Z,2023-12-17 23:59:49,1702853989,41.217,-3.59,296.66,2.0,200,94,48,76,-1,11,-4,2,4,0,0,5,0,1,4,-6,-2,11,-4,2,11,-4,2,1029.12,1026.72,0.0,0.0,0.0
ICEREZ2,Europe/Madrid,2023-12-18T22:59:49Z,2023-12-18 23:59:49,1702940389,41.217,-3.59,294.1,2.0,212,93,51,76,-1,10,-4,1,4,0,0,5,0,1,2,-6,-3,10,-4,1,10,-4,1,1028.92,1026.62,-0.07,0.0,0.0
ICEREZ2,Europe/Madrid,2023-12-19T22:59:50Z,2023-12-19 23:59:50,1703026790,41.217,-3.59,293.24,2.0,211,88,37,71,-1,13,-3,2,6,0,1,7,0,1,2,-6,-3,13,-3,2,13,-3,2,1026.92,1023.03,-0.13,0.0,0.0
ICEREZ2,Europe/Madrid,2023-12-20T22:59:49Z,2023-12-20 23:59:49,1703113189,41.217,-3.59,409.46,4.0,294,99,73,87,-1,6,-3,2,19,0,2,29,0,3,3,-5,0,6,-3,2,6,-3,2,1025.13,1021.74,0.04,1.19,0.2
ICEREZ2,Europe/Madrid,2023-12-21T22:59:50Z,2023-12-21 23:59:50,1703199590,41.217,-3.59,325.78,3.0,133,98,69,87,-1,8,2,5,12,0,1,17,0,1,5,2,3,8,2,5,8,2,5,1024.82,1022.62,-0.02,0.0,0.0
ICEREZ2,Europe/Madrid,2023-12-22T22:59:49Z,2023-12-22 23:59:49,1703285989,41.217,-3.59,299.72,2.0,240,99,72,91,-1,9,-2,4,5,0,0,7,0,1,5,-2,2,9,-2,4,9,-2,4,1024.62,1022.01,-0.06,0.0,0.0
ICEREZ2,Europe/Madrid,2023-12-23T22:59:49Z,2023-12-23 23:59:49,1703372389,41.217,-3.59,288.83,2.0,244,99,70,92,-1,8,-3,1,7,0,1,9,0,1,4,-4,0,8,-4,1,8,-3,1,1022.93,1019.54,-0.11,1.8,0.3
ICEREZ2,Europe/Madrid,2023-12-24T22:59:49Z,2023-12-24 23:59:49,1703458789,41.217,-3.59,716.65,6.0,240,99,89,98,-1,4,-4,0,6,0,0,7,0,1,3,-4,0,4,-4,0,4,-4,0,1020.42,1017.54,-0.07,1.19,0.2
ICEREZ2,Europe/Madrid,2023-12-25T22:59:50Z,2023-12-25 23:59:50,1703545190,41.217,-3.59,292.38,2.0,231,99,52,90,-1,8,-6,-1,4,0,0,4,0,0,3,-7,-2,8,-6,-1,8,-6,-1,1018.52,1015.51,-0.08,1.8,0.3
ICEREZ2,Europe/Madrid,2023-12-26T22:59:51Z,2023-12-26 23:59:51,1703631591,41.217,-3.59,295.32,2.0,200,92,32,68,-1,11,-5,1,5,0,1,7,0,1,0,-7,-4,11,-5,1,11,-5,1,1018.42,1015.44,0.03,0.0,0.0
ICEREZ2,Europe/Madrid,2023-12-27T22:59:50Z,2023-12-27 23:59:50,1703717990,41.217,-3.59,310.12,3.0,217,92,32,73,-1,14,-3,2,9,0,1,17,0,1,3,-5,-2,14,-3,2,14,-3,2,1019.44,1015.61,0.08,0.0,0.0
ICEREZ2,Europe/Madrid,2023-12-28T22:59:51Z,2023-12-28 23:59:51,1703804391,41.217,-3.59,346.95,3.0,225,91,49,78,-1,10,-2,3,7,0,0,9,0,1,4,-4,0,10,-2,3,10,-2,3,1020.62,1017.81,0.01,0.0,0.0
ICEREZ2,Europe/Madrid,2023-12-29T22:59:50Z,2023-12-29 23:59:50,1703890790,41.217,-3.59,265.83,2.0,230,96,71,86,-1,9,0,5,4,0,0,5,0,0,5,-1,2,9,0,5,9,0,5,1019.64,1015.92,-0.13,0.0,0.0
ICEREZ2,Europe/Madrid,2023-12-30T22:59:49Z,2023-12-30 23:59:49,1703977189,41.217,-3.59,358.32,3.0,229,98,54,79,-1,12,0,6,8,0,1,13,0,2,5,-1,3,12,0,6,12,0,6,1016.63,1012.23,-0.15,0.0,0.0
ICEREZ2,Europe/Madrid,2023-12-31T22:59:50Z,2023-12-31 23:59:50,1704063590,41.217,-3.59,415.57,4.0,251,96,58,80,-1,9,3,6,14,0,2,26,0,4,5,0,3,9,3,6,9,3,6,1013.82,1010.13,0.05,0.0,0.0
ICEREZ2,Europe/Madrid,2024-01-01T22:59:50Z,2024-01-01 23:59:50,1704149990,41.217,-3.59,301.44,2.0,243,96,29,74,-1,8,-1,3,8,0,1,9,0,1,2,-9,-1,8,-1,3,8,-1,3,1015.71,1012.43,0.06,0.0,0.0
ICEREZ2,Europe/Madrid,2024-01-02T22:59:50Z,2024-01-02 23:59:50,1704236390,41.217,-3.59,176.9,1.0,229,95,42,70,-1,13,0,8,14,0,2,22,0,3,9,-7,2,13,0,8,13,0,8,1015.92,1010.94,-0.12,0.0,0.0
ICEREZ2,Europe/Madrid,2024-01-03T22:59:49Z,2024-01-03 23:59:49,1704322789,41.217,-3.59,192.07,1.0,241,98,76,92,-1,13,5,10,9,0,1,17,0,2,10,4,8,13,5,10,13,5,10,1015.24,1011.31,0.1,4.8,8.89
ICEREZ2,Europe/Madrid,2024-01-04T22:59:48Z,2024-01-04 23:59:48,1704409188,41.217,-3.59,185.22,1.0,199,99,70,91,-1,11,4,7,10,0,1,13,0,1,7,3,5,11,4,7,11,4,7,1014.63,1003.93,-0.44,4.8,6.6
ICEREZ2,Europe/Madrid,2024-01-05T22:59:48Z,2024-01-05 23:59:48,1704495588,41.217,-3.59,386.46,14.0,257,99,81,93,-1,5,1,3,12,0,4,17,0,5,5,1,2,5,-1,2,5,1,3,1009.04,1002.24,0.2,4.8,7.11
ICEREZ2,Europe/Madrid,2024-01-06T22:59:48Z,2024-01-06 23:59:48,1704581988,41.217,-3.59,442.86,4.0,267,98,74,92,-1,4,-2,1,11,0,2,15,0,3,1,-2,0,4,-2,1,4,-2,1,1015.24,1008.53,0.25,0.0,0.0
ICEREZ2,Europe/Madrid,2024-01-07T22:59:48Z,2024-01-07 23:59:48,1704668388,41.217,-3.59,629.79,6.0,271,99,77,93,-1,4,-4,0,8,0,0,9,0,1,1,-4,-1,4,-4,0,4,-4,0,1017.14,1014.43,0.02,0.0,0.0
ICEREZ2,Europe/Madrid,2024-01-08T22:59:49Z,2024-01-08 23:59:49,1704754789,41.217,-3.59,318.81,3.0,243,98,60,86,-1,4,-6,-1,5,0,0,5,0,1,0,-6,-3,4,-6,-1,4,-6,-1,1015.61,1011.24,-0.17,0.0,0.0
ICEREZ2,Europe/Madrid,2024-01-09T22:59:50Z,2024-01-09 23:59:50,1704841190,41.217,-3.59,593.45,5.0,250,99,82,94,-1,4,0,2,4,0,0,5,0,0,3,-2,1,4,0,2,4,0,2,1012.84,1010.84,0.02,0.0,0.0
ICEREZ2,Europe/Madrid,2024-01-10T22:59:49Z,2024-01-10 23:59:49,1704927589,41.217,-3.59,168.21,1.0,258,99,93,98,-1,5,0,3,10,0,1,17,0,2,5,0,3,5,0,3,5,0,3,1012.43,1010.53,0.0,5.99,15.01
ICEREZ2,Europe/Madrid,2024-01-11T22:59:50Z,2024-01-11 23:59:50,1705013990,41.217,-3.59,382.54,3.0,269,99,71,91,-1,3,-3,1,7,0,0,9,0,1,2,-3,-1,3,-3,1,3,-3,1,1016.53,1011.41,0.19,10.8,2.79
ICEREZ2,Europe/Madrid,2024-01-12T22:59:50Z,2024-01-12 23:59:50,1705100390,41.217,-3.59,369.57,3.0,163,97,42,79,-1,6,-6,0,14,0,2,22,0,3,0,-7,-4,6,-7,-1,6,-6,0,1018.12,1015.51,0.07,0.0,0.0
ICEREZ2,Europe/Madrid,2024-01-13T22:59:49Z,2024-01-13 23:59:49,1705186789,41.217,-3.59,310.61,3.0,150,93,49,71,-1,13,-2,6,10,0,1,18,0,1,5,-4,1,13,-4,6,13,-2,6,1018.12,1014.83,-0.09,0.0,0.0
ICEREZ2,Europe/Madrid,2024-01-14T22:59:49Z,2024-01-14 23:59:49,1705273189,41.217,-3.59,91.87,0.0,204,98,75,88,-1,10,5,8,10,0,1,15,0,1,9,2,6,10,5,8,10,5,8,1015.71,1011.14,-0.17,6.6,5.0
ICEREZ2,Europe/Madrid,2024-01-15T22:59:48Z,2024-01-15 23:59:48,1705359588,41.217,-3.59,155.73,1.0,242,99,97,98,-1,11,9,10,11,0,2,15,0,3,11,9,10,11,8,10,11,9,10,1011.72,1008.03,-0.1,11.99,28.7
ICEREZ2,Europe/Madrid,2024-01-16T22:59:47Z,2024-01-16 23:59:47,1705445987,41.217,-3.59,291.03,2.0,181,99,74,90,-1,14,10,11,25,0,4,40,0,6,11,7,9,14,7,11,14,10,11,1010.02,1001.63,-0.32,4.8,3.61
ICEREZ2,Europe/Madrid,2024-01-17T22:59:47Z,2024-01-17 23:59:47,1705532387,41.217,-3.59,527.88,5.0,140,97,69,83,-1,12,5,9,23,0,5,42,0,7,8,4,7,12,3,9,12,5,9,1002.13,995.94,0.01,9.6,15.19
ICEREZ2,Europe/Madrid,2024-01-18T22:59:45Z,2024-01-18 23:59:45,1705618785,41.217,-3.59,476.74,4.0,254,96,67,82,-1,12,6,8,13,0,2,22,0,4,8,4,6,12,6,8,12,6,8,1006.64,1001.63,0.15,0.0,0.0
ICEREZ2,Europe/Madrid,2024-01-19T22:59:46Z,2024-01-19 23:59:46,1705705186,41.217,-3.59,41.59,0.0,89,99,92,97,-1,6,0,4,14,0,1,20,0,1,6,0,3,6,-3,4,6,0,4,1009.72,1000.03,0.16,5.99,29.49
ICEREZ2,Europe/Madrid,2024-01-20T22:59:46Z,2024-01-20 23:59:46,1705791586,41.217,-3.59,877.15,14.0,272,99,91,97,-1,3,-4,-1,9,0,1,11,0,1,2,-4,-1,3,-4,-1,3,-4,-1,1023.03,1009.52,0.55,0.0,0.0
ICEREZ2,Europe/Madrid,2024-01-21T22:59:47Z,2024-01-21 23:59:47,1705877987,41.217,-3.59,349.15,3.0,219,99,59,85,-1,9,-4,2,6,0,1,13,0,1,4,-5,0,9,-4,2,9,-4,2,1027.43,1021.84,0.17,1.19,0.2
ICEREZ2,Europe/Madrid,2024-01-22T22:59:45Z,2024-01-22 23:59:45,1705964385,41.217,-3.59,349.64,3.0,236,99,66,85,-1,12,0,7,8,0,1,13,0,1,9,-3,5,12,0,7,12,0,7,1030.61,1026.41,0.13,0.0,0.0
ICEREZ2,Europe/Madrid,2024-01-23T22:59:44Z,2024-01-23 23:59:44,1706050784,41.217,-3.59,440.28,4.0,235,99,81,94,-1,14,6,10,4,0,0,5,0,1,11,5,9,14,6,10,14,6,10,1032.14,1029.53,0.07,0.0,0.0
ICEREZ2,Europe/Madrid,2024-01-24T22:59:44Z,2024-01-24 23:59:44,1706137184,41.217,-3.59,358.32,3.0,189,97,53,78,-1,19,3,9,7,0,1,9,0,1,10,1,5,19,3,9,19,3,9,1031.83,1029.33,-0.07,0.0,0.0
ICEREZ2,Europe/Madrid,2024-01-25T22:59:44Z,2024-01-25 23:59:44,1706223584,41.217,-3.59,402.12,3.0,187,86,32,68,-1,19,4,9,4,0,1,5,0,1,8,1,3,19,4,9,19,4,9,1030.04,1026.41,-0.13,0.0,0.0
ICEREZ2,Europe/Madrid,2024-01-26T22:59:59Z,2024-01-26 23:59:59,1706309999,41.217,-3.59,389.52,3.0,217,87,41,72,-1,20,2,9,5,0,0,7,0,1,9,0,4,20,2,9,20,2,9,1027.74,1024.72,-0.07,0.0,0.0
ICEREZ2,Europe/Madrid,2024-01-27T22:59:59Z,2024-01-27 23:59:59,1706396399,41.217,-3.59,341.81,3.0,181,86,32,60,-1,20,3,12,14,0,2,22,0,3,11,0,4,20,3,12,20,3,12,1025.23,1020.93,-0.17,0.0,0.0
ICEREZ2,Europe/Madrid,2024-01-28T22:59:58Z,2024-01-28 23:59:58,1706482798,41.217,-3.59,402.98,3.0,143,75,38,56,-1,18,9,13,17,0,4,33,0,6,6,3,5,18,8,13,18,9,13,1022.01,1019.64,0.03,0.0,0.0
ICEREZ2,Europe/Madrid,2024-01-29T22:59:57Z,2024-01-29 23:59:57,1706569197,41.217,-3.59,359.18,3.0,158,80,31,62,-1,17,6,11,11,0,1,18,0,2,8,-1,4,17,6,11,17,6,11,1023.43,1020.52,0.07,0.0,0.0
ICEREZ2,Europe/Madrid,2024-01-30T22:59:56Z,2024-01-30 23:59:56,1706655596,41.217,-3.59,399.91,3.0,169,88,42,71,-1,16,1,8,12,0,1,15,0,1,7,-1,3,16,1,8,16,1,8,1025.94,1022.72,0.1,0.0,0.0
ICEREZ2,Europe/Madrid,2024-01-31T22:59:57Z,2024-01-31 23:59:57,1706741997,41.217,-3.59,418.15,4.0,250,96,44,80,-1,15,-2,5,4,0,0,5,0,1,7,-3,2,15,-2,5,15,-2,5,1028.72,1025.53,0.13,0.0,0.0
ICEREZ2,Europe/Madrid,2024-02-01T22:59:57Z,2024-02-01 23:59:57,1706828397,41.217,-3.59,404.2,3.0,228,95,51,80,-1,14,-1,5,6,0,0,9,0,1,6,-2,2,14,-1,5,14,-1,5,1030.14,1027.23,-0.05,0.0,0.0
ICEREZ2,Europe/Madrid,2024-02-02T22:59:56Z,2024-02-02 23:59:56,1706914796,41.217,-3.59,400.4,3.0,225,93,55,79,-1,15,-1,5,6,0,0,7,0,1,7,-2,2,15,-1,5,15,-1,5,1027.84,1023.43,-0.11,0.0,0.0
ICEREZ2,Europe/Madrid,2024-02-03T22:59:55Z,2024-02-03 23:59:55,1707001195,41.217,-3.59,416.43,4.0,196,93,28,70,-1,17,1,7,11,0,1,17,0,2,7,-2,2,17,1,7,17,1,7,1025.84,1023.43,0.03,0.0,0.0
ICEREZ2,Europe/Madrid,2024-02-04T22:59:56Z,2024-02-04 23:59:56,1707087596,41.217,-3.59,422.42,4.0,197,85,29,66,-1,17,-1,6,5,0,1,7,0,1,6,-5,0,17,-1,6,17,-1,6,1026.04,1023.54,-0.04,0.0,0.0
ICEREZ2,Europe/Madrid,2024-02-05T22:59:55Z,2024-02-05 23:59:55,1707173995,41.217,-3.59,358.32,3.0,190,88,44,71,-1,15,-1,6,4,0,0,5,0,1,5,-3,1,15,-1,6,15,-1,6,1025.23,1021.23,-0.11,0.0,0.0
ICEREZ2,Europe/Madrid,2024-02-06T22:59:54Z,2024-02-06 23:59:54,1707260394,41.217,-3.59,451.54,4.0,239,95,60,83,-1,13,1,6,8,0,1,11,0,1,7,0,3,13,1,6,13,1,6,1022.01,1018.32,-0.12,0.0,0.0
ICEREZ2,Europe/Madrid,2024-02-07T22:59:54Z,2024-02-07 23:59:54,1707346794,41.217,-3.59,371.29,3.0,227,97,69,86,-1,11,-1,6,9,0,1,17,0,2,7,-1,4,11,-1,6,11,-1,6,1019.54,1013.82,-0.22,1.8,0.3
ICEREZ2,Europe/Madrid,2024-02-08T22:59:53Z,2024-02-08 23:59:53,1707433193,41.217,-3.59,286.27,2.0,126,94,65,81,-1,10,5,7,26,0,6,38,0,10,5,3,4,10,1,7,10,5,7,1013.92,995.63,-0.76,4.8,9.09
ICEREZ2,Europe/Madrid,2024-02-09T22:59:54Z,2024-02-09 23:59:54,1707519594,41.217,-3.59,356.49,3.0,129,97,81,90,-1,11,6,7,21,0,5,38,0,8,8,4,6,11,3,7,11,6,7,1014.53,983.14,0.77,5.99,14.0
ICEREZ2,Europe/Madrid,2024-02-10T22:59:53Z,2024-02-10 23:59:53,1707605993,41.217,-3.59,584.28,5.0,263,98,77,89,-1,6,2,4,17,0,5,22,0,7,5,0,2,6,-1,3,6,2,4,1031.02,1014.12,0.7,4.8,6.91
ICEREZ2,Europe/Madrid,2024-02-11T22:59:53Z,2024-02-11 23:59:53,1707692393,41.217,-3.59,460.23,14.0,235,98,70,84,-1,7,2,4,13,0,2,20,0,4,7,0,2,7,-2,4,7,2,4,1034.44,1030.72,0.03,1.8,0.51
ICEREZ2,Europe/Madrid,2024-02-12T22:59:52Z,2024-02-12 23:59:52,1707778792,41.217,-3.59,560.42,5.0,250,97,62,84,-1,13,7,9,14,0,4,26,0,5,8,5,6,13,5,9,13,7,9,1043.41,1030.72,0.49,5.99,4.5
ICEREZ2,Europe/Madrid,2024-02-13T22:59:51Z,2024-02-13 23:59:51,1707865191,41.217,-3.59,387.81,3.0,241,98,84,92,-1,14,8,10,7,0,1,9,0,1,12,6,9,14,8,10,14,8,10,1047.92,1042.53,0.18,3.61,1.8
ICEREZ2,Europe/Madrid,2024-02-14T22:59:50Z,2024-02-14 23:59:50,1707951590,41.217,-3.59,518.82,5.0,151,99,55,81,-1,18,5,12,18,0,3,29,0,5,11,5,8,18,5,12,18,5,12,1047.92,1042.23,-0.22,0.0,0.0
ICEREZ2,Europe/Madrid,2024-02-15T22:59:50Z,2024-02-15 23:59:50,1708037990,41.217,-3.59,201.61,1.0,125,98,62,79,-1,15,8,12,26,0,5,38,0,9,10,7,9,15,7,12,15,8,12,1042.74,1036.54,-0.04,4.8,9.19
ICEREZ2,Europe/Madrid,2024-02-16T22:59:49Z,2024-02-16 23:59:49,1708124389,41.217,-3.59,694.01,6.0,264,99,70,93,-1,11,4,7,8,0,2,11,0,2,7,3,5,11,4,7,11,4,7,1050.53,1041.42,0.35,7.8,3.3
ICEREZ2,Europe/Madrid,2024-02-17T22:59:49Z,2024-02-17 23:59:49,1708210789,41.217,-3.59,537.91,5.0,250,99,40,77,-1,14,1,6,9,0,1,13,0,1,5,-2,2,14,1,6,14,1,6,1056.32,1050.12,0.24,0.0,0.0
ICEREZ2,Europe/Madrid,2024-02-18T22:59:48Z,2024-02-18 23:59:48,1708297188,41.217,-3.59,497.54,4.0,240,94,45,76,-1,15,-1,6,8,0,1,11,0,1,7,-2,2,15,-1,6,15,-1,6,1057.64,1055.13,0.05,0.0,0.0
ICEREZ2,Europe/Madrid,2024-02-19T22:59:47Z,2024-02-19 23:59:47,1708383587,41.217,-3.59,586.48,5.0,239,97,50,81,-1,16,2,8,9,0,1,13,0,1,8,1,4,16,2,8,16,2,8,1057.03,1053.13,-0.1,0.0,0.0
ICEREZ2,Europe/Madrid,2024-02-20T22:59:48Z,2024-02-20 23:59:48,1708469988,41.217,-3.59,546.11,5.0,223,92,27,68,-1,17,-1,7,6,0,1,9,0,1,5,-4,0,17,-1,7,17,-1,7,1055.03,1051.14,-0.13,0.0,0.0
ICEREZ2,Europe/Madrid,2024-02-21T22:59:36Z,2024-02-21 23:59:36,1708556376,41.217,-3.59,503.16,4.0,180,74,34,57,-1,16,0,8,6,0,1,15,0,2,5,-5,0,16,-1,8,16,0,8,1051.71,1044.94,-0.25,0.0,0.0
ICEREZ2,Europe/Madrid,2024-02-22T22:59:46Z,2024-02-22 23:59:46,1708642786,41.217,-3.59,725.7,7.0,241,97,61,77,-1,13,3,8,19,0,3,29,0,5,9,0,5,13,0,8,13,3,8,1046.12,1031.93,-0.47,10.8,5.59
ICEREZ2,Europe/Madrid,2024-02-23T22:59:45Z,2024-02-23 23:59:45,1708729185,41.217,-3.59,694.5,6.0,263,93,66,85,-1,6,1,3,15,0,4,24,0,6,2,-1,0,6,-2,2,6,1,3,1035.12,1031.83,-0.07,1.8,0.51
ICEREZ2,Europe/Madrid,2024-02-24T22:59:45Z,2024-02-24 23:59:45,1708815585,41.217,-3.59,742.58,7.0,263,95,62,83,-1,6,1,3,13,0,4,22,0,6,2,-1,0,6,-3,2,6,1,3,1039.11,1031.73,0.25,1.8,0.51
ICEREZ2,Europe/Madrid,2024-02-25T22:59:44Z,2024-02-25 23:59:44,1708901984,41.217,-3.59,715.79,6.0,231,97,76,92,-1,12,3,7,18,0,5,31,0,7,8,2,6,12,1,7,12,3,7,1038.84,1028.24,-0.36,25.81,17.5
ICEREZ2,Europe/Madrid,2024-02-26T22:59:45Z,2024-02-26 23:59:45,1708988385,41.217,-3.59,677.13,6.0,266,98,69,90,-1,6,1,4,14,0,5,24,0,7,5,0,2,6,-2,3,6,1,4,1036.74,1027.02,0.28,8.99,7.9
ICEREZ2,Europe/Madrid,2024-02-27T22:59:45Z,2024-02-27 23:59:45,1709074785,41.217,-3.59,702.33,6.0,281,94,72,84,-1,4,0,1,19,0,3,26,0,5,1,-2,-1,4,-4,1,4,0,1,1046.02,1036.44,0.37,0.0,0.0
ICEREZ2,Europe/Madrid,2024-02-28T22:59:46Z,2024-02-28 23:59:46,1709161186,41.217,-3.59,775.12,7.0,286,98,74,88,-1,8,-1,3,17,0,2,26,0,3,4,-2,1,8,-2,3,8,-1,3,1046.12,1011.92,-1.39,1.8,0.3
ICEREZ2,Europe/Madrid,2024-02-29T22:59:45Z,2024-02-29 23:59:45,1709247585,41.217,-3.59,434.66,4.0,257,99,66,89,-1,9,-2,2,16,0,2,24,0,4,6,-2,1,8,-2,2,9,-2,2,1012.73,1004.34,-0.15,1.8,0.3
ICEREZ2,Europe/Madrid,2024-03-01T22:59:45Z,2024-03-01 23:59:45,1709333985,41.217,-3.59,780.75,14.0,242,93,67,82,-1,9,-2,3,11,0,2,22,0,4,3,-3,0,9,-3,3,9,-2,3,1010.23,1002.34,-0.28,0.0,0.0
ICEREZ2,Europe/Madrid,2024-03-02T22:59:45Z,2024-03-02 23:59:45,1709420385,41.217,-3.59,162.22,1.0,222,99,73,89,-1,7,0,4,21,0,3,28,0,4,4,0,2,7,-3,3,7,0,4,1017.24,987.81,0.62,4.8,3.99
ICEREZ2,Europe/Madrid,2024-03-03T22:59:45Z,2024-03-03 23:59:45,1709506785,41.217,-3.59,739.64,7.0,262,99,72,92,-1,4,-2,1,11,0,1,18,0,1,3,-2,0,4,-2,1,4,-2,1,1027.33,1017.03,0.41,6.6,13.21
ICEREZ2,Europe/Madrid,2024-03-04T22:59:45Z,2024-03-04 23:59:45,1709593185,41.217,-3.59,703.19,6.0,245,99,68,88,-1,11,3,6,15,0,2,22,0,4,8,1,4,11,1,6,11,3,6,1031.83,1026.72,0.2,3.0,3.61
ICEREZ2,Europe/Madrid,2024-03-05T22:59:44Z,2024-03-05 23:59:44,1709679584,41.217,-3.59,838.98,8.0,256,93,56,80,-1,9,0,4,10,0,2,13,0,3,2,-2,1,9,0,4,9,0,4,1035.93,1031.53,0.11,0.0,0.0
ICEREZ2,Europe/Madrid,2024-03-06T22:59:45Z,2024-03-06 23:59:45,1709765985,41.217,-3.59,675.41,6.0,162,94,42,71,-1,13,-3,5,21,0,2,26,0,4,4,-4,0,13,-3,5,13,-3,5,1034.64,1026.21,-0.32,0.0,0.0
ICEREZ2,Europe/Madrid,2024-03-07T22:59:44Z,2024-03-07 23:59:44,1709852384,41.217,-3.59,591.25,5.0,141,95,51,71,-1,10,3,7,31,0,5,50,0,8,5,-2,2,10,1,6,10,3,7,1026.62,1014.83,-0.42,3.0,4.29
ICEREZ2,Europe/Madrid,2024-03-08T22:59:59Z,2024-03-08 23:59:59,1709938799,41.217,-3.59,782.58,7.0,132,94,50,81,-1,11,1,4,32,0,7,51,0,10,3,0,1,11,-3,3,11,1,4,1016.83,1007.62,-0.36,3.61,6.1
ICEREZ2,Europe/Madrid,2024-03-09T22:59:59Z,2024-03-09 23:59:59,1710025199,41.217,-3.59,838.49,8.0,141,98,58,84,-1,7,1,3,26,0,3,48,0,5,3,-2,1,7,-1,3,7,1,3,1009.72,1005.42,0.0,4.8,8.41
ICEREZ2,Europe/Madrid,2024-03-10T22:59:59Z,2024-03-10 23:59:59,1710111599,41.217,-3.59,936.61,9.0,228,94,75,88,-1,8,2,4,14,0,4,26,0,6,5,-1,3,8,-1,4,8,2,4,1023.33,1007.32,0.64,6.6,7.8
ICEREZ2,Europe/Madrid,2024-03-11T22:59:59Z,2024-03-11 23:59:59,1710197999,41.217,-3.59,856.35,8.0,263,97,56,83,-1,10,1,5,12,0,4,17,0,5,3,0,2,10,0,5,10,1,5,1034.03,1023.03,0.45,0.0,0.0
ICEREZ2,Europe/Madrid,2024-03-12T22:59:58Z,2024-03-12 23:59:58,1710284398,41.217,-3.59,654.13,6.0,268,98,37,74,-1,15,-1,6,10,0,1,13,0,2,6,-1,2,15,-1,6,15,-1,6,1034.91,1031.63,-0.08,0.0,0.0
ICEREZ2,Europe/Madrid,2024-03-13T22:59:58Z,2024-03-13 23:59:58,1710370798,41.217,-3.59,674.56,6.0,140,89,33,60,-1,18,2,10,14,0,3,24,0,4,6,-1,2,18,0,10,18,2,10,1032.14,1010.84,-0.78,0.0,0.0
ICEREZ2,Europe/Madrid,2024-03-14T22:59:57Z,2024-03-14 23:59:57,1710457197,41.217,-3.59,735.24,7.0,213,90,55,77,-1,15,2,9,9,0,1,13,0,2,9,1,5,15,2,9,15,2,9,1016.73,1012.33,0.12,0.0,0.0
ICEREZ2,Europe/Madrid,2024-03-15T22:59:56Z,2024-03-15 23:59:56,1710543596,41.217,-3.59,623.79,6.0,242,95,72,86,-1,14,3,9,6,0,1,11,0,1,11,2,7,14,3,9,14,3,9,1017.14,1013.04,0.04,1.8,0.79
ICEREZ2,Europe/Madrid,2024-03-16T22:59:56Z,2024-03-16 23:59:56,1710629996,41.217,-3.59,763.5,7.0,217,98,49,78,-1,19,2,11,11,0,1,17,0,2,11,2,7,19,2,11,19,2,11,1018.12,1015.34,-0.01,0.0,0.0
ICEREZ2,Europe/Madrid,2024-03-17T22:59:54Z,2024-03-17 23:59:54,1710716394,41.217,-3.59,529.23,5.0,219,96,48,76,-1,19,5,12,5,0,1,7,0,1,11,5,8,19,5,12,19,5,12,1016.83,1013.04,-0.11,0.0,0.0
ICEREZ2,Europe/Madrid,2024-03-18T22:59:53Z,2024-03-18 23:59:53,1710802793,41.217,-3.59,837.63,8.0,206,96,40,74,-1,22,6,14,10,0,1,13,0,2,12,5,9,22,6,14,21,6,14,1014.22,1009.92,-0.14,0.0,0.0
ICEREZ2,Europe/Madrid,2024-03-19T22:59:51Z,2024-03-19 23:59:51,1710889191,41.217,-3.59,678.48,6.0,156,89,29,61,-1,23,6,15,14,0,2,18,0,3,10,3,7,23,6,15,23,6,15,1013.72,1009.31,0.02,0.0,0.0
ICEREZ2,Europe/Madrid,2024-03-20T22:59:35Z,2024-03-20 23:59:35,1710975575,41.217,-3.59,752.61,7.0,135,70,40,50,-1,21,11,17,27,0,4,40,0,6,9,4,6,21,11,17,21,11,17,1013.04,1009.04,0.06,0.0,0.0
ICEREZ2,Europe/Madrid,2024-03-21T22:59:49Z,2024-03-21 23:59:49,1711061989,41.217,-3.59,835.43,8.0,103,82,29,52,-1,24,10,17,21,0,3,35,0,5,10,3,7,24,10,17,24,10,17,1018.83,1012.53,0.24,0.0,0.0
ICEREZ2,Europe/Madrid,2024-03-22T22:59:48Z,2024-03-22 23:59:48,1711148388,41.217,-3.59,620.73,6.0,164,84,19,52,-1,26,8,16,10,0,1,15,0,2,12,0,5,26,8,16,25,8,16,1018.73,1014.33,-0.11,0.0,0.0
ICEREZ2,Europe/Madrid,2024-03-23T22:59:47Z,2024-03-23 23:59:47,1711234787,41.217,-3.59,629.42,6.0,239,91,41,64,-1,24,6,14,12,0,1,17,0,2,12,3,7,24,6,14,23,6,14,1017.03,1013.34,-0.03,0.0,0.0
ICEREZ2,Europe/Madrid,2024-03-24T22:59:46Z,2024-03-24 23:59:46,1711321186,41.217,-3.59,642.38,6.0,234,96,32,72,-1,22,4,12,9,0,1,13,0,1,10,3,6,22,4,12,21,4,12,1014.93,1003.12,-0.49,0.0,0.0
ICEREZ2,Europe/Madrid,2024-03-25T22:59:45Z,2024-03-25 23:59:45,1711407585,41.217,-3.59,767.41,7.0,137,94,56,77,-1,14,5,10,23,0,4,33,0,7,11,3,7,14,5,10,14,5,10,1003.22,990.62,-0.47,24.61,6.6
ICEREZ2,Europe/Madrid,2024-03-26T22:59:45Z,2024-03-26 23:59:45,1711493985,41.217,-3.59,1183.35,11.0,259,98,50,86,-1,7,0,3,10,0,2,15,0,3,4,-4,1,7,-1,3,7,0,3,992.21,989.84,0.0,4.8,5.59
ICEREZ2,Europe/Madrid,2024-03-27T22:59:45Z,2024-03-27 23:59:45,1711580385,41.217,-3.59,839.83,8.0,249,98,56,85,-1,13,1,6,20,0,4,44,0,7,7,1,3,13,-1,5,13,1,6,994.51,989.74,0.07,4.8,11.71
ICEREZ2,Europe/Madrid,2024-03-28T22:57:31Z,2024-03-28 23:57:31,1711666651,41.217,-3.59,898.31,14.0,223,96,59,82,-1,13,3,8,21,0,4,38,0,7,8,1,4,13,1,7,13,3,8,997.83,992.92,0.04,10.8,6.81
ICEREZ2,Europe/Madrid,2024-03-29T22:59:59Z,2024-03-29 23:59:59,1711753199,41.217,-3.59,209.44,2.0,205,99,80,96,-1,10,1,3,12,0,1,18,0,2,7,0,3,10,-1,3,10,1,3,995.63,993.13,0.0,43.79,29.21
ICEREZ2,Europe/Madrid,2024-03-30T22:59:59Z,2024-03-30 23:59:59,1711839599,41.217,-3.59,1028.11,14.0,140,94,67,83,-1,9,2,5,24,0,5,44,0,7,6,0,3,9,0,5,9,2,5,995.12,986.62,-0.16,1.8,1.09
ICEREZ2,Europe/Madrid,2024-03-31T21:59:59Z,2024-03-31 23:59:59,1711922399,41.217,-3.59,1049.76,10.0,179,96,73,85,-1,8,3,4,21,0,3,31,0,4,5,1,2,8,0,4,8,3,4,1000.14,987.54,0.4,4.19,3.81
ICEREZ2,Europe/Madrid,2024-04-01T21:59:57Z,2024-04-01 23:59:57,1712008797,41.217,-3.59,1018.93,9.0,216,90,52,78,-1,10,1,5,13,0,3,18,0,4,5,-1,2,10,-1,5,10,1,5,1013.24,999.83,0.55,1.8,0.51
ICEREZ2,Europe/Madrid,2024-04-02T21:59:57Z,2024-04-02 23:59:57,1712095197,41.217,-3.59,891.46,8.0,133,90,65,77,-1,12,2,7,23,0,4,31,0,7,6,0,3,12,2,6,12,2,7,1013.82,1010.13,-0.03,0.0,0.0
ICEREZ2,Europe/Madrid,2024-04-03T21:59:56Z,2024-04-03 23:59:56,1712181596,41.217,-3.59,982.48,9.0,247,86,49,72,-1,17,8,11,12,0,2,17,0,3,9,5,6,17,8,11,17,8,11,1017.44,1012.33,0.19,1.19,0.2
ICEREZ2,Europe/Madrid,2024-04-04T21:59:56Z,2024-04-04 23:59:56,1712267996,41.217,-3.59,783.44,7.0,164,96,41,71,-1,19,3,11,20,0,3,31,0,4,9,2,6,19,3,11,19,3,11,1017.14,1012.53,-0.13,0.0,0.0
ICEREZ2,Europe/Madrid,2024-04-05T21:59:55Z,2024-04-05 23:59:55,1712354395,41.217,-3.59,750.04,7.0,128,71,25,46,-1,20,13,16,25,0,8,40,0,12,8,-1,5,20,13,16,20,13,16,1013.82,1009.72,-0.12,0.0,0.0
ICEREZ2,Europe/Madrid,2024-04-06T21:59:53Z,2024-04-06 23:59:53,1712440793,41.217,-3.59,235.0,2.0,115,76,31,47,-1,20,11,17,30,0,7,42,0,10,9,1,5,20,11,17,20,11,17,1014.33,1007.62,0.12,0.0,0.0
ICEREZ2,Europe/Madrid,2024-04-07T21:59:52Z,2024-04-07 23:59:52,1712527192,41.217,-3.59,828.95,8.0,209,87,51,71,-1,20,8,13,13,0,1,18,0,2,12,5,8,20,8,13,20,8,13,1014.53,1009.04,-0.17,0.0,0.0
ICEREZ2,Europe/Madrid,2024-04-08T21:59:51Z,2024-04-08 23:59:51,1712613591,41.217,-3.59,945.17,9.0,191,96,41,79,-1,17,4,9,15,0,2,24,0,3,11,3,6,17,3,9,17,4,9,1015.61,1006.94,0.23,7.8,7.39
ICEREZ2,Europe/Madrid,2024-04-09T21:59:51Z,2024-04-09 23:59:51,1712699991,41.217,-3.59,926.57,9.0,270,96,44,75,-1,12,1,5,9,0,2,13,0,2,3,0,1,12,0,5,12,1,5,1025.43,1015.34,0.41,0.0,0.0
ICEREZ2,Europe/Madrid,2024-04-10T21:59:51Z,2024-04-10 23:59:51,1712786391,41.217,-3.59,759.58,7.0,254,93,45,71,-1,17,0,8,11,0,2,15,0,2,7,-1,3,17,0,8,17,0,8,1026.62,1023.64,0.04,0.0,0.0
ICEREZ2,Europe/Madrid,2024-04-11T21:59:49Z,2024-04-11 23:59:49,1712872789,41.217,-3.59,770.35,7.0,238,96,46,72,-1,22,3,12,10,0,1,15,0,2,11,2,7,22,3,12,21,3,12,1026.92,1013.14,-0.53,0.0,0.0
ICEREZ2,Europe/Madrid,2024-04-12T21:59:48Z,2024-04-12 23:59:48,1712959188,41.217,-3.59,801.67,7.0,231,90,24,61,-1,26,6,15,14,0,1,18,0,2,11,3,7,26,6,15,25,6,15,1014.73,1011.14,-0.02,0.0,0.0
ICEREZ2,Europe/Madrid,2024-04-13T21:59:47Z,2024-04-13 23:59:47,1713045587,41.217,-3.59,820.26,7.0,180,80,19,53,-1,27,7,17,7,0,1,11,0,2,11,-1,6,27,7,17,27,7,16,1013.14,1009.21,-0.1,0.0,0.0
ICEREZ2,Europe/Madrid,2024-04-14T21:59:46Z,2024-04-14 23:59:46,1713131986,41.217,-3.59,814.27,7.0,202,81,28,55,-1,28,7,17,8,0,1,11,0,2,11,3,7,28,7,17,27,7,17,1010.84,1006.13,-0.13,0.0,0.0
ICEREZ2,Europe/Madrid,2024-04-15T21:59:45Z,2024-04-15 23:59:45,1713218385,41.217,-3.59,799.46,7.0,243,88,43,68,-1,23,8,15,11,0,1,17,0,2,14,6,9,23,8,15,23,8,15,1007.32,1004.34,-0.06,0.0,0.0
ICEREZ2,Europe/Madrid,2024-04-16T21:59:44Z,2024-04-16 23:59:44,1713304784,41.217,-3.59,786.01,7.0,253,92,34,65,-1,20,4,12,9,0,1,11,0,2,7,0,5,20,4,12,20,4,12,1006.33,1001.22,-0.13,0.0,0.0
ICEREZ2,Europe/Madrid,2024-04-17T21:59:44Z,2024-04-17 23:59:44,1713391184,41.217,-3.59,798.61,7.0,265,95,41,71,-1,17,0,8,10,0,1,13,0,2,5,-1,3,17,0,8,17,0,8,1003.22,999.53,-0.07,0.0,0.0
ICEREZ2,Europe/Madrid,2024-04-18T21:59:58Z,2024-04-18 23:59:58,1713477598,41.217,-3.59,807.66,7.0,262,93,35,67,-1,18,0,8,12,0,2,15,0,2,5,-2,2,18,0,8,18,0,8,1003.22,1000.24,0.09,0.0,0.0
ICEREZ2,Europe/Madrid,2024-04-19T21:59:58Z,2024-04-19 23:59:58,1713563998,41.217,-3.59,819.41,7.0,145,85,24,52,-1,22,0,11,14,0,2,22,0,3,5,-6,1,22,0,11,21,0,11,1003.42,1000.14,-0.06,0.0,0.0
ICEREZ2,Europe/Madrid,2024-04-20T21:59:57Z,2024-04-20 23:59:57,1713650397,41.217,-3.59,820.26,7.0,189,85,21,52,-1,22,3,12,15,0,2,22,0,3,8,-3,1,22,3,12,21,3,12,1001.83,997.53,-0.07,0.0,0.0
ICEREZ2,Europe/Madrid,2024-04-21T21:59:57Z,2024-04-21 23:59:57,1713736797,41.217,-3.59,818.06,7.0,233,80,19,52,-1,20,1,11,9,0,1,15,0,2,5,-5,0,20,1,11,20,1,11,1000.34,997.93,0.02,0.0,0.0
ICEREZ2,Europe/Madrid,2024-04-22T21:59:56Z,2024-04-22 23:59:56,1713823196,41.217,-3.59,911.4,8.0,279,88,25,59,-1,14,-2,6,14,0,2,22,0,3,2,-7,-3,14,-2,6,14,-2,6,1003.42,999.53,0.13,0.0,0.0
ICEREZ2,Europe/Madrid,2024-04-23T21:59:56Z,2024-04-23 23:59:56,1713909596,41.217,-3.59,1063.71,10.0,291,89,45,68,-1,13,-5,4,19,0,2,31,0,4,4,-6,-2,13,-5,4,13,-5,4,1003.73,999.73,-0.01,0.0,0.0
ICEREZ2,Europe/Madrid,2024-04-24T21:59:55Z,2024-04-24 23:59:55,1713995995,41.217,-3.59,831.15,8.0,272,94,28,62,-1,15,-4,6,9,0,1,11,0,2,1,-6,-2,15,-4,6,15,-4,6,1004.03,998.24,-0.19,0.0,0.0
ICEREZ2,Europe/Madrid,2024-04-25T21:59:55Z,2024-04-25 23:59:55,1714082395,41.217,-3.59,1001.2,9.0,249,83,42,65,-1,13,2,8,8,0,1,13,0,2,5,-1,2,13,2,8,13,2,8,998.51,991.23,-0.26,0.0,0.0
ICEREZ2,Europe/Madrid,2024-04-26T21:59:54Z,2024-04-26 23:59:54,1714168794,41.217,-3.59,1042.42,14.0,206,86,54,74,-1,13,6,9,14,0,1,22,0,2,7,3,4,13,6,9,13,6,9,992.62,985.91,-0.25,0.0,0.0
ICEREZ2,Europe/Madrid,2024-04-27T21:59:53Z,2024-04-27 23:59:53,1714255193,41.217,-3.59,1087.57,14.0,156,96,68,87,-1,10,4,7,17,0,2,26,0,4,7,3,5,10,1,7,10,4,7,991.74,982.83,0.23,8.99,12.7
ICEREZ2,Europe/Madrid,2024-04-28T21:59:52Z,2024-04-28 23:59:52,1714341592,41.217,-3.59,1079.74,10.0,238,99,41,76,-1,14,1,7,13,0,1,15,0,2,6,0,3,14,1,7,14,1,7,998.92,991.53,0.29,1.8,0.51
ICEREZ2,Europe/Madrid,2024-04-29T21:59:50Z,2024-04-29 23:59:50,1714427990,41.217,-3.59,1126.59,10.0,251,98,44,74,-1,17,-1,8,10,0,1,15,0,2,7,-1,3,17,-1,8,17,-1,8,999.83,997.43,0.03,0.0,0.0
ICEREZ2,Europe/Madrid,2024-04-30T21:59:51Z,2024-04-30 23:59:51,1714514391,41.217,-3.59,1039.86,10.0,228,96,36,71,-1,17,1,9,17,0,1,35,0,2,8,0,4,17,1,9,17,1,9,999.42,994.72,-0.15,4.8,2.49
ICEREZ2,Europe/Madrid,2024-05-01T21:59:50Z,2024-05-01 23:59:50,1714600790,41.217,-3.59,1195.59,11.0,258,98,44,83,-1,11,1,5,9,0,2,17,0,3,6,-2,2,11,-1,5,11,1,5,997.43,992.62,0.06,4.8,8.41
ICEREZ2,Europe/Madrid,2024-05-02T21:59:50Z,2024-05-02 23:59:50,1714687190,41.217,-3.59,1221.16,11.0,256,99,50,83,-1,12,1,5,9,0,1,15,0,2,5,0,3,12,1,5,12,1,5,1001.93,997.12,0.19,1.8,4.9
ICEREZ2,Europe/Madrid,2024-05-03T21:59:48Z,2024-05-03 23:59:48,1714773588,41.217,-3.59,1027.25,9.0,250,92,47,71,-1,15,4,9,8,0,2,13,0,2,6,2,4,15,4,9,15,4,9,1003.83,1001.02,0.02,0.0,0.0
ICEREZ2,Europe/Madrid,2024-05-04T21:59:48Z,2024-05-04 23:59:48,1714859988,41.217,-3.59,956.05,9.0,209,85,37,63,-1,21,7,14,14,0,2,20,0,3,11,3,7,21,7,14,21,7,14,1002.71,999.22,-0.03,0.0,0.0
ICEREZ2,Europe/Madrid,2024-05-05T21:59:45Z,2024-05-05 23:59:45,1714946385,41.217,-3.59,980.4,9.0,219,97,50,82,-1,20,7,12,14,0,1,18,0,2,13,6,9,20,7,12,20,7,12,1002.03,995.33,-0.18,19.81,19.99
ICEREZ2,Europe/Madrid,2024-05-06T21:59:45Z,2024-05-06 23:59:45,1715032785,41.217,-3.59,1177.36,11.0,237,98,45,81,-1,16,4,10,9,0,2,15,0,2,10,3,7,16,4,10,16,4,10,1002.13,995.73,0.19,6.6,2.59
ICEREZ2,Europe/Madrid,2024-05-07T21:59:45Z,2024-05-07 23:59:45,1715119185,41.217,-3.59,860.14,8.0,245,95,42,72,-1,17,1,9,12,0,2,17,0,3,7,0,4,17,1,9,17,1,9,1007.52,1001.83,0.22,0.0,0.0
ICEREZ2,Europe/Madrid,2024-05-08T21:59:59Z,2024-05-08 23:59:59,1715205599,41.217,-3.59,868.46,8.0,245,96,26,65,-1,22,1,11,9,0,1,11,0,2,8,0,3,22,1,11,21,1,11,1007.62,1003.52,-0.14,0.0,0.0
ICEREZ2,Europe/Madrid,2024-05-09T21:59:59Z,2024-05-09 23:59:59,1715291999,41.217,-3.59,842.9,8.0,205,84,31,55,-1,25,7,16,8,0,1,11,0,2,10,3,6,25,6,16,25,7,16,1004.44,1000.61,-0.08,0.0,0.0
ICEREZ2,Europe/Madrid,2024-05-10T21:59:58Z,2024-05-10 23:59:58,1715378398,41.217,-3.59,860.63,8.0,171,82,27,49,-1,26,9,19,11,0,2,15,0,3,11,5,7,26,9,19,26,9,18,1002.44,999.32,-0.07,0.0,0.0
ICEREZ2,Europe/Madrid,2024-05-11T21:59:56Z,2024-05-11 23:59:56,1715464796,41.217,-3.59,846.69,8.0,153,95,35,56,-1,24,10,17,18,0,2,26,0,4,14,3,8,24,10,17,24,10,17,1002.24,999.22,0.06,1.8,0.51
ICEREZ2,Europe/Madrid,2024-05-12T21:59:55Z,2024-05-12 23:59:55,1715551195,41.217,-3.59,920.09,8.0,225,94,33,68,-1,24,8,16,9,0,1,13,0,2,12,7,9,24,8,16,24,8,16,1002.24,999.63,-0.05,0.0,0.0
ICEREZ2,Europe/Madrid,2024-05-13T21:59:54Z,2024-05-13 23:59:54,1715637594,41.217,-3.59,1060.17,10.0,235,97,41,70,-1,24,8,16,9,0,1,13,0,2,14,6,10,24,8,16,24,8,15,1000.81,992.42,-0.28,19.81,9.91
ICEREZ2,Europe/Madrid,2024-05-14T21:59:53Z,2024-05-14 23:59:53,1715723993,41.217,-3.59,1239.76,14.0,255,98,58,85,-1,14,6,9,10,0,2,15,0,3,12,5,7,14,6,9,14,6,9,994.72,992.11,-0.01,7.8,7.11
ICEREZ2,Europe/Madrid,2024-05-15T21:59:52Z,2024-05-15 23:59:52,1715810392,41.217,-3.59,1125.25,10.0,257,93,41,72,-1,14,5,9,10,0,2,15,0,3,6,0,4,14,4,9,14,5,9,994.31,992.21,0.02,0.0,0.0
ICEREZ2,Europe/Madrid,2024-05-16T21:59:51Z,2024-05-16 23:59:51,1715896791,41.217,-3.59,1205.99,11.0,242,96,56,78,-1,14,5,8,10,0,2,18,0,3,6,3,5,14,4,8,14,5,8,994.51,992.52,-0.03,6.6,3.3
ICEREZ2,Europe/Madrid,2024-05-17T21:59:50Z,2024-05-17 23:59:50,1715983190,41.217,-3.59,1180.79,11.0,249,98,58,80,-1,15,7,10,9,0,1,18,0,2,8,5,7,15,7,10,15,7,10,996.72,991.74,0.13,13.79,13.21
ICEREZ2,Europe/Madrid,2024-05-18T21:59:49Z,2024-05-18 23:59:49,1716069589,41.217,-3.59,1144.33,11.0,235,97,53,82,-1,16,3,10,8,0,1,13,0,1,10,2,6,16,3,10,16,3,10,1014.12,996.24,0.72,25.81,14.5
ICEREZ2,Europe/Madrid,2024-05-19T21:59:49Z,2024-05-19 23:59:49,1716155989,41.217,-3.59,656.33,6.0,163,99,66,89,-1,13,4,9,11,0,1,13,0,1,10,4,7,13,4,9,13,4,9,1013.92,1011.04,-0.01,12.6,5.79
ICEREZ2,Europe/Madrid,2024-05-20T21:59:48Z,2024-05-20 23:59:48,1716242388,41.217,-3.59,1164.76,11.0,253,99,46,75,-1,18,1,9,10,0,1,15,0,2,8,1,5,18,1,9,18,1,9,1014.93,1012.23,0.05,0.0,0.0
ICEREZ2,Europe/Madrid,2024-05-21T21:59:46Z,2024-05-21 23:59:46,1716328786,41.217,-3.59,1029.83,14.0,261,96,43,78,-1,17,5,10,10,0,2,17,0,2,9,4,6,17,5,10,17,5,10,1018.63,1014.33,0.16,1.8,0.51
ICEREZ2,Europe/Madrid,2024-05-22T21:59:47Z,2024-05-22 23:59:47,1716415187,41.217,-3.59,1080.96,10.0,257,98,44,75,-1,17,7,11,9,0,2,13,0,2,8,3,6,17,7,11,17,7,11,1019.64,1017.14,0.04,0.0,0.0
ICEREZ2,Europe/Madrid,2024-05-23T21:59:44Z,2024-05-23 23:59:44,1716501584,41.217,-3.59,874.09,8.0,241,96,41,68,-1,20,2,12,10,0,1,13,0,2,8,2,5,20,2,12,20,2,12,1019.74,1016.73,-0.05,0.0,0.0
ICEREZ2,Europe/Madrid,2024-05-24T21:59:44Z,2024-05-24 23:59:44,1716587984,41.217,-3.59,881.43,8.0,247,94,28,63,-1,23,4,14,8,0,1,13,0,2,9,3,5,23,4,14,22,4,13,1018.93,1016.63,0.01,0.0,0.0
ICEREZ2,Europe/Madrid,2024-05-25T21:59:58Z,2024-05-25 23:59:58,1716674398,41.217,-3.59,907.49,8.0,209,86,21,52,-1,25,7,16,9,0,2,13,0,2,11,0,5,25,7,16,25,7,16,1019.81,1016.83,0.04,0.0,0.0
ICEREZ2,Europe/Madrid,2024-05-26T21:59:58Z,2024-05-26 23:59:58,1716760798,41.217,-3.59,959.12,9.0,234,89,47,64,-1,24,7,16,10,0,1,17,0,2,14,5,9,24,7,16,24,7,16,1020.01,1017.71,0.01,0.0,0.0
ICEREZ2,Europe/Madrid,2024-05-27T21:59:56Z,2024-05-27 23:59:56,1716847196,41.217,-3.59,861.12,8.0,236,91,39,64,-1,23,7,16,10,0,1,15,0,2,12,5,9,23,7,16,23,7,16,1021.91,1018.22,0.09,0.0,0.0
ICEREZ2,Europe/Madrid,2024-05-28T21:59:54Z,2024-05-28 23:59:54,1716933594,41.217,-3.59,855.37,8.0,257,90,30,62,-1,27,6,17,10,0,1,13,0,2,13,4,8,27,6,17,27,6,17,1021.91,1019.44,-0.01,0.0,0.0
ICEREZ2,Europe/Madrid,2024-05-29T21:59:54Z,2024-05-29 23:59:54,1717019994,41.217,-3.59,864.06,8.0,229,88,29,56,-1,29,9,19,9,0,1,11,0,2,13,7,9,29,9,19,28,9,19,1021.54,1017.81,-0.12,0.0,0.0
ICEREZ2,Europe/Madrid,2024-05-30T21:59:53Z,2024-05-30 23:59:53,1717106393,41.217,-3.59,1044.14,10.0,244,88,37,62,-1,28,10,19,12,0,1,17,0,2,15,8,11,28,10,19,28,10,19,1018.83,1014.53,-0.09,0.0,0.0
ICEREZ2,Europe/Madrid,2024-05-31T21:59:52Z,2024-05-31 23:59:52,1717192792,41.217,-3.59,853.66,8.0,281,94,24,59,-1,24,6,15,10,0,1,13,0,2,12,1,6,24,6,15,23,6,15,1017.24,1014.73,0.02,0.0,0.0
ICEREZ2,Europe/Madrid,2024-06-01T21:59:51Z,2024-06-01 23:59:51,1717279191,41.217,-3.59,842.41,8.0,258,92,30,62,-1,22,3,13,13,0,2,22,0,3,8,2,5,22,3,13,21,3,13,1019.91,1016.02,0.1,0.0,0.0
ICEREZ2,Europe/Madrid,2024-06-02T21:59:50Z,2024-06-02 23:59:50,1717365590,41.217,-3.59,848.52,8.0,232,91,35,61,-1,24,3,14,11,0,2,13,0,2,9,2,6,24,3,14,24,3,14,1020.12,1017.24,-0.03,0.0,0.0
ICEREZ2,Europe/Madrid,2024-06-03T21:59:49Z,2024-06-03 23:59:49,1717451989,41.217,-3.59,962.54,9.0,227,87,28,58,-1,27,7,17,10,0,1,13,0,2,11,5,8,27,6,17,26,7,17,1018.83,1015.82,-0.06,0.0,0.0
ICEREZ2,Europe/Madrid,2024-06-04T21:59:46Z,2024-06-04 23:59:46,1717538386,41.217,-3.59,907.85,8.0,229,93,27,57,-1,27,8,18,9,0,1,11,0,2,12,6,8,27,8,18,27,8,18,1018.02,1016.12,0.0,0.0,0.0
ICEREZ2,Europe/Madrid,2024-06-05T21:59:46Z,2024-06-05 23:59:46,1717624786,41.217,-3.59,940.03,9.0,184,83,30,53,-1,30,10,21,9,0,1,15,0,2,14,8,10,30,10,21,29,10,20,1019.03,1016.63,0.03,0.0,0.0
ICEREZ2,Europe/Madrid,2024-06-06T21:59:45Z,2024-06-06 23:59:45,1717711185,41.217,-3.59,802.04,7.0,148,85,27,51,-1,31,13,23,17,0,2,26,0,4,16,8,11,31,13,23,30,13,22,1021.03,1017.03,0.06,4.19,1.6
ICEREZ2,Europe/Madrid,2024-06-07T21:59:59Z,2024-06-07 23:59:59,1717797599,41.217,-3.59,816.84,7.0,126,88,31,50,-1,31,16,23,17,0,2,26,0,3,15,9,12,31,16,23,30,16,23,1019.74,1014.12,-0.2,0.0,0.0
ICEREZ2,Europe/Madrid,2024-06-08T21:57:31Z,2024-06-08 23:57:31,1717883851,41.217,-3.59,890.12,14.0,152,93,40,62,-1,24,12,19,26,0,3,37,0,5,15,9,12,24,12,19,24,12,19,1014.83,1011.92,-0.07,1.8,0.71
ICEREZ2,Europe/Madrid,2024-06-09T21:59:56Z,2024-06-09 23:59:56,1717970396,41.217,-3.59,423.77,4.0,268,95,62,81,-1,21,10,15,8,0,1,9,0,1,14,9,12,21,10,15,21,10,15,1015.04,1011.72,0.07,0.0,0.0
ICEREZ2,Europe/Madrid,2024-06-10T21:59:55Z,2024-06-10 23:59:55,1718056795,41.217,-3.59,1062.73,10.0,257,98,54,79,-1,20,11,15,8,0,1,13,0,1,13,8,11,20,11,15,20,11,15,1016.32,1013.51,0.06,5.99,7.39
ICEREZ2,Europe/Madrid,2024-06-11T21:59:54Z,2024-06-11 23:59:54,1718143194,41.217,-3.59,831.15,8.0,257,97,36,72,-1,22,4,12,14,0,1,18,0,2,9,3,7,22,4,12,21,4,12,1019.13,1015.71,0.11,0.0,0.0
ICEREZ2,Europe/Madrid,2024-06-12T21:59:53Z,2024-06-12 23:59:53,1718229593,41.217,-3.59,1068.0,10.0,218,96,42,73,-1,19,7,13,12,0,2,18,0,3,11,5,8,19,7,13,19,7,13,1022.01,1016.73,0.12,5.99,2.31
ICEREZ2,Europe/Madrid,2024-06-13T21:59:52Z,2024-06-13 23:59:52,1718315992,41.217,-3.59,833.72,8.0,244,92,25,57,-1,26,4,15,11,0,1,15,0,2,9,3,5,26,4,15,25,4,15,1022.01,1018.22,-0.07,0.0,0.0
ICEREZ2,Europe/Madrid,2024-06-14T21:59:51Z,2024-06-14 23:59:51,1718402391,41.217,-3.59,883.14,8.0,240,86,27,56,-1,27,9,19,10,0,1,13,0,2,13,5,9,27,9,19,27,9,19,1020.32,1014.83,-0.13,0.0,0.0
ICEREZ2,Europe/Madrid,2024-06-15T21:59:50Z,2024-06-15 23:59:50,1718488790,41.217,-3.59,834.58,8.0,250,81,24,57,-1,24,10,16,13,0,2,17,0,2,12,1,7,24,10,16,23,10,16,1017.91,1015.34,0.04,0.0,0.0
ICEREZ2,Europe/Madrid,2024-06-16T21:59:48Z,2024-06-16 23:59:48,1718575188,41.217,-3.59,839.83,8.0,234,90,30,56,-1,27,7,17,9,0,1,15,0,2,10,3,7,27,7,17,26,7,17,1018.02,1013.72,-0.08,0.0,0.0
ICEREZ2,Europe/Madrid,2024-06-17T21:59:47Z,2024-06-17 23:59:47,1718661587,41.217,-3.59,868.46,8.0,161,93,27,57,-1,28,7,18,17,0,2,28,0,4,12,6,8,28,7,18,27,7,18,1016.22,1012.53,-0.05,0.0,0.0
ICEREZ2,Europe/Madrid,2024-06-18T21:59:46Z,2024-06-18 23:59:46,1718747986,41.217,-3.59,642.02,6.0,194,97,44,66,-1,23,11,17,12,0,1,20,0,2,13,7,10,23,11,17,23,11,17,1016.93,1012.43,0.09,3.0,1.7
ICEREZ2,Europe/Madrid,2024-06-19T21:59:45Z,2024-06-19 23:59:45,1718834385,41.217,-3.59,1024.56,9.0,243,97,49,73,-1,21,5,14,10,0,1,15,0,1,12,5,9,21,5,14,21,5,14,1017.44,1014.73,0.01,0.0,0.0
ICEREZ2,Europe/Madrid,2024-06-20T21:59:59Z,2024-06-20 23:59:59,1718920799,41.217,-3.59,1003.76,9.0,167,98,65,91,-1,18,8,12,9,0,0,13,0,1,13,7,10,18,8,12,18,8,12,1021.23,1015.92,0.16,13.79,14.0
ICEREZ2,Europe/Madrid,2024-06-21T21:59:58Z,2024-06-21 23:59:58,1719007198,41.217,-3.59,890.61,8.0,253,99,41,77,-1,23,8,15,9,0,1,13,0,1,13,7,10,23,8,15,22,8,14,1024.42,1020.93,0.14,0.0,0.0
ICEREZ2,Europe/Madrid,2024-06-22T21:55:58Z,2024-06-22 23:55:58,1719093358,41.217,-3.59,960.46,9.0,253,93,34,66,-1,25,9,17,9,0,1,13,0,2,13,7,10,25,9,17,24,9,17,1024.52,1021.44,-0.05,0.0,0.0
ICEREZ2,Europe/Madrid,2024-06-23T21:59:56Z,2024-06-23 23:59:56,1719179996,41.217,-3.59,975.14,9.0,259,91,54,79,-1,24,13,16,9,0,1,13,0,1,15,10,12,24,13,16,24,13,16,1023.33,1018.42,-0.13,0.0,0.0
ICEREZ2,Europe/Madrid,2024-06-24T21:59:55Z,2024-06-24 23:59:55,1719266395,41.217,-3.59,797.26,7.0,242,97,28,68,-1,28,9,18,6,0,1,9,0,1,15,8,11,28,9,18,28,9,18,1019.64,1014.12,-0.17,0.0,0.0
ICEREZ2,Europe/Madrid,2024-06-25T21:59:53Z,2024-06-25 23:59:53,1719352793,41.217,-3.59,722.64,7.0,162,85,33,72,-1,31,11,18,11,0,1,17,0,1,17,9,12,31,11,18,30,11,18,1015.82,1012.23,-0.08,0.0,0.0
ICEREZ2,Europe/Madrid,2024-06-26T21:59:37Z,2024-06-26 23:59:37,1719439177,41.217,-3.59,830.29,8.0,138,90,40,62,-1,31,17,23,22,0,2,31,0,3,19,10,15,31,17,23,32,17,23,1016.93,1012.23,0.13,11.99,2.01
ICEREZ2,Europe/Madrid,2024-06-27T21:59:50Z,2024-06-27 23:59:50,1719525590,41.217,-3.59,760.44,7.0,195,81,27,54,-1,33,15,24,10,0,1,17,0,2,17,10,13,33,15,24,31,15,24,1017.14,1014.43,0.01,0.0,0.0
ICEREZ2,Europe/Madrid,2024-06-28T21:59:49Z,2024-06-28 23:59:49,1719611989,41.217,-3.59,728.26,7.0,153,95,38,55,-1,29,14,22,13,0,2,20,0,3,18,8,12,29,14,22,29,14,22,1017.34,1012.94,-0.08,13.79,3.81
ICEREZ2,Europe/Madrid,2024-06-29T21:59:48Z,2024-06-29 23:59:48,1719698388,41.217,-3.59,164.78,1.0,211,99,94,98,-1,17,13,15,0,0,0,2,0,0,16,13,14,17,13,15,17,13,15,1015.44,1011.92,0.0,12.6,17.5
ICEREZ2,Europe/Madrid,2024-06-30T21:59:46Z,2024-06-30 23:59:46,1719784786,41.217,-3.59,971.71,9.0,214,99,51,86,-1,24,12,17,11,0,0,17,0,1,16,12,14,24,12,17,24,12,17,1015.44,1012.84,-0.01,1.8,0.3
ICEREZ2,Europe/Madrid,2024-07-01T21:59:46Z,2024-07-01 23:59:46,1719871186,41.217,-3.59,850.24,8.0,267,98,36,74,-1,25,10,17,12,0,1,18,0,2,15,8,12,25,10,17,24,10,17,1020.93,1014.83,0.25,0.0,0.0
ICEREZ2,Europe/Madrid,2024-07-02T21:59:59Z,2024-07-02 23:59:59,1719957599,41.217,-3.59,809.49,7.0,271,96,35,68,-1,25,8,17,11,0,1,15,0,2,14,7,10,25,8,17,25,8,17,1020.93,1016.83,-0.13,0.0,0.0
ICEREZ2,Europe/Madrid,2024-07-03T21:59:59Z,2024-07-03 23:59:59,1720043999,41.217,-3.59,802.04,7.0,240,80,27,51,-1,29,7,19,7,0,1,11,0,1,13,0,8,29,7,19,28,7,18,1018.02,1013.72,-0.11,0.0,0.0
ICEREZ2,Europe/Madrid,2024-07-04T21:59:58Z,2024-07-04 23:59:58,1720130398,41.217,-3.59,791.63,7.0,228,87,31,55,-1,32,11,22,6,0,1,11,0,1,17,8,12,32,11,22,31,11,22,1015.71,1013.14,-0.03,0.0,0.0
ICEREZ2,Europe/Madrid,2024-07-05T21:59:57Z,2024-07-05 23:59:57,1720216797,41.217,-3.59,835.43,8.0,156,84,28,55,-1,34,15,24,12,0,2,20,0,3,18,10,14,34,15,24,34,15,24,1014.33,1009.11,-0.19,1.19,0.2
ICEREZ2,Europe/Madrid,2024-07-06T21:59:56Z,2024-07-06 23:59:56,1720303196,41.217,-3.59,1019.79,9.0,266,85,48,65,-1,25,13,21,8,0,1,15,0,2,17,10,14,25,13,21,25,13,21,1011.51,1008.74,0.06,0.0,0.0
ICEREZ2,Europe/Madrid,2024-07-07T21:59:54Z,2024-07-07 23:59:54,1720389594,41.217,-3.59,992.02,9.0,250,95,39,68,-1,27,9,18,6,0,1,9,0,1,15,9,12,27,9,18,27,9,18,1013.61,1010.84,0.09,0.0,0.0
ICEREZ2,Europe/Madrid,2024-07-08T21:59:52Z,2024-07-08 23:59:52,1720475992,41.217,-3.59,957.77,9.0,151,84,24,50,-1,30,10,20,14,0,2,22,0,3,11,5,8,30,10,20,28,10,20,1013.72,1011.72,0.01,0.0,0.0
ICEREZ2,Europe/Madrid,2024-07-09T21:59:52Z,2024-07-09 23:59:52,1720562392,41.217,-3.59,1115.34,10.0,173,75,25,48,-1,30,11,21,19,0,1,29,0,2,12,6,9,30,11,21,28,11,20,1016.32,1012.73,0.11,0.0,0.0
ICEREZ2,Europe/Madrid,2024-07-10T21:59:49Z,2024-07-10 23:59:49,1720648789,41.217,-3.59,978.2,9.0,233,88,32,56,-1,30,13,23,6,0,1,11,0,2,16,9,13,30,13,23,30,13,22,1018.42,1015.71,0.09,0.0,0.0
ICEREZ2,Europe/Madrid,2024-07-11T21:59:49Z,2024-07-11 23:59:49,1720735189,41.217,-3.59,986.03,9.0,241,89,37,59,-1,31,15,23,6,0,1,13,0,2,18,9,14,31,15,23,31,15,23,1018.63,1015.51,-0.09,0.0,0.0
ICEREZ2,Europe/Madrid,2024-07-12T21:59:47Z,2024-07-12 23:59:47,1720821587,41.217,-3.59,967.31,9.0,230,87,32,58,-1,28,11,20,6,0,0,9,0,1,14,9,11,28,11,20,27,11,20,1016.63,1012.84,-0.14,0.0,0.0
ICEREZ2,Europe/Madrid,2024-07-13T21:59:46Z,2024-07-13 23:59:46,1720907986,41.217,-3.59,1103.96,10.0,158,88,30,59,-1,30,10,20,15,0,2,22,0,3,15,8,11,30,10,20,29,10,20,1013.61,1008.84,0.02,0.0,0.0
ICEREZ2,Europe/Madrid,2024-07-14T21:59:45Z,2024-07-14 23:59:45,1720994385,41.217,-3.59,1015.02,9.0,192,76,18,47,-1,30,11,21,15,0,1,20,0,1,12,2,8,30,11,21,29,11,21,1016.12,1012.63,0.09,0.0,0.0
ICEREZ2,Europe/Madrid,2024-07-15T21:59:44Z,2024-07-15 23:59:44,1721080784,41.217,-3.59,1078.03,10.0,233,79,36,57,-1,28,13,21,5,0,0,9,0,1,17,7,12,28,13,21,28,13,21,1017.03,1013.24,0.05,0.0,0.0
ICEREZ2,Europe/Madrid,2024-07-16T21:59:58Z,2024-07-16 23:59:58,1721167198,41.217,-3.59,1022.0,9.0,202,90,27,58,-1,29,8,19,4,0,0,7,0,0,13,7,10,29,8,19,28,8,19,1017.14,1014.63,-0.03,0.0,0.0
ICEREZ2,Europe/Madrid,2024-07-17T21:59:57Z,2024-07-17 23:59:57,1721253597,41.217,-3.59,1004.63,9.0,152,74,22,46,-1,33,10,21,13,0,2,22,0,3,12,1,8,33,10,21,31,10,20,1017.14,1014.73,0.04,0.0,0.0
ICEREZ2,Europe/Madrid,2024-07-18T21:59:56Z,2024-07-18 23:59:56,1721339996,41.217,-3.59,1032.03,10.0,160,61,17,37,-1,36,14,25,12,0,1,18,0,1,15,4,8,36,14,25,35,14,24,1017.44,1012.33,-0.07,0.0,0.0
ICEREZ2,Europe/Madrid,2024-07-19T21:59:54Z,2024-07-19 23:59:54,1721426394,41.217,-3.59,961.68,9.0,205,65,21,40,-1,35,14,25,7,0,0,11,0,1,16,7,9,35,14,25,34,14,24,1015.51,1011.72,-0.13,0.0,0.0
ICEREZ2,Europe/Madrid,2024-07-20T21:59:53Z,2024-07-20 23:59:53,1721512793,41.217,-3.59,1027.25,9.0,251,69,28,48,-1,31,13,22,4,0,0,11,0,1,17,5,10,31,13,22,29,13,22,1012.43,1006.54,-0.15,0.0,0.0
ICEREZ2,Europe/Madrid,2024-07-21T21:59:52Z,2024-07-21 23:59:52,1721599192,41.217,-3.59,1046.71,10.0,295,80,21,51,-1,26,14,20,6,0,0,13,0,0,13,1,9,26,14,20,25,14,20,1014.63,1008.43,0.24,0.0,0.0
ICEREZ2,Europe/Madrid,2024-07-22T21:59:50Z,2024-07-22 23:59:50,1721685590,41.217,-3.59,1006.83,9.0,278,76,14,40,-1,32,8,21,4,0,0,9,0,0,12,-2,5,32,8,21,30,8,20,1016.32,1013.72,0.08,0.0,0.0
ICEREZ2,Europe/Madrid,2024-07-23T21:59:49Z,2024-07-23 23:59:49,1721771989,41.217,-3.59,1002.54,9.0,151,67,18,40,-1,35,14,25,9,0,0,15,0,1,15,7,9,35,14,25,33,14,24,1016.83,1014.73,-0.01,0.0,0.0
ICEREZ2,Europe/Madrid,2024-07-24T21:59:49Z,2024-07-24 23:59:49,1721858389,41.217,-3.59,990.8,9.0,268,66,20,42,-1,36,15,26,3,0,0,7,0,0,16,8,11,36,15,26,34,15,25,1016.22,1011.31,-0.17,0.0,0.0
ICEREZ2,Europe/Madrid,2024-07-25T21:59:47Z,2024-07-25 23:59:47,1721944787,41.217,-3.59,957.77,9.0,279,71,19,46,-1,36,16,26,2,0,0,7,0,0,19,7,12,36,16,26,35,16,25,1012.02,1005.42,-0.2,0.0,0.0
ICEREZ2,Europe/Madrid,2024-07-26T21:59:46Z,2024-07-26 23:59:46,1722031186,41.217,-3.59,893.17,8.0,147,75,21,49,-1,35,16,25,6,0,0,13,0,0,17,9,13,35,16,25,35,16,25,1014.33,1005.93,0.3,0.0,0.0
ICEREZ2,Europe/Madrid,2024-07-27T21:59:45Z,2024-07-27 23:59:45,1722117585,41.217,-3.59,907.85,8.0,133,69,33,51,-1,33,17,25,9,0,0,17,0,0,21,9,14,33,17,25,33,17,25,1016.12,1013.41,0.08,0.0,0.0
ICEREZ2,Europe/Madrid,2024-07-28T21:59:59Z,2024-07-28 23:59:59,1722203999,41.217,-3.59,924.37,8.0,128,69,21,39,-1,36,20,28,12,0,0,24,0,1,16,10,12,36,20,28,35,20,27,1018.83,1015.61,0.1,0.0,0.0
ICEREZ2,Europe/Madrid,2024-07-29T21:59:41Z,2024-07-29 23:59:41,1722290381,41.217,-3.59,856.72,8.0,131,58,30,39,-1,33,25,29,16,0,1,28,0,3,17,10,14,33,25,29,32,24,28,1020.93,1017.71,-0.01,0.0,0.0
ICEREZ2,Europe/Madrid,2024-07-30T21:59:57Z,2024-07-30 23:59:57,1722376797,41.217,-3.59,939.54,9.0,126,51,19,30,-1,35,21,30,23,0,3,40,0,6,13,8,10,35,21,30,34,21,29,1018.42,1015.44,0.0,0.0,0.0
ICEREZ2,Europe/Madrid,2024-07-31T21:59:55Z,2024-07-31 23:59:55,1722463195,41.217,-3.59,940.39,9.0,178,67,21,42,-1,34,15,25,7,0,0,11,0,0,15,7,11,34,15,25,33,15,25,1018.22,1015.92,0.0,0.0,0.0
ICEREZ2,Europe/Madrid,2024-08-01T21:59:54Z,2024-08-01 23:59:54,1722549594,41.217,-3.59,963.03,9.0,166,75,23,44,-1,35,14,25,4,0,0,9,0,0,15,6,11,35,14,25,34,14,24,1018.32,1014.22,-0.1,0.0,0.0
ICEREZ2,Europe/Madrid,2024-08-02T21:59:52Z,2024-08-02 23:59:52,1722635992,41.217,-3.59,752.12,7.0,157,84,37,60,-1,29,15,21,6,0,0,9,0,0,16,9,13,29,15,21,28,15,21,1018.22,1014.12,0.09,0.0,0.0
ICEREZ2,Europe/Madrid,2024-08-03T21:59:51Z,2024-08-03 23:59:51,1722722391,41.217,-3.59,840.69,8.0,268,89,30,64,-1,31,12,19,3,0,0,5,0,0,14,8,11,31,12,19,30,12,19,1018.63,1016.22,0.01,0.0,0.0
ICEREZ2,Europe/Madrid,2024-08-04T21:59:50Z,2024-08-04 23:59:50,1722808790,41.217,-3.59,972.57,9.0,280,68,21,42,-1,34,13,23,4,0,0,9,0,0,12,4,9,34,13,23,33,13,23,1018.32,1015.51,-0.05,0.0,0.0
ICEREZ2,Europe/Madrid,2024-08-05T21:59:48Z,2024-08-05 23:59:48,1722895188,41.217,-3.59,977.34,9.0,216,64,22,41,-1,36,15,25,5,0,0,7,0,0,14,7,10,36,15,25,35,15,24,1016.93,1013.04,-0.06,0.0,0.0
ICEREZ2,Europe/Madrid,2024-08-06T21:59:48Z,2024-08-06 23:59:48,1722981588,41.217,-3.59,986.03,9.0,257,69,24,42,-1,34,13,24,2,0,0,7,0,0,13,7,10,34,13,24,33,13,24,1015.82,1012.43,-0.03,0.0,0.0
ICEREZ2,Europe/Madrid,2024-08-07T21:59:47Z,2024-08-07 23:59:47,1723067987,41.217,-3.59,976.0,9.0,289,75,23,45,-1,35,13,24,6,0,0,13,0,0,13,8,10,35,13,24,34,13,23,1016.53,1013.51,0.07,0.0,0.0
ICEREZ2,Europe/Madrid,2024-08-08T21:59:45Z,2024-08-08 23:59:45,1723154385,41.217,-3.59,921.8,8.0,201,69,20,45,-1,36,15,25,9,0,0,13,0,0,16,8,11,36,15,25,34,15,24,1018.63,1015.61,0.09,0.0,0.0
ICEREZ2,Europe/Madrid,2024-08-09T21:59:44Z,2024-08-09 23:59:44,1723240784,41.217,-3.59,900.51,8.0,131,69,19,39,-1,37,16,27,10,0,0,17,0,0,15,8,11,37,16,27,35,16,26,1020.52,1011.51,-0.22,0.0,0.0
ICEREZ2,Europe/Madrid,2024-08-10T21:59:58Z,2024-08-10 23:59:58,1723327198,41.217,-3.59,970.0,9.0,127,48,19,31,-1,36,21,29,15,0,2,29,0,5,13,5,10,36,21,29,35,20,28,1013.41,1010.84,-0.06,0.0,0.0
ICEREZ2,Europe/Madrid,2024-08-11T21:59:58Z,2024-08-11 23:59:58,1723413598,41.217,-3.59,867.97,8.0,138,46,22,30,-1,35,21,29,14,0,2,31,0,5,13,6,10,35,21,29,34,20,28,1012.33,1007.01,-0.14,0.0,0.0
ICEREZ2,Europe/Madrid,2024-08-12T21:59:55Z,2024-08-12 23:59:55,1723499995,41.217,-3.59,800.32,7.0,136,66,26,44,-1,34,17,25,10,0,0,26,0,0,18,6,12,34,17,25,33,17,25,1009.31,1005.52,-0.01,0.0,0.0
ICEREZ2,Europe/Madrid,2024-08-13T21:59:54Z,2024-08-13 23:59:54,1723586394,41.217,-3.59,884.98,8.0,258,82,52,67,-1,25,13,20,3,0,0,9,0,0,17,9,13,25,13,20,25,13,20,1008.94,1005.83,0.02,0.0,0.0
ICEREZ2,Europe/Madrid,2024-08-14T21:59:53Z,2024-08-14 23:59:53,1723672793,41.217,-3.59,987.25,9.0,323,94,39,67,-1,26,11,19,9,0,0,17,0,0,15,7,12,26,11,19,26,11,18,1012.63,1007.62,0.16,0.0,0.0
ICEREZ2,Europe/Madrid,2024-08-15T21:59:53Z,2024-08-15 23:59:53,1723759193,41.217,-3.59,909.69,8.0,323,89,31,58,-1,27,5,16,8,0,0,15,0,0,10,3,7,27,5,16,26,5,16,1013.24,1010.84,0.02,0.0,0.0
ICEREZ2,Europe/Madrid,2024-08-16T21:59:51Z,2024-08-16 23:59:51,1723845591,41.217,-3.59,944.31,9.0,193,85,16,49,-1,31,9,20,5,0,0,11,0,0,10,1,7,31,9,20,29,9,19,1013.34,1011.14,0.01,0.0,0.0
ICEREZ2,Europe/Madrid,2024-08-17T21:59:50Z,2024-08-17 23:59:50,1723931990,41.217,-3.59,960.46,9.0,256,66,22,42,-1,33,12,23,4,0,0,9,0,0,12,5,8,33,12,23,31,12,22,1013.14,1009.11,-0.15,0.0,0.0
ICEREZ2,Europe/Madrid,2024-08-18T21:59:49Z,2024-08-18 23:59:49,1724018389,41.217,-3.59,1023.34,9.0,334,89,34,57,-1,29,13,21,8,0,0,13,0,0,16,9,12,29,13,21,29,13,21,1011.31,1009.21,0.07,0.0,0.0
ICEREZ2,Europe/Madrid,2024-08-19T21:59:48Z,2024-08-19 23:59:48,1724104788,41.217,-3.59,911.4,8.0,287,86,23,51,-1,31,11,21,3,0,0,7,0,0,12,5,9,31,11,21,29,11,20,1011.24,1008.43,-0.07,0.0,0.0
ICEREZ2,Europe/Madrid,2024-08-20T21:59:46Z,2024-08-20 23:59:46,1724191186,41.217,-3.59,879.23,8.0,296,65,24,41,-1,32,12,22,4,0,0,13,0,0,12,4,7,32,12,22,31,12,21,1011.41,1008.33,0.07,0.0,0.0
ICEREZ2,Europe/Madrid,2024-08-21T21:59:44Z,2024-08-21 23:59:44,1724277584,41.217,-3.59,811.21,7.0,139,70,30,48,-1,33,12,22,11,0,0,17,0,1,18,6,11,33,12,22,32,12,22,1011.82,1008.84,-0.02,0.0,0.0
ICEREZ2,Europe/Madrid,2024-08-22T21:59:44Z,2024-08-22 23:59:44,1724363984,41.217,-3.59,828.09,8.0,249,74,20,45,-1,34,14,24,5,0,0,13,0,0,15,7,10,34,14,24,32,14,23,1010.74,1007.42,-0.03,0.0,0.0
ICEREZ2,Europe/Madrid,2024-08-23T21:59:58Z,2024-08-23 23:59:58,1724450398,41.217,-3.59,839.83,8.0,172,62,24,39,-1,34,13,24,13,0,0,20,0,1,14,4,9,34,13,24,32,13,23,1010.94,1007.72,-0.04,0.0,0.0
ICEREZ2,Europe/Madrid,2024-08-24T21:59:57Z,2024-08-24 23:59:57,1724536797,41.217,-3.59,846.32,8.0,141,64,27,42,-1,33,18,26,11,0,1,24,0,1,16,8,12,33,18,26,31,18,25,1011.31,1006.64,0.1,0.0,0.0
ICEREZ2,Europe/Madrid,2024-08-25T21:59:56Z,2024-08-25 23:59:56,1724623196,41.217,-3.59,834.58,8.0,291,91,32,60,-1,31,12,21,5,0,0,11,0,0,16,9,12,31,12,21,30,12,21,1012.43,1009.62,0.04,0.0,0.0
ICEREZ2,Europe/Madrid,2024-08-26T21:59:54Z,2024-08-26 23:59:54,1724709594,41.217,-3.59,840.21,8.0,269,89,33,59,-1,30,12,21,2,0,0,5,0,0,15,8,12,30,12,21,29,12,21,1012.23,1009.21,-0.04,0.0,0.0
ICEREZ2,Europe/Madrid,2024-08-27T21:59:54Z,2024-08-27 23:59:54,1724795994,41.217,-3.59,936.97,9.0,266,74,24,46,-1,32,13,23,4,0,0,13,0,0,12,7,9,32,13,23,31,13,22,1011.14,1007.72,-0.08,0.0,0.0
ICEREZ2,Europe/Madrid,2024-08-28T21:59:52Z,2024-08-28 23:59:52,1724882392,41.217,-3.59,822.46,8.0,138,60,25,40,-1,33,13,23,13,0,1,18,0,2,13,4,9,33,13,23,32,13,23,1009.21,1007.32,-0.05,0.0,0.0
ICEREZ2,Europe/Madrid,2024-08-29T21:59:51Z,2024-08-29 23:59:51,1724968791,41.217,-3.59,833.72,8.0,134,97,43,69,-1,26,16,22,14,0,0,24,0,1,20,10,15,26,16,22,27,16,22,1011.82,1007.62,0.06,21.59,10.9
ICEREZ2,Europe/Madrid,2024-08-30T21:59:49Z,2024-08-30 23:59:49,1725055189,41.217,-3.59,911.4,8.0,136,92,53,69,-1,28,17,22,11,0,1,20,0,2,19,12,16,28,17,22,28,17,22,1009.92,1007.52,0.0,7.8,2.59
ICEREZ2,Europe/Madrid,2024-08-31T21:59:47Z,2024-08-31 23:59:47,1725141587,41.217,-3.59,799.95,7.0,128,97,53,76,-1,25,17,20,16,0,1,28,0,3,18,12,15,25,17,20,25,17,20,1009.52,1007.01,-0.03,13.79,5.79
ICEREZ2,Europe/Madrid,2024-09-01T21:59:46Z,2024-09-01 23:59:46,1725227986,41.217,-3.59,777.81,7.0,267,99,41,76,-1,28,14,20,2,0,0,9,0,0,18,12,15,28,14,20,28,14,20,1009.41,1006.74,-0.01,0.0,0.0
ICEREZ2,Europe/Madrid,2024-09-02T21:59:46Z,2024-09-02 23:59:46,1725314386,41.217,-3.59,846.32,8.0,146,97,48,78,-1,27,13,18,5,0,0,13,0,0,18,12,14,27,13,18,27,13,18,1014.43,1005.01,0.24,4.19,2.01
ICEREZ2,Europe/Madrid,2024-09-03T21:59:44Z,2024-09-03 23:59:44,1725400784,41.217,-3.59,838.12,8.0,336,99,62,87,-1,25,13,18,3,0,0,9,0,0,18,13,16,25,13,18,25,13,18,1015.51,1013.24,0.05,3.0,0.79
ICEREZ2,Europe/Madrid,2024-09-04T21:59:58Z,2024-09-04 23:59:58,1725487198,41.217,-3.59,866.75,8.0,317,99,52,81,-1,22,10,17,5,0,0,13,0,0,15,9,13,22,10,17,22,10,17,1017.54,1014.93,0.07,3.61,0.79
ICEREZ2,Europe/Madrid,2024-09-05T21:59:57Z,2024-09-05 23:59:57,1725573597,41.217,-3.59,751.26,7.0,276,96,50,74,-1,21,7,14,1,0,0,4,0,0,12,6,9,21,7,14,21,7,14,1017.34,1007.92,-0.38,0.0,0.0
ICEREZ2,Europe/Madrid,2024-09-06T21:59:57Z,2024-09-06 23:59:57,1725659997,41.217,-3.59,866.26,8.0,270,90,43,71,-1,21,8,15,2,0,0,5,0,0,11,3,9,21,8,15,21,8,15,1009.31,1006.33,0.06,0.0,0.0
ICEREZ2,Europe/Madrid,2024-09-07T21:59:54Z,2024-09-07 23:59:54,1725746394,41.217,-3.59,794.21,7.0,265,94,39,66,-1,22,5,13,5,0,0,11,0,0,10,3,6,22,5,13,22,5,13,1014.02,1009.04,0.16,0.0,0.0
ICEREZ2,Europe/Madrid,2024-09-08T21:59:55Z,2024-09-08 23:59:55,1725832795,41.217,-3.59,924.0,8.0,258,91,40,65,-1,22,8,15,4,0,0,7,0,0,10,6,8,22,8,15,22,8,15,1017.14,1012.12,0.16,0.0,0.0
ICEREZ2,Europe/Madrid,2024-09-09T21:59:52Z,2024-09-09 23:59:52,1725919192,41.217,-3.59,769.12,7.0,259,87,30,60,-1,25,6,15,2,0,0,5,0,0,9,4,6,25,6,15,24,6,15,1020.22,1016.83,0.12,0.0,0.0
ICEREZ2,Europe/Madrid,2024-09-10T21:59:52Z,2024-09-10 23:59:52,1726005592,41.217,-3.59,747.84,7.0,268,91,37,62,-1,26,7,16,10,0,0,15,0,0,12,6,8,26,7,16,26,7,16,1020.22,1017.44,-0.05,0.0,0.0
ICEREZ2,Europe/Madrid,2024-09-11T21:59:50Z,2024-09-11 23:59:50,1726091990,41.217,-3.59,719.58,6.0,256,81,25,58,-1,23,6,15,6,0,0,9,0,0,10,1,6,23,6,15,23,6,15,1019.44,1017.03,-0.03,0.0,0.0
ICEREZ2,Europe/Madrid,2024-09-12T21:59:48Z,2024-09-12 23:59:48,1726178388,41.217,-3.59,824.18,8.0,274,94,49,73,-1,22,8,15,7,0,0,15,0,0,12,7,10,22,8,15,21,8,15,1018.83,1016.53,0.03,0.0,0.0
ICEREZ2,Europe/Madrid,2024-09-13T21:59:48Z,2024-09-13 23:59:48,1726264788,41.217,-3.59,718.36,6.0,344,94,41,68,-1,19,5,12,8,0,0,13,0,0,9,3,6,19,5,12,19,5,12,1022.32,1018.52,0.13,0.0,0.0
ICEREZ2,Europe/Madrid,2024-09-14T21:59:46Z,2024-09-14 23:59:46,1726351186,41.217,-3.59,725.7,7.0,141,86,36,61,-1,24,2,13,8,0,0,17,0,0,10,0,5,24,2,13,24,2,13,1022.42,1019.81,0.0,0.0,0.0
ICEREZ2,Europe/Madrid,2024-09-15T21:59:47Z,2024-09-15 23:59:47,1726437587,41.217,-3.59,744.41,7.0,276,85,19,50,-1,27,7,16,3,0,0,7,0,0,9,-1,4,27,7,16,26,7,16,1021.84,1018.42,-0.07,0.0,0.0
ICEREZ2,Europe/Madrid,2024-09-16T21:59:46Z,2024-09-16 23:59:46,1726523986,41.217,-3.59,750.9,7.0,9,71,18,44,-1,25,3,14,11,0,0,20,0,1,4,-2,0,25,3,14,25,3,14,1020.22,1016.22,-0.11,0.0,0.0
ICEREZ2,Europe/Madrid,2024-09-17T21:59:44Z,2024-09-17 23:59:44,1726610384,41.217,-3.59,698.41,6.0,39,80,27,50,-1,25,5,15,9,0,0,17,0,0,7,1,4,25,5,15,24,5,15,1017.71,1011.04,-0.18,0.0,0.0
ICEREZ2,Europe/Madrid,2024-09-18T21:59:59Z,2024-09-18 23:59:59,1726696799,41.217,-3.59,786.87,7.0,142,82,33,58,-1,26,7,16,12,0,0,18,0,1,12,3,7,26,7,16,25,7,16,1014.02,1011.62,0.02,0.0,0.0
ICEREZ2,Europe/Madrid,2024-09-19T21:59:58Z,2024-09-19 23:59:58,1726783198,41.217,-3.59,674.93,6.0,135,94,49,75,-1,23,14,16,16,0,1,28,0,3,14,10,12,23,14,16,23,14,16,1015.04,1012.02,0.05,3.0,1.5
ICEREZ2,Europe/Madrid,2024-09-20T21:59:56Z,2024-09-20 23:59:56,1726869596,41.217,-3.59,795.19,7.0,143,96,61,76,-1,20,12,16,12,0,0,18,0,2,13,11,12,20,12,16,20,12,16,1016.22,1013.41,0.0,1.8,0.51
ICEREZ2,Europe/Madrid,2024-09-21T21:59:56Z,2024-09-21 23:59:56,1726955996,41.217,-3.59,748.33,7.0,144,99,61,85,-1,22,12,16,10,0,0,17,0,1,15,11,13,22,12,16,22,12,16,1015.82,1012.63,0.03,33.6,27.99
ICEREZ2,Europe/Madrid,2024-09-22T21:59:55Z,2024-09-22 23:59:55,1727042395,41.217,-3.59,736.95,7.0,253,99,52,82,-1,19,9,14,1,0,0,2,0,0,14,7,11,19,9,14,19,9,14,1017.34,1015.14,0.06,0.0,0.0
ICEREZ2,Europe/Madrid,2024-09-23T21:59:53Z,2024-09-23 23:59:53,1727128793,41.217,-3.59,740.87,7.0,255,97,45,75,-1,20,7,13,1,0,0,4,0,0,11,6,8,20,7,13,20,7,13,1017.71,1014.73,-0.05,0.0,0.0
ICEREZ2,Europe/Madrid,2024-09-24T21:59:52Z,2024-09-24 23:59:52,1727215192,41.217,-3.59,777.32,7.0,257,85,41,65,-1,19,8,14,1,0,0,4,0,0,11,4,7,19,8,14,19,8,14,1016.93,1014.53,0.02,0.0,0.0
ICEREZ2,Europe/Madrid,2024-09-25T21:59:50Z,2024-09-25 23:59:50,1727301590,41.217,-3.59,716.65,6.0,150,94,62,81,-1,22,12,16,15,0,0,22,0,1,15,10,13,22,12,16,22,12,16,1017.03,1013.51,-0.1,0.0,0.0
ICEREZ2,Europe/Madrid,2024-09-26T21:59:49Z,2024-09-26 23:59:49,1727387989,41.217,-3.59,770.84,7.0,214,92,47,73,-1,22,14,18,5,0,0,15,0,0,16,9,13,22,14,18,21,14,18,1016.12,1010.23,0.07,3.0,1.19
ICEREZ2,Europe/Madrid,2024-09-27T21:59:49Z,2024-09-27 23:59:49,1727474389,41.217,-3.59,808.52,7.0,255,87,46,72,-1,16,5,11,5,0,0,11,0,0,11,1,6,16,5,11,16,5,11,1021.44,1015.51,0.22,0.0,0.0
ICEREZ2,Europe/Madrid,2024-09-28T21:59:48Z,2024-09-28 23:59:48,1727560788,41.217,-3.59,694.01,6.0,274,95,40,71,-1,17,1,9,4,0,0,9,0,0,6,0,3,17,1,9,17,1,9,1024.21,1021.33,0.06,0.0,0.0
ICEREZ2,Europe/Madrid,2024-09-29T21:59:47Z,2024-09-29 23:59:47,1727647187,41.217,-3.59,689.24,6.0,237,83,20,50,-1,23,4,14,3,0,0,13,0,0,7,-2,3,23,4,14,22,4,14,1023.74,1021.33,0.0,0.0,0.0
ICEREZ2,Europe/Madrid,2024-09-30T21:59:36Z,2024-09-30 23:59:36,1727733576,41.217,-3.59,681.04,6.0,246,79,28,50,-1,26,6,16,3,0,0,7,0,0,8,2,5,26,6,16,25,6,16,1023.33,1019.34,-0.12,0.0,0.0
ICEREZ2,Europe/Madrid,2024-10-01T21:59:44Z,2024-10-01 23:59:44,1727819984,41.217,-3.59,654.62,6.0,251,84,40,65,-1,23,9,17,4,0,0,9,0,0,13,5,10,23,9,17,22,9,16,1020.01,1016.22,-0.09,0.0,0.0
ICEREZ2,Europe/Madrid,2024-10-02T21:59:33Z,2024-10-02 23:59:33,1727906373,41.217,-3.59,251.52,2.0,240,99,78,92,-1,19,14,16,1,0,0,4,0,0,16,12,15,19,14,16,19,14,16,1017.91,1010.74,-0.19,9.6,13.79
ICEREZ2,Europe/Madrid,2024-10-03T21:59:32Z,2024-10-03 23:59:32,1727992772,41.217,-3.59,750.04,7.0,209,99,52,81,1,18,8,13,0,0,0,0,0,0,14,6,10,18,8,13,18,8,13,1017.03,1012.63,0.16,4.19,0.71
ICEREZ2,Europe/Madrid,2024-10-04T21:59:57Z,2024-10-04 23:59:57,1728079197,41.217,-3.59,698.41,6.0,232,97,49,75,1,20,9,15,0,0,0,0,0,0,13,8,10,20,9,15,20,9,15,1017.44,1015.34,-0.01,0.0,0.0
ICEREZ2,Europe/Madrid,2024-10-05T21:59:56Z,2024-10-05 23:59:56,1728165596,41.217,-3.59,711.02,6.0,243,98,61,79,-1,22,8,15,1,0,0,4,0,0,15,7,12,22,8,15,22,8,15,1016.83,1013.61,-0.07,0.0,0.0
ICEREZ2,Europe/Madrid,2024-10-06T21:59:55Z,2024-10-06 23:59:55,1728251995,41.217,-3.59,696.7,6.0,144,87,60,76,-1,21,14,17,9,0,0,22,0,1,15,11,13,21,14,17,21,14,17,1014.83,1010.53,-0.15,0.0,0.0
ICEREZ2,Europe/Madrid,2024-10-07T21:59:53Z,2024-10-07 23:59:53,1728338393,41.217,-3.59,103.61,1.0,134,97,66,84,-1,18,9,14,15,0,1,28,0,2,13,8,12,18,9,14,18,9,14,1010.94,1005.22,-0.04,13.79,16.99
ICEREZ2,Europe/Madrid,2024-10-08T21:59:53Z,2024-10-08 23:59:53,1728424793,41.217,-3.59,443.71,4.0,196,97,68,86,-1,16,9,12,7,0,0,15,0,0,12,8,10,16,9,12,16,9,12,1012.94,1009.41,0.02,6.6,1.6
ICEREZ2,Europe/Madrid,2024-10-09T21:59:51Z,2024-10-09 23:59:51,1728511191,41.217,-3.59,912.63,8.0,146,93,60,81,-1,22,11,15,29,0,5,40,0,8,15,10,12,22,11,15,22,11,15,1010.23,1000.81,-0.05,3.0,0.99
ICEREZ2,Europe/Madrid,2024-10-10T21:59:51Z,2024-10-10 23:59:51,1728597591,41.217,-3.59,717.87,6.0,246,96,52,82,-1,16,6,10,5,0,1,9,0,1,10,4,7,16,6,10,16,6,10,1016.02,1009.11,0.28,0.0,0.0
ICEREZ2,Europe/Madrid,2024-10-11T21:59:49Z,2024-10-11 23:59:49,1728683989,41.217,-3.59,718.36,6.0,146,93,54,74,-1,16,4,11,25,0,4,37,0,6,10,3,6,16,4,11,16,4,11,1016.02,1010.94,-0.19,0.0,0.0
ICEREZ2,Europe/Madrid,2024-10-12T21:59:49Z,2024-10-12 23:59:49,1728770389,41.217,-3.59,282.84,2.0,142,97,69,84,-1,17,13,15,21,0,4,33,0,6,14,10,12,17,13,15,17,13,15,1016.83,1009.82,0.23,27.61,10.59
ICEREZ2,Europe/Madrid,2024-10-13T21:59:47Z,2024-10-13 23:59:47,1728856787,41.217,-3.59,454.96,4.0,167,89,60,75,-1,21,12,16,12,0,1,17,0,2,14,10,12,21,12,16,21,12,16,1019.64,1016.32,0.12,0.0,0.0
ICEREZ2,Europe/Madrid,2024-10-14T21:59:45Z,2024-10-14 23:59:45,1728943185,41.217,-3.59,404.2,3.0,178,98,64,83,-1,21,10,16,10,0,0,18,0,1,17,9,13,21,10,16,21,10,16,1019.64,1013.82,-0.2,0.0,0.0
ICEREZ2,Europe/Madrid,2024-10-15T21:59:45Z,2024-10-15 23:59:45,1729029585,41.217,-3.59,752.12,7.0,148,89,68,78,-1,20,14,17,18,0,4,28,0,7,15,11,13,20,14,17,20,14,17,1014.73,1007.62,-0.28,4.8,1.8
ICEREZ2,Europe/Madrid,2024-10-16T21:59:44Z,2024-10-16 23:59:44,1729115984,41.217,-3.59,694.01,6.0,141,97,62,86,0,22,13,15,25,0,3,46,0,5,19,12,13,22,13,15,22,13,15,1012.63,1002.71,0.18,7.19,7.9
ICEREZ2,Europe/Madrid,2024-10-17T21:59:58Z,2024-10-17 23:59:58,1729202398,41.217,-3.59,532.28,5.0,203,97,93,95,0,13,8,11,6,0,0,17,0,0,12,7,10,13,8,11,13,8,11,1021.64,1010.94,0.39,40.79,26.39
ICEREZ2,Europe/Madrid,2024-10-18T21:59:58Z,2024-10-18 23:59:58,1729288798,41.217,-3.59,664.16,6.0,254,94,73,88,0,11,5,8,0,0,0,2,0,0,8,2,6,11,5,8,11,5,8,1023.43,1021.03,-0.01,0.0,0.0
ICEREZ2,Europe/Madrid,2024-10-19T21:59:57Z,2024-10-19 23:59:57,1729375197,41.217,-3.59,632.84,6.0,257,97,97,97,0,12,11,11,0,0,0,2,0,0,11,10,11,12,11,11,12,11,11,1023.33,1019.81,0.07,0.0,0.0
ICEREZ2,Europe/Madrid,2024-10-20T21:59:56Z,2024-10-20 23:59:56,1729461596,41.217,-3.59,478.45,4.0,206,,,,1,,,,0,0,0,0,0,0,,,,,,,,,,1024.92,1022.32,0.05,0.0,0.0
ICEREZ2,Europe/Madrid,2024-10-21T21:59:55Z,2024-10-21 23:59:55,1729547995,41.217,-3.59,552.59,5.0,239,,,,1,,,,0,0,0,0,0,0,,,,,,,,,,1025.94,1022.62,0.06,0.0,0.0
ICEREZ2,Europe/Madrid,2024-10-22T21:59:55Z,2024-10-22 23:59:55,1729634395,41.217,-3.59,628.93,6.0,169,,,,1,,,,0,0,0,2,0,0,,,,,,,,,,1026.52,1024.42,0.02,0.0,0.0
ICEREZ2,Europe/Madrid,2024-10-23T21:58:31Z,2024-10-23 23:58:31,1729720711,41.217,-3.59,563.84,5.0,158,,,,1,,,,16,0,1,26,0,2,,,,,,,,,,1026.62,1023.43,-0.1,13.79,6.1
ICEREZ2,Europe/Madrid,2024-10-24T21:59:31Z,2024-10-24 23:59:31,1729807171,41.217,-3.59,0.0,0.0,217,,,,1,,,,0,0,0,0,0,0,,,,,,,,,,1024.11,1019.13,-0.2,0.0,0.0
ICEREZ2,Europe/Madrid,2024-10-25T21:59:31Z,2024-10-25 23:59:31,1729893571,41.217,-3.59,,,,,,,1,,,,,,,,,,,,,,,,,,,1019.34,1015.24,-0.12,,
ICEREZ2,Europe/Madrid,2024-10-26T21:59:31Z,2024-10-26 23:59:31,1729979971,41.217,-3.59,,,,,,,1,,,,,,,,,,,,,,,,,,,1016.83,1013.51,-0.05,,
ICEREZ2,Europe/Madrid,2024-10-27T22:59:31Z,2024-10-27 23:59:31,1730069971,41.217,-3.59,,,,,,,1,,,,,,,,,,,,,,,,,,,1019.13,1014.93,0.13,,
ICEREZ2,Europe/Madrid,2024-10-28T22:58:38Z,2024-10-28 23:58:38,1730156318,41.217,-3.59,,,,,,,1,,,,,,,,,,,,,,,,,,,1021.54,1018.12,0.1,,
ICEREZ2,Europe/Madrid,2024-10-29T22:59:31Z,2024-10-29 23:59:31,1730242771,41.217,-3.59,,,,,,,1,,,,,,,,,,,,,,,,,,,1021.23,1015.14,-0.22,,
ICEREZ2,Europe/Madrid,2024-10-30T22:56:31Z,2024-10-30 23:56:31,1730328991,41.217,-3.59,,,,,,,1,,,,,,,,,,,,,,,,,,,1018.32,1014.63,0.09,,
ICEREZ2,Europe/Madrid,2024-10-31T22:59:53Z,2024-10-31 23:59:53,1730415593,41.217,-3.59,0.0,0.0,3,84,47,66,1,23,16,21,15,0,0,18,0,0,20,10,14,23,16,21,23,16,21,1020.62,1012.84,-0.2,8.99,3.0
ICEREZ2,Europe/Madrid,2024-11-01T22:59:49Z,2024-11-01 23:59:49,1730501989,41.217,-3.59,373.49,3.0,111,91,49,71,0,22,9,15,0,0,0,2,0,0,19,7,10,22,9,15,22,9,15,1013.72,1011.62,-0.01,8.99,2.79
ICEREZ2,Europe/Madrid,2024-11-02T22:59:48Z,2024-11-02 23:59:48,1730588388,41.217,-3.59,624.16,6.0,133,88,48,75,-1,18,9,12,11,0,1,17,0,1,11,7,8,18,9,12,18,9,12,1013.34,1011.04,0.0,4.8,0.79
ICEREZ2,Europe/Madrid,2024-11-03T22:59:47Z,2024-11-03 23:59:47,1730674787,41.217,-3.59,536.08,5.0,126,85,52,72,-1,17,8,12,14,0,2,24,0,4,9,5,7,17,8,12,17,8,12,1014.63,1012.02,0.0,0.0,0.0
ICEREZ2,Europe/Madrid,2024-11-04T22:59:46Z,2024-11-04 23:59:46,1730761186,41.217,-3.59,605.07,5.0,125,92,60,75,-1,16,7,12,15,0,3,24,0,4,9,5,8,16,7,12,16,7,12,1013.41,1011.14,0.01,0.0,0.0
ICEREZ2,Europe/Madrid,2024-11-05T22:59:45Z,2024-11-05 23:59:45,1730847585,41.217,-3.59,571.31,5.0,126,91,53,73,-1,18,8,13,11,0,1,17,0,2,10,6,8,18,8,13,18,8,13,1015.82,1012.94,0.07,0.0,0.0
ICEREZ2,Europe/Madrid,2024-11-06T22:59:59Z,2024-11-06 23:59:59,1730933999,41.217,-3.59,563.48,5.0,144,95,46,77,-1,21,5,11,9,0,1,11,0,1,11,4,7,21,5,11,21,5,11,1016.12,1013.61,-0.04,0.0,0.0
ICEREZ2,Europe/Madrid,2024-11-07T22:59:59Z,2024-11-07 23:59:59,1731020399,41.217,-3.59,485.43,4.0,120,87,43,70,-1,20,7,13,13,0,2,20,0,4,9,4,8,20,7,13,20,7,13,1014.43,1011.04,-0.08,0.0,0.0
ICEREZ2,Europe/Madrid,2024-11-08T22:59:57Z,2024-11-08 23:59:57,1731106797,41.217,-3.59,447.62,4.0,114,87,59,74,-1,16,9,12,12,0,3,20,0,5,9,6,8,16,9,12,16,9,12,1013.51,1009.82,0.05,0.0,0.0
ICEREZ2,Europe/Madrid,2024-11-09T22:59:56Z,2024-11-09 23:59:56,1731193196,41.217,-3.59,621.59,6.0,266,94,55,80,-1,15,3,10,13,0,2,18,0,3,10,2,7,15,3,10,15,3,10,1017.14,1013.04,0.15,0.0,0.0
ICEREZ2,Europe/Madrid,2024-11-10T22:59:56Z,2024-11-10 23:59:56,1731279596,41.217,-3.59,151.82,1.0,167,97,81,91,-1,11,3,9,6,0,0,9,0,1,10,2,8,11,3,9,11,3,9,1017.14,1011.31,-0.17,1.8,0.79
ICEREZ2,Europe/Madrid,2024-11-11T22:59:55Z,2024-11-11 23:59:55,1731365995,41.217,-3.59,620.24,6.0,72,94,48,82,-1,15,1,9,12,0,1,18,0,2,9,-1,6,15,1,9,15,1,9,1013.72,1011.04,-0.01,0.0,0.0
ICEREZ2,Europe/Madrid,2024-11-12T22:59:55Z,2024-11-12 23:59:55,1731452395,41.217,-3.59,442.0,4.0,99,96,53,81,-1,10,-2,3,17,0,1,26,0,2,5,-4,0,10,-2,3,10,-2,3,1012.43,1003.93,-0.35,1.19,0.2
ICEREZ2,Europe/Madrid,2024-11-13T22:59:55Z,2024-11-13 23:59:55,1731538795,41.217,-3.59,502.68,4.0,98,94,61,79,-1,10,-3,4,19,0,4,33,0,6,5,-4,0,10,-3,3,10,-3,4,1004.34,999.63,0.0,1.8,0.79
ICEREZ2,Europe/Madrid,2024-11-14T22:59:54Z,2024-11-14 23:59:54,1731625194,41.217,-3.59,340.09,3.0,119,90,62,75,-1,14,8,11,13,0,2,24,0,3,9,5,7,14,7,11,14,8,11,1006.33,1003.93,0.05,5.99,2.79
ICEREZ2,Europe/Madrid,2024-11-15T22:59:53Z,2024-11-15 23:59:53,1731711593,41.217,-3.59,494.48,4.0,120,85,61,73,-1,15,9,12,22,0,4,35,0,6,9,5,7,15,8,12,15,9,12,1006.94,1004.54,0.03,0.0,0.0
ICEREZ2,Europe/Madrid,2024-11-16T22:59:53Z,2024-11-16 23:59:53,1731797993,41.217,-3.59,473.69,4.0,116,82,52,70,-1,17,5,11,18,0,3,33,0,6,8,2,6,17,5,11,17,5,11,1006.74,1004.74,0.02,0.0,0.0
ICEREZ2,Europe/Madrid,2024-11-17T22:59:52Z,2024-11-17 23:59:52,1731884392,41.217,-3.59,412.88,4.0,156,88,36,69,-1,20,3,9,7,0,1,9,0,1,8,1,3,20,3,9,20,3,9,1007.62,1005.11,0.01,0.0,0.0
ICEREZ2,Europe/Madrid,2024-11-18T22:59:50Z,2024-11-18 23:59:50,1731970790,41.217,-3.59,492.77,4.0,206,94,51,76,-1,17,5,10,12,0,1,15,0,1,9,3,6,17,5,10,17,5,10,1007.32,1004.84,-0.05,1.8,0.51
ICEREZ2,Europe/Madrid,2024-11-19T22:59:50Z,2024-11-19 23:59:50,1732057190,41.217,-3.59,442.86,4.0,264,96,63,83,-1,15,3,9,15,0,3,20,0,3,9,2,6,15,3,9,15,3,9,1007.11,1004.64,0.05,0.0,0.0
ICEREZ2,Europe/Madrid,2024-11-20T22:59:49Z,2024-11-20 23:59:49,1732143589,41.217,-3.59,472.83,4.0,285,90,66,81,-1,12,6,9,18,0,5,29,0,8,7,4,5,12,4,8,12,6,9,1008.33,1005.52,-0.03,0.0,0.0
ICEREZ2,Europe/Madrid,2024-11-21T22:59:48Z,2024-11-21 23:59:48,1732229988,41.217,-3.59,746.99,7.0,297,94,73,82,-1,11,8,9,24,0,7,37,0,10,7,5,6,11,6,8,11,8,9,1006.13,999.12,-0.28,1.8,0.71
ICEREZ2,Europe/Madrid,2024-11-22T22:59:48Z,2024-11-22 23:59:48,1732316388,41.217,-3.59,120.99,1.0,291,96,52,82,-1,10,0,6,21,0,3,33,0,4,8,-1,3,10,0,6,10,0,6,1007.82,998.82,0.35,5.99,3.91
ICEREZ2,Europe/Madrid,2024-11-23T22:59:47Z,2024-11-23 23:59:47,1732402787,41.217,-3.59,392.08,3.0,118,94,67,74,-1,13,1,10,22,0,5,38,0,9,8,0,5,13,1,10,13,1,10,1007.92,1006.23,-0.05,1.19,0.2
ICEREZ2,Europe/Madrid,2024-11-24T22:59:47Z,2024-11-24 23:59:47,1732489187,41.217,-3.59,337.03,3.0,116,83,43,66,-1,16,9,12,27,1,10,57,2,17,7,1,6,16,6,12,16,9,12,1007.01,998.82,-0.32,0.0,0.0
ICEREZ2,Europe/Madrid,2024-11-25T22:59:46Z,2024-11-25 23:59:46,1732575586,41.217,-3.59,503.16,5.0,125,96,58,77,-1,14,1,9,24,0,5,44,0,8,9,1,5,14,1,9,14,1,9,1008.33,997.43,0.38,9.6,10.69
ICEREZ2,Europe/Madrid,2024-11-26T22:59:46Z,2024-11-26 23:59:46,1732661986,41.217,-3.59,313.54,3.0,122,97,54,85,-1,10,0,4,12,0,1,17,0,1,5,-1,2,10,0,4,10,0,4,1010.02,1007.82,0.06,1.19,0.2
ICEREZ2,Europe/Madrid,2024-11-27T22:59:46Z,2024-11-27 23:59:46,1732748386,41.217,-3.59,334.83,3.0,197,96,47,81,-1,15,-2,4,8,0,1,9,0,1,6,-3,1,15,-2,4,15,-2,4,1011.62,1008.53,0.06,0.0,0.0
ICEREZ2,Europe/Madrid,2024-11-28T22:59:46Z,2024-11-28 23:59:46,1732834786,41.217,-3.59,330.55,3.0,160,86,33,68,-1,17,1,6,11,0,1,13,0,2,5,-3,0,17,0,6,17,1,6,1011.72,1009.52,0.03,0.0,0.0
ICEREZ2,Europe/Madrid,2024-11-29T22:59:46Z,2024-11-29 23:59:46,1732921186,41.217,-3.59,302.29,2.0,187,91,49,71,-1,18,3,9,9,0,1,11,0,1,8,0,4,18,3,9,18,3,9,1013.92,1010.53,0.08,0.0,0.0
ICEREZ2,Europe/Madrid,2024-11-30T22:59:44Z,2024-11-30 23:59:44,1733007584,41.217,-3.59,285.41,2.0,201,97,62,83,-1,17,3,8,10,0,1,11,0,1,11,2,6,17,3,8,17,3,8,1014.93,1011.92,-0.04,1.8,0.3
ICEREZ2,Europe/Madrid,2024-12-01T22:59:59Z,2024-12-01 23:59:59,1733093999,41.217,-3.59,213.84,2.0,160,86,36,67,-1,18,3,9,10,0,1,13,0,1,7,0,3,18,3,9,18,3,9,1013.04,1009.92,-0.06,0.0,0.0
ICEREZ2,Europe/Madrid,2024-12-02T22:59:59Z,2024-12-02 23:59:59,1733180399,41.217,-3.59,370.8,3.0,141,96,61,83,-1,14,4,9,12,0,1,15,0,1,10,3,6,14,4,9,14,4,9,1012.33,1008.64,-0.11,13.79,6.3
ICEREZ2,Europe/Madrid,2024-12-03T22:59:59Z,2024-12-03 23:59:59,1733266799,41.217,-3.59,274.52,2.0,238,96,77,91,-1,11,3,7,13,0,2,20,0,3,8,2,5,11,3,6,11,3,7,1009.11,1006.94,-0.06,1.8,2.79
ICEREZ2,Europe/Madrid,2024-12-04T22:59:58Z,2024-12-04 23:59:58,1733353198,41.217,-3.59,221.67,2.0,280,98,59,87,-1,11,2,6,14,0,2,20,0,3,6,1,4,11,2,6,11,2,6,1015.44,1006.03,0.3,5.99,5.41
ICEREZ2,Europe/Madrid,2024-12-05T22:59:58Z,2024-12-05 23:59:58,1733439598,41.217,-3.59,306.2,2.0,212,93,59,81,-1,12,1,6,11,0,1,15,0,1,6,0,3,12,1,6,12,1,6,1015.71,1012.23,-0.01,0.0,0.0
ICEREZ2,Europe/Madrid,2024-12-06T22:59:56Z,2024-12-06 23:59:56,1733525996,41.217,-3.59,334.83,3.0,162,98,65,89,-1,16,5,9,10,0,1,11,0,1,11,3,7,16,5,9,16,5,9,1015.04,1011.51,-0.09,0.0,0.0
ICEREZ2,Europe/Madrid,2024-12-07T22:59:55Z,2024-12-07 23:59:55,1733612395,41.217,-3.59,275.37,2.0,251,98,56,82,-1,11,2,7,22,0,6,29,0,8,8,-2,4,11,-1,6,11,2,7,1012.43,1008.43,-0.08,1.8,0.3
ICEREZ2,Europe/Madrid,2024-12-08T22:59:56Z,2024-12-08 23:59:56,1733698796,41.217,-3.59,329.69,3.0,297,91,64,79,-1,5,-1,2,21,0,5,29,0,7,1,-3,-2,5,-4,1,5,-1,2,1010.23,1005.52,-0.17,0.0,0.0
ICEREZ2,Europe/Madrid,2024-12-09T22:59:55Z,2024-12-09 23:59:55,1733785195,41.217,-3.59,155.73,1.0,294,94,83,87,-1,3,-1,1,14,0,5,18,0,7,1,-3,-1,3,-5,0,3,-1,1,1005.93,1002.54,-0.07,1.19,0.2
ICEREZ2,Europe/Madrid,2024-12-10T22:59:56Z,2024-12-10 23:59:56,1733871596,41.217,-3.59,173.47,14.0,288,93,67,82,-1,4,0,2,11,0,1,13,0,2,1,-3,-1,4,-1,2,4,0,2,1004.44,1001.52,-0.1,1.8,0.3
ICEREZ2,Europe/Madrid,2024-12-11T22:59:56Z,2024-12-11 23:59:56,1733957996,41.217,-3.59,155.73,1.0,129,89,64,81,-1,3,1,2,5,0,0,7,0,1,-1,-3,-1,3,1,2,3,1,2,1002.54,1000.14,0.01,0.0,0.0
ICEREZ2,Europe/Madrid,2024-12-12T22:59:56Z,2024-12-12 23:59:56,1734044396,41.217,-3.59,263.27,2.0,165,93,54,79,-1,9,-2,3,9,0,1,13,0,2,2,-3,-1,9,-2,3,9,-2,3,1003.93,1000.81,0.02,1.19,0.2
ICEREZ2,Europe/Madrid,2024-12-13T22:59:56Z,2024-12-13 23:59:56,1734130796,41.217,-3.59,221.18,2.0,165,93,67,83,-1,6,0,3,10,0,1,17,0,2,2,-1,1,6,-1,3,6,0,3,1009.62,1001.52,0.29,0.0,0.0
ICEREZ2,Europe/Madrid,2024-12-14T22:59:56Z,2024-12-14 23:59:56,1734217196,41.217,-3.59,318.32,3.0,252,96,63,86,-1,7,-3,1,10,0,1,15,0,1,1,-4,-1,7,-3,1,7,-3,1,1016.42,1009.11,0.27,0.0,0.0
ICEREZ2,Europe/Madrid,2024-12-15T22:59:58Z,2024-12-15 23:59:58,1734303598,41.217,-3.59,266.69,2.0,191,96,68,87,-1,6,-4,1,9,0,1,11,0,1,2,-5,-1,6,-4,1,6,-4,1,1020.01,1016.02,0.12,1.8,0.3
ICEREZ2,Europe/Madrid,2024-12-16T22:59:57Z,2024-12-16 23:59:57,1734389997,41.217,-3.59,261.07,2.0,181,96,16,56,-1,13,-3,5,21,0,4,29,0,6,0,-14,-5,13,-6,5,13,-3,5,1019.24,1015.14,-0.1,0.0,0.0
ICEREZ2,Europe/Madrid,2024-12-17T22:59:57Z,2024-12-17 23:59:57,1734476397,41.217,-3.59,258.0,2.0,153,82,30,61,-1,14,-2,4,7,0,1,7,0,1,5,-7,-3,14,-2,4,14,-2,4,1016.42,1012.94,-0.13,0.0,0.0
ICEREZ2,Europe/Madrid,2024-12-18T22:59:55Z,2024-12-18 23:59:55,1734562795,41.217,-3.59,246.75,2.0,169,89,39,65,-1,16,1,8,11,0,1,13,0,2,6,-2,1,16,1,8,16,1,8,1014.12,1008.23,-0.22,0.0,0.0
ICEREZ2,Europe/Madrid,2024-12-19T22:59:56Z,2024-12-19 23:59:56,1734649196,41.217,-3.59,230.24,2.0,268,95,33,73,-1,13,-2,8,20,0,4,31,0,6,9,-3,3,13,-2,8,13,-2,8,1011.82,1004.64,0.14,1.8,0.51
ICEREZ2,Europe/Madrid,2024-12-20T22:59:56Z,2024-12-20 23:59:56,1734735596,41.217,-3.59,207.36,2.0,120,96,73,87,-1,5,-3,1,10,0,1,13,0,1,1,-4,-1,5,-3,1,5,-3,1,1014.02,1011.51,0.05,1.8,0.3
ICEREZ2,Europe/Madrid,2024-12-21T22:59:55Z,2024-12-21 23:59:55,1734821995,41.217,-3.59,244.67,2.0,203,95,58,85,-1,8,-5,0,10,0,1,13,0,1,1,-6,-3,8,-5,0,8,-5,0,1015.71,1012.33,0.09,1.19,0.2
ICEREZ2,Europe/Madrid,2024-12-22T22:59:56Z,2024-12-22 23:59:56,1734908396,41.217,-3.59,248.46,2.0,170,97,61,86,-1,10,-3,2,18,0,1,20,0,2,4,-4,0,10,-3,2,10,-3,2,1015.14,1010.33,-0.16,0.0,0.0
ICEREZ2,Europe/Madrid,2024-12-23T22:59:32Z,2024-12-23 23:59:32,1734994772,41.217,-3.59,258.49,14.0,46,97,62,84,-1,6,0,3,19,0,3,28,0,4,2,-2,0,6,-1,2,6,0,3,1014.12,1010.13,0.08,0.0,0.0
ICEREZ2,Europe/Madrid,2024-12-24T22:59:54Z,2024-12-24 23:59:54,1735081194,41.217,-3.59,282.84,2.0,283,97,59,85,0,20,-2,10,10,0,1,13,0,1,15,-3,7,20,-2,10,20,-2,10,1013.82,1011.24,0.01,4.8,1.91
ICEREZ2,Europe/Madrid,2024-12-25T22:59:54Z,2024-12-25 23:59:54,1735167594,41.217,-3.59,264.12,2.0,245,98,64,90,0,10,10,10,6,0,1,7,0,1,10,4,9,10,10,10,10,10,10,1013.51,1010.94,-0.07,10.8,3.0
ICEREZ2,Europe/Madrid,2024-12-26T22:59:31Z,2024-12-26 23:59:31,1735253971,41.217,-3.59,0.0,0.0,239,,,,1,,,,0,0,0,0,0,0,,,,,,,,,,1012.53,1010.02,-0.02,0.0,0.0
ICEREZ2,Europe/Madrid,2024-12-27T22:59:31Z,2024-12-27 23:59:31,1735340371,41.217,-3.59,,,,,,,1,,,,,,,,,,,,,,,,,,,1012.94,1010.53,0.06,,
ICEREZ2,Europe/Madrid,2024-12-28T22:58:38Z,2024-12-28 23:58:38,1735426718,41.217,-3.59,,,,,,,1,,,,,,,,,,,,,,,,,,,1013.61,1011.14,0.01,,
ICEREZ2,Europe/Madrid,2024-12-29T22:59:31Z,2024-12-29 23:59:31,1735513171,41.217,-3.59,,,,,,,1,,,,,,,,,,,,,,,,,,,1013.14,1010.23,-0.06,,
ICEREZ2,Europe/Madrid,2024-12-30T22:57:34Z,2024-12-30 23:57:34,1735599454,41.217,-3.59,,,,,,,1,,,,,,,,,,,,,,,,,,,1013.34,1010.43,0.06,,
ICEREZ2,Europe/Madrid,2024-12-31T22:59:31Z,2024-12-31 23:59:31,1735685971,41.217,-3.59,,,,,,,1,,,,,,,,,,,,,,,,,,,1013.82,1011.31,0.02,,
ICEREZ2,Europe/Madrid,2025-01-01T22:56:31Z,2025-01-01 23:56:31,1735772191,41.217,-3.59,,,,,,,1,,,,,,,,,,,,,,,,,,,1013.82,1009.92,-0.11,,
ICEREZ2,Europe/Madrid,2025-01-02T22:59:31Z,2025-01-02 23:59:31,1735858771,41.217,-3.59,,,,,,,1,,,,,,,,,,,,,,,,,,,1011.82,1009.31,-0.03,,
ICEREZ2,Europe/Madrid,2025-01-03T22:59:57Z,2025-01-03 23:59:57,1735945197,41.217,-3.59,155.75,1.0,261,80,43,72,1,17,6,7,11,0,2,15,0,4,9,-1,2,17,5,7,17,6,7,1014.12,990.99,0.14,5.99,2.79
ICEREZ2,Europe/Madrid,2025-01-04T22:59:56Z,2025-01-04 23:59:56,1736031596,41.217,-3.59,284.06,2.0,126,93,66,79,-1,11,0,5,12,0,1,15,0,2,5,-2,1,11,0,5,11,0,5,1013.92,986.69,-0.25,0.0,0.0
ICEREZ2,Europe/Madrid,2025-01-05T22:59:54Z,2025-01-05 23:59:54,1736117994,41.217,-3.59,194.88,1.0,114,88,63,78,-1,10,1,6,22,0,6,42,0,11,5,-1,3,10,1,5,10,1,6,1008.13,973.59,-1.4,0.0,0.0
ICEREZ2,Europe/Madrid,2025-01-06T22:59:58Z,2025-01-06 23:59:58,1736204398,41.217,-3.59,226.27,2.0,175,92,71,82,-1,8,2,5,21,0,5,26,0,8,5,0,3,8,0,5,8,2,5,1005.72,973.11,-0.46,1.8,0.99
ICEREZ2,Europe/Madrid,2025-01-07T22:59:50Z,2025-01-07 23:59:50,1736290790,41.217,-3.59,233.93,2.0,261,90,57,76,-1,9,2,6,17,0,4,26,0,8,5,0,2,9,-2,5,9,2,6,1010.02,984.29,0.18,0.0,0.0
ICEREZ2,Europe/Madrid,2025-01-08T22:59:48Z,2025-01-08 23:59:48,1736377188,41.217,-3.59,169.87,1.0,168,85,62,76,-1,11,4,7,24,0,5,39,0,9,5,1,3,11,3,7,11,4,7,1009.92,981.41,0.77,0.0,0.0
ICEREZ2,Europe/Madrid,2025-01-09T22:59:47Z,2025-01-09 23:59:47,1736463587,41.217,-3.59,132.23,1.0,249,92,60,82,-1,9,7,8,24,0,5,37,0,8,8,1,6,9,4,8,9,7,8,1014.83,985.3,0.32,1.8,0.79
ICEREZ2,Europe/Madrid,2025-01-10T22:59:44Z,2025-01-10 23:59:44,1736549984,41.217,-3.59,325.33,3.0,199,91,68,81,-1,11,8,9,17,0,3,20,0,4,8,5,6,11,6,9,11,8,9,1016.73,992.58,0.01,0.0,0.0
ICEREZ2,Europe/Madrid,2025-01-11T22:59:59Z,2025-01-11 23:59:59,1736636399,41.217,-3.59,356.87,3.0,271,96,69,87,-1,13,3,10,21,0,5,26,0,7,10,2,8,13,3,9,13,3,10,1019.03,991.91,0.17,5.99,4.6
ICEREZ2,Europe/Madrid,2025-01-12T22:59:57Z,2025-01-12 23:59:57,1736722797,41.217,-3.59,276.84,2.0,35,94,61,83,-1,9,-4,2,16,0,2,18,0,3,3,-5,-1,9,-4,2,9,-4,2,1020.42,995.9,0.03,0.0,0.0
ICEREZ2,Europe/Madrid,2025-01-13T22:59:57Z,2025-01-13 23:59:57,1736809197,41.217,-3.59,273.09,2.0,218,92,40,74,-1,6,-9,-3,7,0,1,11,0,2,-2,-11,-7,6,-9,-3,6,-9,-3,1019.54,994.11,-1.01,0.0,0.0
ICEREZ2,Europe/Madrid,2025-01-14T22:59:56Z,2025-01-14 23:59:56,1736895596,41.217,-3.59,315.35,3.0,187,85,27,68,-1,10,-9,-3,9,0,1,13,0,1,-3,-12,-9,10,-9,-3,10,-9,-3,1019.13,994.62,0.06,0.0,0.0
ICEREZ2,Europe/Madrid,2025-01-15T22:59:55Z,2025-01-15 23:59:55,1736981995,41.217,-3.59,323.51,3.0,174,78,30,58,-1,9,-7,-1,8,0,1,9,0,2,-6,-12,-9,9,-7,-1,9,-7,-1,1018.52,993.6,0.72,0.0,0.0
ICEREZ2,Europe/Madrid,2025-01-16T22:59:54Z,2025-01-16 23:59:54,1737068394,41.217,-3.59,330.83,3.0,177,81,38,63,-1,11,-5,1,15,0,2,28,0,2,0,-10,-5,11,-5,1,11,-5,1,1014.93,988.89,0.84,0.0,0.0
ICEREZ2,Europe/Madrid,2025-01-17T22:59:53Z,2025-01-17 23:59:53,1737154793,41.217,-3.59,353.5,3.0,143,83,46,65,-1,9,-4,2,18,0,2,26,0,3,-1,-6,-4,9,-6,2,9,-4,2,1017.03,992.42,0.1,0.0,0.0
ICEREZ2,Europe/Madrid,2025-01-18T22:59:52Z,2025-01-18 23:59:52,1737241192,41.217,-3.59,326.05,3.0,199,90,42,72,-1,9,-5,0,9,0,1,11,0,1,-1,-8,-5,9,-5,0,9,-5,0,1016.53,990.42,-0.21,0.0,0.0
ICEREZ2,Europe/Madrid,2025-01-19T22:59:50Z,2025-01-19 23:59:50,1737327590,41.217,-3.59,366.62,3.0,166,86,37,64,-1,10,-6,1,13,0,2,22,0,3,-1,-10,-5,10,-6,1,10,-6,1,1014.02,984.49,0.05,0.0,0.0
ICEREZ2,Europe/Madrid,2025-01-20T22:59:50Z,2025-01-20 23:59:50,1737413990,41.217,-3.59,189.98,1.0,115,94,61,87,-1,7,3,5,11,0,2,18,0,3,5,-2,3,7,0,4,7,3,5,1013.82,1010.63,-0.02,5.99,13.79
ICEREZ2,Europe/Madrid,2025-01-21T22:59:47Z,2025-01-21 23:59:47,1737500387,41.217,-3.59,158.85,1.0,114,88,75,82,-1,10,6,8,19,0,4,31,0,7,7,3,5,10,4,8,10,6,8,1012.02,1008.13,-0.13,3.61,3.3
ICEREZ2,Europe/Madrid,2025-01-22T22:59:45Z,2025-01-22 23:59:45,1737586785,41.217,-3.59,373.84,3.0,120,89,73,80,-1,11,8,9,21,0,6,35,0,9,7,5,6,11,5,8,11,8,9,1009.62,1005.42,0.03,4.8,1.19
ICEREZ2,Europe/Madrid,2025-01-23T22:59:44Z,2025-01-23 23:59:44,1737673184,41.217,-3.59,538.2,5.0,127,95,69,85,-1,12,5,9,12,0,1,18,0,2,9,4,6,12,5,9,12,5,9,1018.12,1009.41,0.35,1.8,1.09
ICEREZ2,Europe/Madrid,2025-01-24T22:59:57Z,2025-01-24 23:59:57,1737759597,41.217,-3.59,420.63,4.0,123,95,67,80,-1,12,3,8,21,0,4,35,0,7,7,2,5,12,3,8,12,3,8,1018.32,1012.43,-0.2,0.0,0.0
ICEREZ2,Europe/Madrid,2025-01-25T22:59:56Z,2025-01-25 23:59:56,1737845996,41.217,-3.59,392.47,3.0,131,92,74,83,-1,9,3,7,18,0,4,31,0,7,6,1,4,9,2,6,9,3,7,1017.03,1010.84,0.13,8.99,9.3
ICEREZ2,Europe/Madrid,2025-01-26T22:59:54Z,2025-01-26 23:59:54,1737932394,41.217,-3.59,364.39,3.0,114,89,69,78,-1,12,1,7,24,0,6,44,0,10,8,-1,3,12,1,6,12,1,7,1017.34,1007.01,-0.38,1.8,0.3
ICEREZ2,Europe/Madrid,2025-01-27T22:59:53Z,2025-01-27 23:59:53,1738018793,41.217,-3.59,490.44,4.0,208,94,58,82,-1,14,3,9,33,0,8,48,0,12,9,1,6,14,-1,8,14,3,9,1010.23,1003.62,0.1,4.8,17.2
ICEREZ2,Europe/Madrid,2025-01-28T22:59:51Z,2025-01-28 23:59:51,1738105191,41.217,-3.59,474.91,4.0,262,91,76,84,-1,5,1,3,27,0,7,40,0,10,3,-1,1,5,-3,2,5,1,3,1020.83,1009.21,0.44,1.8,0.99
ICEREZ2,Europe/Madrid,2025-01-29T22:59:49Z,2025-01-29 23:59:49,1738191589,41.217,-3.59,270.52,2.0,201,92,64,82,-1,6,1,3,22,0,4,33,0,6,3,-2,0,6,-1,2,6,1,3,1020.83,1006.64,-0.48,3.0,2.59
ICEREZ2,Europe/Madrid,2025-01-30T22:59:47Z,2025-01-30 23:59:47,1738277987,41.217,-3.59,475.07,4.0,283,92,55,79,-1,6,-2,2,26,0,6,35,0,8,1,-5,-1,6,-3,1,6,-2,2,1024.92,1008.53,0.66,0.0,0.0
ICEREZ2,Europe/Madrid,2025-01-31T22:59:46Z,2025-01-31 23:59:46,1738364386,41.217,-3.59,426.27,4.0,218,91,53,77,-1,8,-4,0,11,0,1,13,0,1,0,-6,-3,8,-4,0,8,-4,0,1026.62,1023.94,-0.01,0.0,0.0
ICEREZ2,Europe/Madrid,2025-02-01T22:59:45Z,2025-02-01 23:59:45,1738450785,41.217,-3.59,572.29,5.0,243,93,57,78,-1,9,-3,2,15,0,1,20,0,2,2,-4,-2,9,-3,2,9,-3,2,1024.42,1016.73,-0.28,0.0,0.0
ICEREZ2,Europe/Madrid,2025-02-02T22:59:44Z,2025-02-02 23:59:44,1738537184,41.217,-3.59,551.25,5.0,218,94,66,86,-1,7,-3,2,13,0,1,15,0,2,3,-4,0,7,-3,2,7,-3,2,1018.42,1015.44,0.02,1.8,1.8
ICEREZ2,Europe/Madrid,2025-02-03T22:59:59Z,2025-02-03 23:59:59,1738623599,41.217,-3.59,363.8,3.0,261,95,66,86,-1,9,-5,1,12,0,1,15,0,2,4,-6,-1,9,-5,1,9,-5,1,1021.91,1017.81,0.15,1.19,0.2
ICEREZ2,Europe/Madrid,2025-02-04T22:59:57Z,2025-02-04 23:59:57,1738709997,41.217,-3.59,402.81,3.0,254,94,51,79,-1,10,-3,2,11,0,1,15,0,2,3,-5,-2,10,-3,2,10,-3,2,1028.04,1021.33,0.27,1.8,0.3
ICEREZ2,Europe/Madrid,2025-02-05T22:59:56Z,2025-02-05 23:59:56,1738796396,41.217,-3.59,427.4,4.0,202,90,47,76,-1,10,-5,1,10,0,1,11,0,2,2,-7,-3,10,-5,1,10,-5,1,1029.63,1027.13,0.0,0.0,0.0
ICEREZ2,Europe/Madrid,2025-02-06T22:59:55Z,2025-02-06 23:59:55,1738882795,41.217,-3.59,382.99,3.0,180,91,52,77,-1,8,-6,-2,6,0,0,9,0,1,0,-8,-6,8,-6,-2,8,-6,-2,1028.04,1011.31,-0.68,0.0,0.0
ICEREZ2,Europe/Madrid,2025-02-07T22:59:54Z,2025-02-07 23:59:54,1738969194,41.217,-3.59,358.51,3.0,129,94,51,77,-1,7,-3,2,23,0,2,29,0,3,4,-8,-1,7,-3,2,7,-3,2,1011.82,1001.63,-0.25,9.6,19.3
ICEREZ2,Europe/Madrid,2025-02-08T22:59:53Z,2025-02-08 23:59:53,1739055593,41.217,-3.59,693.82,6.0,272,95,50,80,-1,7,-5,2,12,0,1,15,0,2,1,-6,-2,7,-5,2,7,-5,2,1013.04,1005.42,0.3,4.8,2.31
ICEREZ2,Europe/Madrid,2025-02-09T22:59:51Z,2025-02-09 23:59:51,1739141991,41.217,-3.59,457.18,4.0,211,95,56,82,-1,13,4,7,12,0,1,17,0,2,8,-3,4,13,4,7,13,4,7,1013.92,1011.31,-0.06,0.0,0.0
ICEREZ2,Europe/Madrid,2025-02-10T22:59:48Z,2025-02-10 23:59:48,1739228388,41.217,-3.59,572.89,5.0,148,93,65,79,-1,13,5,9,15,0,2,24,0,4,7,3,5,13,4,9,13,5,9,1011.51,1005.32,-0.21,0.0,0.0
ICEREZ2,Europe/Madrid,2025-02-11T22:59:47Z,2025-02-11 23:59:47,1739314787,41.217,-3.59,558.29,5.0,191,86,57,72,-1,12,6,8,17,0,4,31,0,7,5,2,3,12,3,8,12,6,8,1006.54,1001.93,-0.17,1.8,1.5
ICEREZ2,Europe/Madrid,2025-02-12T22:59:45Z,2025-02-12 23:59:45,1739401185,41.217,-3.59,210.88,2.0,177,96,69,87,-1,9,1,5,19,0,4,28,0,5,5,0,3,9,1,5,9,1,5,1009.21,1001.12,0.28,3.61,5.11
ICEREZ2,Europe/Madrid,2025-02-13T22:59:44Z,2025-02-13 23:59:44,1739487584,41.217,-3.59,389.61,3.0,248,96,72,88,-1,11,0,5,11,0,1,15,0,1,7,-1,3,11,0,5,11,0,5,1010.53,1008.53,0.04,0.0,0.0
ICEREZ2,Europe/Madrid,2025-02-14T22:59:57Z,2025-02-14 23:59:57,1739573997,41.217,-3.59,468.33,4.0,257,96,51,81,-1,16,1,7,9,0,1,11,0,1,7,0,4,16,1,7,16,1,7,1010.13,1004.84,-0.2,0.0,0.0
ICEREZ2,Europe/Madrid,2025-02-15T22:59:56Z,2025-02-15 23:59:56,1739660396,41.217,-3.59,530.65,5.0,120,91,42,59,-1,15,3,10,17,0,4,29,0,6,4,-2,2,15,3,10,15,3,10,1005.22,1000.54,-0.11,0.0,0.0
ICEREZ2,Europe/Madrid,2025-02-16T22:59:54Z,2025-02-16 23:59:54,1739746794,41.217,-3.59,586.26,5.0,220,81,31,55,-1,17,1,10,13,0,2,18,0,2,5,-3,0,17,1,10,17,1,10,1006.13,1001.52,0.15,0.0,0.0
ICEREZ2,Europe/Madrid,2025-02-17T22:59:52Z,2025-02-17 23:59:52,1739833192,41.217,-3.59,501.06,4.0,266,94,54,77,-1,15,5,9,10,0,1,15,0,2,7,2,5,15,4,9,15,5,9,1006.23,1002.81,-0.12,3.0,0.99
ICEREZ2,Europe/Madrid,2025-02-18T22:59:50Z,2025-02-18 23:59:50,1739919590,41.217,-3.59,528.91,5.0,151,73,44,62,-1,16,9,11,26,0,4,42,0,6,6,3,4,16,7,11,16,9,11,1003.32,1000.24,-0.01,0.0,0.0
ICEREZ2,Europe/Madrid,2025-02-19T22:59:48Z,2025-02-19 23:59:48,1740005988,41.217,-3.59,719.35,7.0,273,87,55,72,-1,15,3,9,16,0,1,18,0,1,7,1,5,15,2,9,15,3,9,1013.14,1003.01,0.42,0.0,0.0
ICEREZ2,Europe/Madrid,2025-02-20T22:59:36Z,2025-02-20 23:59:36,1740092376,41.217,-3.59,666.66,6.0,253,92,56,77,-1,16,4,10,14,0,1,22,0,2,8,2,6,16,4,10,16,4,10,1015.34,1012.53,0.0,0.0,0.0
ICEREZ2,Europe/Madrid,2025-02-21T22:59:44Z,2025-02-21 23:59:44,1740178784,41.217,-3.59,502.11,4.0,158,92,61,72,-1,14,5,11,23,0,5,48,0,8,7,4,6,14,2,11,14,5,11,1013.34,1002.44,-0.28,24.61,8.89
ICEREZ2,Europe/Madrid,2025-02-22T22:59:59Z,2025-02-22 23:59:59,1740265199,41.217,-3.59,712.6,6.0,273,92,57,81,-1,11,2,6,19,0,2,26,0,3,5,0,3,11,2,6,11,2,6,1014.43,1005.93,0.33,3.61,0.3
ICEREZ2,Europe/Madrid,2025-02-23T22:59:56Z,2025-02-23 23:59:56,1740351596,41.217,-3.59,501.58,4.0,247,95,48,76,-1,13,-2,5,11,0,1,15,0,2,4,-3,1,13,-2,5,13,-2,5,1018.02,1014.02,0.14,1.19,0.2
ICEREZ2,Europe/Madrid,2025-02-24T22:59:55Z,2025-02-24 23:59:55,1740437995,41.217,-3.59,606.28,5.0,246,90,28,64,-1,15,1,8,16,0,2,20,0,3,4,-4,1,15,1,8,15,1,8,1017.71,1012.63,-0.2,0.0,0.0
ICEREZ2,Europe/Madrid,2025-02-25T22:59:54Z,2025-02-25 23:59:54,1740524394,41.217,-3.59,522.3,5.0,280,93,49,78,-1,11,-1,7,17,0,4,24,0,6,7,-2,3,11,-1,6,11,-1,7,1015.04,1010.63,0.08,4.8,2.49
ICEREZ2,Europe/Madrid,2025-02-26T22:59:52Z,2025-02-26 23:59:52,1740610792,41.217,-3.59,530.43,5.0,203,93,36,70,-1,11,-4,3,11,0,1,15,0,2,1,-5,-2,11,-4,3,11,-4,3,1015.82,1009.41,-0.22,1.8,0.3
ICEREZ2,Europe/Madrid,2025-02-27T22:59:51Z,2025-02-27 23:59:51,1740697191,41.217,-3.59,702.14,6.0,144,84,51,69,-1,12,1,6,10,0,1,15,0,2,3,-2,1,12,0,6,12,1,6,1009.72,1004.91,-0.12,0.0,0.0
ICEREZ2,Europe/Madrid,2025-02-28T22:59:49Z,2025-02-28 23:59:49,1740783589,41.217,-3.59,719.95,7.0,171,88,41,69,-1,15,1,7,10,0,1,17,0,2,4,-1,2,15,1,7,15,1,7,1006.84,1002.24,-0.13,0.0,0.0
ICEREZ2,Europe/Madrid,2025-03-01T22:59:46Z,2025-03-01 23:59:46,1740869986,41.217,-3.59,312.87,3.0,142,92,67,79,-1,8,3,5,16,0,3,22,0,4,3,-2,2,8,1,5,8,3,5,1006.84,1002.13,0.13,3.0,4.29
ICEREZ2,Europe/Madrid,2025-03-02T22:59:45Z,2025-03-02 23:59:45,1740956385,41.217,-3.59,243.31,2.0,221,89,64,77,-1,7,2,4,17,0,2,24,0,3,2,-2,0,7,2,4,7,2,4,1006.94,1005.22,0.0,3.0,2.31
ICEREZ2,Europe/Madrid,2025-03-03T22:59:59Z,2025-03-03 23:59:59,1741042799,41.217,-3.59,265.57,2.0,118,87,67,77,-1,10,4,7,18,0,2,22,0,4,5,1,3,10,2,7,10,4,7,1007.11,1004.34,-0.05,3.0,1.8
ICEREZ2,Europe/Madrid,2025-03-04T22:59:58Z,2025-03-04 23:59:58,1741129198,41.217,-3.59,771.69,7.0,245,94,60,77,-1,13,6,8,20,0,2,24,0,3,7,3,5,13,4,8,13,6,8,1007.11,1004.13,0.07,13.79,14.0
ICEREZ2,Europe/Madrid,2025-03-05T22:59:55Z,2025-03-05 23:59:55,1741215595,41.217,-3.59,585.71,5.0,130,92,59,72,-1,12,6,9,27,0,3,33,0,5,6,3,4,12,5,9,12,6,9,1007.01,1003.32,-0.13,0.0,0.0
ICEREZ2,Europe/Madrid,2025-03-06T22:59:53Z,2025-03-06 23:59:53,1741301993,41.217,-3.59,448.21,4.0,123,89,68,77,-1,12,7,9,25,0,3,33,0,5,8,4,5,12,5,9,12,7,9,1004.13,1001.22,-0.01,4.19,3.0
ICEREZ2,Europe/Madrid,2025-03-07T22:59:50Z,2025-03-07 23:59:50,1741388390,41.217,-3.59,611.9,5.0,138,89,69,80,-1,12,7,9,28,0,5,46,0,8,7,4,6,12,5,8,12,7,9,1003.73,991.94,-0.38,7.8,9.4
ICEREZ2,Europe/Madrid,2025-03-08T22:59:50Z,2025-03-08 23:59:50,1741474790,41.217,-3.59,260.81,2.0,157,93,65,83,-1,11,4,7,38,0,8,55,0,12,6,1,4,11,2,6,11,4,7,994.82,984.22,-0.27,10.8,37.11
ICEREZ2,Europe/Madrid,2025-03-09T22:59:48Z,2025-03-09 23:59:48,1741561188,41.217,-3.59,769.8,7.0,127,89,66,77,-1,9,3,5,19,0,4,29,0,7,5,-1,1,9,-1,4,9,3,5,989.44,986.83,0.06,3.0,0.51
ICEREZ2,Europe/Madrid,2025-03-10T22:59:46Z,2025-03-10 23:59:46,1741647586,41.217,-3.59,644.71,6.0,132,88,64,76,-1,10,3,6,17,0,5,29,0,7,4,0,2,10,0,5,10,3,6,1014.02,989.13,1.0,1.8,0.51
ICEREZ2,Europe/Madrid,2025-03-11T22:59:45Z,2025-03-11 23:59:45,1741733985,41.217,-3.59,651.65,6.0,137,92,70,83,-1,9,4,6,15,0,3,22,0,5,6,2,3,9,2,6,9,4,6,1017.54,1012.23,0.17,12.6,6.4
ICEREZ2,Europe/Madrid,2025-03-12T22:59:59Z,2025-03-12 23:59:59,1741820399,41.217,-3.59,858.96,8.0,286,95,50,77,-1,12,0,6,18,0,3,26,0,5,5,0,2,12,0,6,12,0,6,1019.03,1014.53,-0.12,0.0,0.0
ICEREZ2,Europe/Madrid,2025-03-13T22:59:57Z,2025-03-13 23:59:57,1741906797,41.217,-3.59,449.66,4.0,164,93,70,83,-1,8,2,5,13,0,2,24,0,3,4,0,2,8,-1,5,8,2,5,1014.93,1008.23,-0.11,1.8,1.7
ICEREZ2,Europe/Madrid,2025-03-14T22:59:57Z,2025-03-14 23:59:57,1741993197,41.217,-3.59,807.06,7.0,342,93,44,74,-1,7,-3,2,15,0,2,20,0,3,1,-6,-2,6,-3,2,7,-3,2,1020.62,1011.04,0.35,0.0,0.0
ICEREZ2,Europe/Madrid,2025-03-15T22:59:55Z,2025-03-15 23:59:55,1742079595,41.217,-3.59,859.47,8.0,274,93,50,75,-1,7,-6,1,14,0,1,17,0,2,0,-7,-4,7,-6,1,7,-6,1,1026.62,1020.12,0.23,0.0,0.0
ICEREZ2,Europe/Madrid,2025-03-16T22:59:54Z,2025-03-16 23:59:54,1742165994,41.217,-3.59,690.95,6.0,279,95,67,87,-1,6,-2,1,10,0,1,13,0,2,2,-3,-1,6,-2,1,6,-2,1,1028.92,1024.01,0.09,3.61,7.9
ICEREZ2,Europe/Madrid,2025-03-17T22:59:53Z,2025-03-17 23:59:53,1742252393,41.217,-3.59,751.98,7.0,126,92,64,76,-1,9,-2,4,18,0,4,31,0,6,5,-4,0,9,-2,4,9,-2,4,1028.41,1022.22,-0.19,0.0,0.0
ICEREZ2,Europe/Madrid,2025-03-18T22:59:51Z,2025-03-18 23:59:51,1742338791,41.217,-3.59,550.06,5.0,145,92,68,78,-1,10,6,8,20,0,3,31,0,4,6,1,4,10,4,8,10,6,8,1028.04,1021.84,0.18,1.8,0.79
ICEREZ2,Europe/Madrid,2025-03-19T22:59:48Z,2025-03-19 23:59:48,1742425188,41.217,-3.59,674.1,6.0,149,89,52,70,-1,14,7,10,32,0,6,48,0,10,6,3,5,14,4,10,14,7,10,1029.23,1024.01,-0.03,1.19,0.2
ICEREZ2,Europe/Madrid,2025-03-20T22:59:47Z,2025-03-20 23:59:47,1742511587,41.217,-3.59,497.28,4.0,171,91,58,72,-1,13,7,10,29,0,6,48,0,10,8,3,5,13,5,10,13,7,10,1028.04,1022.11,-0.13,12.6,20.09
ICEREZ2,Europe/Madrid,2025-03-21T22:59:45Z,2025-03-21 23:59:45,1742597985,41.217,-3.59,701.37,6.0,127,91,68,80,-1,11,2,8,26,0,6,38,0,10,6,1,5,11,-2,7,11,2,8,1024.01,1017.71,-0.16,12.6,12.7
ICEREZ2,Europe/Madrid,2025-03-22T22:59:59Z,2025-03-22 23:59:59,1742684399,41.217,-3.59,621.14,6.0,231,93,69,84,-1,9,1,5,19,0,4,26,0,6,5,0,2,9,-3,4,9,1,5,1020.12,1017.03,-0.02,4.8,4.6
ICEREZ2,Europe/Madrid,2025-03-23T22:59:57Z,2025-03-23 23:59:57,1742770797,41.217,-3.59,786.35,7.0,281,95,60,83,-1,8,0,2,13,0,2,20,0,3,2,-2,0,8,-3,2,8,0,2,1025.33,1019.44,0.22,4.8,7.59
ICEREZ2,Europe/Madrid,2025-03-24T22:59:56Z,2025-03-24 23:59:56,1742857196,41.217,-3.59,1055.68,10.0,272,95,69,90,-1,9,1,3,13,0,1,24,0,2,5,0,2,9,-1,3,9,1,3,1032.92,1024.82,0.31,10.8,17.5
ICEREZ2,Europe/Madrid,2025-03-25T22:59:54Z,2025-03-25 23:59:54,1742943594,41.217,-3.59,937.67,9.0,292,96,61,83,-1,12,2,6,13,0,1,18,0,2,6,1,3,12,2,6,12,2,6,1035.63,1032.24,0.12,3.0,0.99
ICEREZ2,Europe/Madrid,2025-03-26T22:59:53Z,2025-03-26 23:59:53,1743029993,41.217,-3.59,897.68,8.0,7,94,53,76,-1,10,2,6,15,0,2,22,0,3,4,0,2,10,2,6,10,2,6,1035.63,1031.63,-0.14,0.0,0.0
ICEREZ2,Europe/Madrid,2025-03-27T22:59:50Z,2025-03-27 23:59:50,1743116390,41.217,-3.59,590.75,5.0,230,94,58,77,-1,10,0,5,13,0,2,17,0,2,4,-1,1,10,0,5,10,0,5,1032.04,1028.92,-0.05,0.0,0.0
ICEREZ2,Europe/Madrid,2025-03-28T22:59:48Z,2025-03-28 23:59:48,1743202788,41.217,-3.59,894.14,8.0,299,93,51,74,-1,12,0,6,18,0,3,22,0,4,4,-2,2,12,0,6,12,0,6,1034.14,1029.53,0.13,0.0,0.0
ICEREZ2,Europe/Madrid,2025-03-29T22:59:47Z,2025-03-29 23:59:47,1743289187,41.217,-3.59,676.18,6.0,27,91,43,69,-1,12,0,6,18,0,3,26,0,4,3,-2,0,12,0,6,12,0,6,1035.83,1033.32,0.06,0.0,0.0
ICEREZ2,Europe/Madrid,2025-03-30T21:59:46Z,2025-03-30 23:59:46,1743371986,41.217,-3.59,677.56,6.0,240,91,25,61,-1,19,-3,7,14,0,2,17,0,2,2,-5,-1,19,-6,7,19,-3,7,1035.73,1032.71,-0.06,0.0,0.0
ICEREZ2,Europe/Madrid,2025-03-31T21:59:44Z,2025-03-31 23:59:44,1743458384,41.217,-3.59,674.21,6.0,188,85,21,55,-1,25,1,12,11,0,2,13,0,2,8,-2,2,25,0,12,24,1,12,1034.44,1027.13,-0.28,0.0,0.0
ICEREZ2,Europe/Madrid,2025-04-01T21:59:58Z,2025-04-01 23:59:58,1743544798,41.217,-3.59,677.23,6.0,229,78,26,49,-1,22,4,14,14,0,2,24,0,3,7,-3,3,22,4,14,21,4,14,1027.53,1020.22,-0.28,0.0,0.0
ICEREZ2,Europe/Madrid,2025-04-02T21:59:56Z,2025-04-02 23:59:56,1743631196,41.217,-3.59,864.54,8.0,171,90,47,71,-1,19,4,11,17,0,3,31,0,4,10,2,6,19,4,11,19,4,11,1020.93,1016.22,-0.03,0.0,0.0
ICEREZ2,Europe/Madrid,2025-04-03T21:59:54Z,2025-04-03 23:59:54,1743717594,41.217,-3.59,464.35,4.0,177,89,67,80,-1,11,5,8,18,0,3,28,0,5,7,3,5,11,3,8,11,5,8,1025.23,1019.81,0.14,6.6,14.0
ICEREZ2,Europe/Madrid,2025-04-04T21:59:52Z,2025-04-04 23:59:52,1743803992,41.217,-3.59,940.58,9.0,138,88,58,76,-1,14,8,10,28,0,6,50,0,9,9,5,6,14,5,10,14,8,10,1023.54,1019.34,0.0,7.8,8.41
ICEREZ2,Europe/Madrid,2025-04-05T21:59:50Z,2025-04-05 23:59:50,1743890390,41.217,-3.59,720.23,7.0,184,87,54,75,-1,14,6,9,13,0,2,17,0,3,8,3,5,14,5,9,14,6,9,1028.62,1023.13,0.22,0.0,0.0
ICEREZ2,Europe/Madrid,2025-04-06T21:59:48Z,2025-04-06 23:59:48,1743976788,41.217,-3.59,906.58,8.0,252,94,39,72,-1,17,5,10,12,0,1,15,0,2,8,1,5,17,5,10,17,5,10,1029.23,1013.14,-0.56,0.0,0.0
ICEREZ2,Europe/Madrid,2025-04-07T21:59:47Z,2025-04-07 23:59:47,1744063187,41.217,-3.59,875.11,8.0,69,93,37,68,-1,22,3,12,11,0,1,15,0,2,10,2,5,22,3,12,21,3,12,1018.83,1014.83,0.15,0.0,0.0
ICEREZ2,Europe/Madrid,2025-04-08T21:59:44Z,2025-04-08 23:59:44,1744149584,41.217,-3.59,698.67,6.0,144,83,28,55,-1,23,5,14,13,0,2,17,0,3,9,2,5,23,5,14,22,5,14,1020.12,1017.24,-0.01,0.0,0.0
ICEREZ2,Europe/Madrid,2025-04-09T21:59:58Z,2025-04-09 23:59:58,1744235998,41.217,-3.59,715.39,6.0,147,73,26,47,-1,24,9,16,12,0,2,17,0,2,8,1,4,24,9,16,23,9,16,1018.73,1014.02,-0.13,0.0,0.0
ICEREZ2,Europe/Madrid,2025-04-10T21:59:56Z,2025-04-10 23:59:56,1744322396,41.217,-3.59,765.73,7.0,133,81,38,55,-1,21,7,15,21,0,4,44,0,7,9,3,6,21,7,15,21,7,15,1015.71,1013.61,-0.03,0.0,0.0
ICEREZ2,Europe/Madrid,2025-04-11T21:59:55Z,2025-04-11 23:59:55,1744408795,41.217,-3.59,285.67,2.0,140,84,41,62,-1,14,10,12,24,0,6,40,0,9,8,0,5,14,9,12,14,10,12,1015.34,1009.41,-0.17,3.0,1.8
ICEREZ2,Europe/Madrid,2025-04-12T21:59:52Z,2025-04-12 23:59:52,1744495192,41.217,-3.59,752.87,7.0,156,92,63,81,-1,16,7,12,15,0,2,24,0,3,11,6,8,16,7,12,16,7,12,1011.14,1007.82,-0.03,7.8,4.29
ICEREZ2,Europe/Madrid,2025-04-13T21:59:50Z,2025-04-13 23:59:50,1744581590,41.217,-3.59,1001.47,9.0,290,95,58,87,-1,17,7,11,12,0,1,15,0,2,11,6,9,17,7,11,17,7,11,1010.53,1008.13,0.0,30.61,10.21
ICEREZ2,Europe/Madrid,2025-04-14T21:59:48Z,2025-04-14 23:59:48,1744667988,41.217,-3.59,985.64,9.0,215,96,45,77,-1,16,6,11,17,0,3,28,0,5,10,3,7,16,5,11,16,6,11,1009.92,1002.34,-0.3,3.0,0.71
ICEREZ2,Europe/Madrid,2025-04-15T21:59:46Z,2025-04-15 23:59:46,1744754386,41.217,-3.59,1272.94,12.0,269,92,58,85,-1,10,2,5,30,0,5,38,0,7,5,0,3,10,0,4,10,2,5,1007.92,1001.73,0.2,4.8,7.59
ICEREZ2,Europe/Madrid,2025-04-16T21:59:45Z,2025-04-16 23:59:45,1744840785,41.217,-3.59,950.62,9.0,291,91,63,83,-1,9,0,4,17,0,5,22,0,7,5,-1,1,9,-3,3,9,0,4,1013.04,1007.72,0.21,6.6,1.8
ICEREZ2,Europe/Madrid,2025-04-17T21:59:59Z,2025-04-17 23:59:59,1744927199,41.217,-3.59,1034.14,10.0,296,93,49,77,-1,13,3,8,17,0,4,24,0,5,7,1,4,13,1,8,13,3,8,1015.51,1012.73,0.1,0.0,0.0
ICEREZ2,Europe/Madrid,2025-04-18T21:59:57Z,2025-04-18 23:59:57,1745013597,41.217,-3.59,1016.12,9.0,147,91,58,74,-1,16,7,11,24,0,4,48,0,6,9,5,7,16,7,11,16,7,11,1015.24,1005.93,-0.37,3.0,2.59
ICEREZ2,Europe/Madrid,2025-04-19T21:59:55Z,2025-04-19 23:59:55,1745099995,41.217,-3.59,1152.22,11.0,281,93,54,78,-1,10,2,6,24,0,6,40,0,9,7,0,2,9,-2,5,10,2,6,1006.33,1002.44,-0.05,5.99,10.9
ICEREZ2,Europe/Madrid,2025-04-20T21:59:54Z,2025-04-20 23:59:54,1745186394,41.217,-3.59,1038.42,10.0,274,94,58,80,-1,12,2,6,16,0,4,22,0,5,6,1,3,12,0,6,12,2,6,1013.41,1004.54,0.35,3.61,5.59
ICEREZ2,Europe/Madrid,2025-04-21T21:59:51Z,2025-04-21 23:59:51,1745272791,41.217,-3.59,863.24,8.0,297,94,48,78,-1,16,6,10,14,0,3,18,0,4,9,4,6,16,4,10,16,6,10,1016.73,1013.24,0.13,5.99,7.59
ICEREZ2,Europe/Madrid,2025-04-22T21:59:49Z,2025-04-22 23:59:49,1745359189,41.217,-3.59,1047.87,10.0,216,95,47,77,-1,15,4,10,15,0,2,18,0,3,7,2,5,15,4,10,15,4,10,1021.03,1015.34,0.18,1.8,2.49
ICEREZ2,Europe/Madrid,2025-04-23T21:59:47Z,2025-04-23 23:59:47,1745445587,41.217,-3.59,759.96,7.0,337,93,48,71,-1,19,2,10,14,0,2,17,0,3,10,1,5,19,2,10,19,2,10,1021.84,1019.44,0.02,0.0,0.0
ICEREZ2,Europe/Madrid,2025-04-24T21:59:45Z,2025-04-24 23:59:45,1745531985,41.217,-3.59,741.49,7.0,270,93,28,63,-1,24,5,14,12,0,2,17,0,2,11,3,6,24,5,14,23,5,14,1021.33,1016.12,-0.16,0.0,0.0
ICEREZ2,Europe/Madrid,2025-04-25T21:59:59Z,2025-04-25 23:59:59,1745618399,41.217,-3.59,853.88,8.0,213,91,42,72,-1,22,8,14,15,0,2,20,0,3,13,6,8,22,8,14,22,8,14,1017.61,1012.53,-0.09,16.79,7.9
ICEREZ2,Europe/Madrid,2025-04-26T21:59:57Z,2025-04-26 23:59:57,1745704797,41.217,-3.59,1058.48,10.0,306,90,44,69,-1,16,6,12,18,0,4,22,0,5,10,3,6,16,6,12,16,6,12,1021.13,1014.83,0.25,0.0,0.0
ICEREZ2,Europe/Madrid,2025-04-27T21:59:56Z,2025-04-27 23:59:56,1745791196,41.217,-3.59,1051.4,10.0,37,92,45,70,-1,18,1,9,15,0,2,17,0,3,8,0,4,18,1,9,18,1,9,1021.44,1019.03,-0.05,0.0,0.0
ICEREZ2,Europe/Madrid,2025-04-28T10:33:14Z,2025-04-28 12:33:14,1745836394,41.217,-3.59,681.63,6.0,170,87,47,69,-1,17,4,10,15,0,3,22,0,4,7,2,4,17,4,10,17,4,10,1019.91,1017.54,-0.12,0.0,0.0
ICEREZ2,Europe/Madrid,2025-04-29T21:59:51Z,2025-04-29 23:59:51,1745963991,41.217,-3.59,815.75,7.0,137,66,47,54,-1,19,12,16,21,0,7,37,0,11,9,3,7,19,12,16,19,12,16,1013.51,1010.53,-0.06,0.0,0.0
ICEREZ2,Europe/Madrid,2025-04-30T21:59:49Z,2025-04-30 23:59:49,1746050389,41.217,-3.59,728.56,7.0,145,90,43,61,-1,20,9,15,18,0,5,40,0,7,11,4,7,20,6,15,20,9,15,1013.51,1009.31,0.05,3.0,0.51
ICEREZ2,Europe/Madrid,2025-05-01T21:59:47Z,2025-05-01 23:59:47,1746136787,41.217,-3.59,820.13,7.0,298,95,51,79,-1,20,8,13,17,0,2,22,0,3,12,7,9,20,6,13,20,8,13,1014.43,1010.94,-0.09,18.59,8.89
ICEREZ2,Europe/Madrid,2025-05-02T21:59:45Z,2025-05-02 23:59:45,1746223185,41.217,-3.59,1059.26,10.0,257,94,56,76,-1,17,8,13,19,0,3,26,0,4,12,6,9,17,6,13,17,8,13,1013.51,1008.94,0.03,18.01,21.31
ICEREZ2,Europe/Madrid,2025-05-03T21:59:59Z,2025-05-03 23:59:59,1746309599,41.217,-3.59,961.13,9.0,182,80,46,64,-1,19,10,14,14,0,3,26,0,5,9,6,7,19,10,14,19,10,14,1013.14,1010.53,0.0,1.8,0.3
ICEREZ2,Europe/Madrid,2025-05-04T21:59:57Z,2025-05-04 23:59:57,1746395997,41.217,-3.59,972.6,9.0,182,91,57,79,-1,15,7,11,15,0,2,22,0,3,9,5,7,15,7,11,15,7,11,1013.72,1009.04,0.06,4.8,4.5
ICEREZ2,Europe/Madrid,2025-05-05T21:59:54Z,2025-05-05 23:59:54,1746482394,41.217,-3.59,1013.03,9.0,311,95,68,85,-1,14,6,10,21,0,1,28,0,2,10,3,7,14,6,10,14,6,10,1015.82,1012.23,0.09,5.99,5.89
ICEREZ2,Europe/Madrid,2025-05-06T21:59:53Z,2025-05-06 23:59:53,1746568793,41.217,-3.59,1128.55,10.0,46,92,43,69,-1,13,3,7,15,0,2,17,0,3,4,-1,2,13,3,7,13,3,7,1016.63,1014.53,0.03,0.0,0.0
ICEREZ2,Europe/Madrid,2025-05-07T21:59:51Z,2025-05-07 23:59:51,1746655191,41.217,-3.59,1014.49,9.0,76,93,39,66,-1,18,3,10,11,0,1,17,0,2,8,1,4,18,3,10,18,3,10,1016.53,1012.43,-0.12,1.19,0.2
ICEREZ2,Europe/Madrid,2025-05-08T21:59:48Z,2025-05-08 23:59:48,1746741588,41.217,-3.59,864.66,8.0,290,93,40,69,-1,18,7,12,14,0,2,17,0,3,9,3,6,18,6,12,18,7,12,1013.82,1010.53,-0.03,0.0,0.0
ICEREZ2,Europe/Madrid,2025-05-09T21:59:46Z,2025-05-09 23:59:46,1746827986,41.217,-3.59,1006.95,9.0,195,95,46,76,-1,17,8,11,15,0,2,24,0,3,10,4,7,17,8,11,17,8,11,1012.84,1010.13,-0.01,15.6,8.1
ICEREZ2,Europe/Madrid,2025-05-10T21:59:45Z,2025-05-10 23:59:45,1746914385,41.217,-3.59,1082.96,10.0,256,89,49,75,-1,15,7,11,25,0,3,35,0,4,10,4,6,15,7,11,15,7,11,1013.51,1009.31,0.03,5.99,1.6
ICEREZ2,Europe/Madrid,2025-05-11T21:59:58Z,2025-05-11 23:59:58,1747000798,41.217,-3.59,1003.4,9.0,303,87,48,72,-1,14,6,9,21,0,4,29,0,6,5,2,4,14,4,9,14,6,9,1016.63,1012.63,0.13,0.0,0.0
ICEREZ2,Europe/Madrid,2025-05-12T21:59:57Z,2025-05-12 23:59:57,1747087197,41.217,-3.59,1004.36,9.0,303,87,42,69,-1,17,7,11,17,0,4,24,0,5,8,3,5,17,6,11,17,7,11,1016.93,1013.51,-0.01,0.0,0.0
ICEREZ2,Europe/Madrid,2025-05-13T21:59:54Z,2025-05-13 23:59:54,1747173594,41.217,-3.59,1097.66,10.0,295,90,45,72,-1,18,6,11,11,0,1,17,0,2,8,4,6,18,6,11,18,6,11,1016.12,1013.34,0.0,0.0,0.0
ICEREZ2,Europe/Madrid,2025-05-14T21:59:53Z,2025-05-14 23:59:53,1747259993,41.217,-3.59,938.18,9.0,129,93,43,79,-1,19,3,10,14,0,2,20,0,3,10,2,6,19,3,10,19,3,10,1016.12,1012.43,-0.01,4.8,4.09
ICEREZ2,Europe/Madrid,2025-05-15T21:59:51Z,2025-05-15 23:59:51,1747346391,41.217,-3.59,1344.61,13.0,304,96,65,88,-1,15,8,10,13,0,2,17,0,2,11,7,8,15,7,10,15,8,10,1018.52,1014.43,0.1,50.39,22.3
ICEREZ2,Europe/Madrid,2025-05-16T21:59:48Z,2025-05-16 23:59:48,1747432788,41.217,-3.59,964.38,9.0,351,98,37,78,-1,20,3,10,11,0,2,15,0,2,11,3,6,20,3,10,20,3,10,1018.52,1015.34,-0.06,0.0,0.0
ICEREZ2,Europe/Madrid,2025-05-17T21:59:47Z,2025-05-17 23:59:47,1747519187,41.217,-3.59,817.62,7.0,44,92,27,57,-1,23,2,14,11,0,1,13,0,2,9,-1,4,23,2,14,23,2,13,1016.93,1013.24,-0.09,0.0,0.0
ICEREZ2,Europe/Madrid,2025-05-18T21:59:44Z,2025-05-18 23:59:44,1747605584,41.217,-3.59,831.35,8.0,142,86,36,55,-1,24,7,17,14,0,2,26,0,4,11,5,8,24,7,17,24,7,17,1015.04,1012.02,-0.07,0.0,0.0
ICEREZ2,Europe/Madrid,2025-05-19T21:59:59Z,2025-05-19 23:59:59,1747691999,41.217,-3.59,1048.38,10.0,287,85,49,69,-1,17,10,13,24,0,4,35,0,6,10,4,7,17,9,13,17,10,13,1018.42,1012.63,0.23,1.8,0.3
ICEREZ2,Europe/Madrid,2025-05-20T21:59:57Z,2025-05-20 23:59:57,1747778397,41.217,-3.59,1097.85,10.0,229,94,41,72,-1,20,7,13,13,0,2,17,0,2,10,5,7,20,7,13,20,7,13,1021.64,1018.22,0.11,0.0,0.0
ICEREZ2,Europe/Madrid,2025-05-21T21:59:54Z,2025-05-21 23:59:54,1747864794,41.217,-3.59,917.05,8.0,282,91,41,65,-1,23,5,15,14,0,2,18,0,3,11,3,7,23,5,15,23,5,14,1021.13,1016.22,-0.16,0.0,0.0
ICEREZ2,Europe/Madrid,2025-05-22T21:59:53Z,2025-05-22 23:59:53,1747951193,41.217,-3.59,844.03,8.0,343,92,39,65,-1,20,7,13,18,0,2,28,0,3,11,4,6,20,7,13,20,7,13,1018.73,1016.02,0.01,0.0,0.0
ICEREZ2,Europe/Madrid,2025-05-23T21:59:50Z,2025-05-23 23:59:50,1748037590,41.217,-3.59,792.7,7.0,58,91,31,61,-1,22,2,12,17,0,3,28,0,4,7,0,4,22,2,12,21,2,12,1019.64,1015.82,0.08,0.0,0.0
ICEREZ2,Europe/Madrid,2025-05-24T21:59:48Z,2025-05-24 23:59:48,1748123988,41.217,-3.59,800.06,7.0,11,88,26,57,-1,22,2,13,13,0,2,17,0,2,9,-2,4,22,2,13,22,2,13,1020.73,1018.73,0.04,0.0,0.0
ICEREZ2,Europe/Madrid,2025-05-25T21:59:47Z,2025-05-25 23:59:47,1748210387,41.217,-3.59,815.95,7.0,244,86,33,64,-1,26,7,16,18,0,2,26,0,2,17,5,9,26,7,16,26,7,16,1020.83,1018.22,-0.02,3.0,0.71
ICEREZ2,Europe/Madrid,2025-05-26T21:59:45Z,2025-05-26 23:59:45,1748296785,41.217,-3.59,833.84,8.0,62,91,31,64,-1,26,8,17,18,0,2,22,0,3,14,6,10,26,8,17,26,8,17,1021.33,1018.73,0.05,0.0,0.0
ICEREZ2,Europe/Madrid,2025-05-27T21:59:58Z,2025-05-27 23:59:58,1748383198,41.217,-3.59,801.62,7.0,335,91,22,57,-1,29,6,18,12,0,2,17,0,2,13,4,8,29,6,18,27,6,18,1022.93,1020.42,0.07,0.0,0.0
ICEREZ2,Europe/Madrid,2025-05-28T21:59:57Z,2025-05-28 23:59:57,1748469597,41.217,-3.59,791.63,7.0,0,86,21,53,-1,30,9,20,13,0,1,18,0,2,14,4,9,30,9,20,29,9,20,1024.82,1022.32,0.09,0.0,0.0
ICEREZ2,Europe/Madrid,2025-05-29T21:59:55Z,2025-05-29 23:59:55,1748555995,41.217,-3.59,790.22,7.0,137,81,25,50,-1,32,10,22,11,0,1,15,0,1,16,7,10,32,10,22,31,10,21,1024.92,1020.73,-0.12,0.0,0.0
ICEREZ2,Europe/Madrid,2025-05-30T21:59:52Z,2025-05-30 23:59:52,1748642392,41.217,-3.59,871.97,8.0,118,90,28,63,-1,31,13,19,17,0,1,26,0,2,16,8,12,31,13,19,30,13,19,1023.13,1020.12,0.0,27.61,17.81
ICEREZ2,Europe/Madrid,2025-05-31T21:59:50Z,2025-05-31 23:59:50,1748728790,41.217,-3.59,870.57,8.0,161,91,29,61,-1,31,13,21,23,0,2,42,0,3,17,8,12,31,13,21,31,13,21,1022.82,1019.91,-0.07,82.19,21.59
ICEREZ2,Europe/Madrid,2025-06-01T21:59:48Z,2025-06-01 23:59:48,1748815188,41.217,-3.59,879.41,8.0,142,87,27,50,-1,30,16,23,18,0,4,31,0,6,20,9,12,30,16,23,29,16,23,1020.62,1015.61,-0.17,19.81,7.9
ICEREZ2,Europe/Madrid,2025-06-02T21:59:47Z,2025-06-02 23:59:47,1748901587,41.217,-3.59,785.16,7.0,200,94,47,74,-1,26,13,18,13,0,2,24,0,2,18,10,13,26,13,18,25,13,18,1016.42,1012.53,-0.11,4.19,0.71
ICEREZ2,Europe/Madrid,2025-06-03T21:59:45Z,2025-06-03 23:59:45,1748987985,41.217,-3.59,843.99,8.0,151,94,49,76,-1,23,12,16,19,0,3,22,0,4,15,10,12,23,12,16,23,12,16,1014.83,1011.51,0.06,10.8,4.09
ICEREZ2,Europe/Madrid,2025-06-04T21:59:58Z,2025-06-04 23:59:58,1749074398,41.217,-3.59,893.58,8.0,265,92,51,74,-1,21,11,15,15,0,3,18,0,4,13,9,10,21,11,15,21,11,15,1016.12,1013.14,0.05,0.0,0.0
ICEREZ2,Europe/Madrid,2025-06-05T21:59:56Z,2025-06-05 23:59:56,1749160796,41.217,-3.59,788.04,7.0,22,92,37,66,-1,25,8,16,14,0,2,17,0,3,13,7,9,25,8,16,24,8,16,1016.93,1011.31,-0.14,0.0,0.0
ICEREZ2,Europe/Madrid,2025-06-06T21:59:54Z,2025-06-06 23:59:54,1749247194,41.217,-3.59,799.46,7.0,353,92,34,65,-1,26,9,18,15,0,2,20,0,3,15,7,10,26,9,18,26,9,17,1013.72,1011.72,0.05,0.0,0.0
ICEREZ2,Europe/Madrid,2025-06-07T21:59:52Z,2025-06-07 23:59:52,1749333592,41.217,-3.59,804.31,7.0,353,92,27,61,-1,27,10,18,15,0,3,26,0,4,14,6,10,27,10,18,27,10,18,1014.73,1012.12,0.03,0.0,0.0
ICEREZ2,Europe/Madrid,2025-06-08T21:59:50Z,2025-06-08 23:59:50,1749419990,41.217,-3.59,770.19,7.0,48,89,29,60,-1,30,10,20,13,0,1,17,0,2,16,7,11,30,10,20,29,10,19,1016.63,1014.12,0.08,0.0,0.0
ICEREZ2,Europe/Madrid,2025-06-09T21:59:47Z,2025-06-09 23:59:47,1749506387,41.217,-3.59,818.59,7.0,33,83,23,60,-1,34,10,20,15,0,1,24,0,2,17,7,11,34,10,20,33,10,20,1017.24,1014.22,0.03,22.81,4.09
ICEREZ2,Europe/Madrid,2025-06-10T21:59:46Z,2025-06-10 23:59:46,1749592786,41.217,-3.59,837.1,8.0,150,73,30,44,-1,33,20,26,18,0,3,29,0,5,17,9,13,33,20,26,33,20,26,1018.32,1013.92,-0.12,0.0,0.0
ICEREZ2,Europe/Madrid,2025-06-11T21:59:44Z,2025-06-11 23:59:44,1749679184,41.217,-3.59,944.21,9.0,163,93,43,67,-1,27,16,20,24,0,3,40,0,4,17,11,14,27,16,20,27,16,20,1016.22,1008.13,-0.19,10.8,5.79
ICEREZ2,Europe/Madrid,2025-06-12T21:59:57Z,2025-06-12 23:59:57,1749765597,41.217,-3.59,896.8,8.0,171,96,30,67,-1,27,9,19,12,0,1,18,0,2,16,7,11,27,9,19,27,9,18,1012.84,1009.52,0.13,0.0,0.0
ICEREZ2,Europe/Madrid,2025-06-13T21:59:55Z,2025-06-13 23:59:55,1749851995,41.217,-3.59,814.4,7.0,125,80,26,56,-1,30,10,20,13,0,1,20,0,2,15,6,10,30,10,20,29,10,19,1014.63,1011.41,0.08,0.0,0.0
ICEREZ2,Europe/Madrid,2025-06-14T21:59:53Z,2025-06-14 23:59:53,1749938393,41.217,-3.59,850.29,8.0,56,85,24,58,-1,32,11,21,12,0,1,17,0,2,15,8,11,32,11,21,31,11,21,1015.14,1012.33,0.01,0.0,0.0
ICEREZ2,Europe/Madrid,2025-06-15T21:59:52Z,2025-06-15 23:59:52,1750024792,41.217,-3.59,786.42,7.0,130,86,31,59,-1,32,11,21,15,0,1,18,0,2,17,9,12,32,11,21,31,11,21,1017.24,1014.43,0.09,0.0,0.0
ICEREZ2,Europe/Madrid,2025-06-16T21:59:49Z,2025-06-16 23:59:49,1750111189,41.217,-3.59,820.81,7.0,192,91,26,60,-1,34,12,23,11,0,1,17,0,2,20,10,14,34,12,23,33,12,23,1017.91,1015.34,0.02,4.8,0.99
ICEREZ2,Europe/Madrid,2025-06-17T21:59:48Z,2025-06-17 23:59:48,1750197588,41.217,-3.59,817.35,7.0,127,82,25,52,-1,33,15,25,10,0,1,17,0,2,18,10,13,33,15,25,33,15,24,1018.32,1016.32,-0.02,0.0,0.0
ICEREZ2,Europe/Madrid,2025-06-18T21:59:46Z,2025-06-18 23:59:46,1750283986,41.217,-3.59,837.12,8.0,154,72,22,48,-1,35,17,26,11,0,1,18,0,2,19,9,14,35,17,26,36,17,26,1018.22,1015.34,0.04,0.0,0.0
ICEREZ2,Europe/Madrid,2025-06-19T21:59:59Z,2025-06-19 23:59:59,1750370399,41.217,-3.59,1020.02,9.0,159,83,25,55,-1,33,14,22,15,0,1,24,0,1,19,8,12,33,14,22,32,14,22,1019.74,1016.73,0.03,1.8,0.79
ICEREZ2,Europe/Madrid,2025-06-20T21:59:59Z,2025-06-20 23:59:59,1750456799,41.217,-3.59,943.39,9.0,131,77,24,53,-1,35,14,23,15,0,1,22,0,2,18,9,12,35,14,23,34,14,23,1018.93,1015.82,-0.06,5.99,1.3
ICEREZ2,Europe/Madrid,2025-06-21T21:59:56Z,2025-06-21 23:59:56,1750543196,41.217,-3.59,783.79,7.0,152,75,25,41,-1,35,18,27,14,0,3,22,0,4,17,8,12,35,18,27,34,18,27,1017.24,1012.94,-0.09,0.0,0.0
ICEREZ2,Europe/Madrid,2025-06-22T21:59:54Z,2025-06-22 23:59:54,1750629594,41.217,-3.59,994.96,9.0,158,91,30,57,-1,33,16,24,19,0,2,28,0,3,19,8,14,33,16,24,32,16,23,1016.32,1010.23,-0.1,32.41,8.89
ICEREZ2,Europe/Madrid,2025-06-23T21:59:53Z,2025-06-23 23:59:53,1750715993,41.217,-3.59,831.19,8.0,149,89,28,52,-1,33,16,25,24,0,2,33,0,4,21,10,14,33,16,25,33,16,25,1013.82,1009.92,-0.07,47.4,16.31
ICEREZ2,Europe/Madrid,2025-06-24T21:59:50Z,2025-06-24 23:59:50,1750802390,41.217,-3.59,910.41,8.0,229,93,37,72,-1,30,15,21,25,0,2,35,0,3,19,13,15,30,15,21,30,15,21,1014.73,1006.23,-0.2,21.59,6.3
ICEREZ2,Europe/Madrid,2025-06-25T21:59:46Z,2025-06-25 23:59:46,1750888786,41.217,-3.59,936.72,9.0,272,94,33,67,-1,27,13,19,16,0,3,24,0,4,15,9,13,27,13,19,27,13,19,1011.92,1006.13,0.23,0.0,0.0
ICEREZ2,Europe/Madrid,2025-06-26T21:59:46Z,2025-06-26 23:59:46,1750975186,41.217,-3.59,783.29,7.0,94,90,31,60,-1,31,10,20,10,0,1,11,0,2,17,8,11,31,10,20,30,10,20,1014.83,1011.62,0.13,0.0,0.0
ICEREZ2,Europe/Madrid,2025-06-27T21:59:44Z,2025-06-27 23:59:44,1751061584,41.217,-3.59,784.06,7.0,4,83,18,52,-1,35,13,23,13,0,1,17,0,2,16,6,11,35,13,23,33,13,23,1017.03,1014.43,0.08,0.0,0.0
ICEREZ2,Europe/Madrid,2025-06-28T21:59:58Z,2025-06-28 23:59:58,1751147998,41.217,-3.59,774.7,7.0,130,75,20,46,-1,35,14,25,10,0,1,17,0,1,19,7,11,35,14,25,36,14,24,1017.54,1015.51,0.0,0.0,0.0
ICEREZ2,Europe/Madrid,2025-06-29T21:59:56Z,2025-06-29 23:59:56,1751234396,41.217,-3.59,802.65,7.0,121,76,18,45,-1,36,14,25,13,0,1,18,0,1,19,7,11,36,14,25,34,14,25,1016.73,1012.63,-0.02,0.0,0.0
ICEREZ2,Europe/Madrid,2025-06-30T21:59:54Z,2025-06-30 23:59:54,1751320794,41.217,-3.59,803.09,7.0,116,60,23,40,-1,34,20,27,13,0,2,22,0,3,16,8,12,34,20,27,33,20,26,1017.03,1011.31,-0.12,0.0,0.0
ICEREZ2,Europe/Madrid,2025-07-01T21:59:53Z,2025-07-01 23:59:53,1751407193,41.217,-3.59,873.84,8.0,158,69,23,43,-1,35,16,26,18,0,1,26,0,2,17,7,11,35,16,26,35,16,25,1013.34,1008.23,-0.15,0.0,0.0
ICEREZ2,Europe/Madrid,2025-07-02T21:59:51Z,2025-07-02 23:59:51,1751493591,41.217,-3.59,864.83,8.0,147,69,29,42,-1,33,22,26,16,0,4,26,0,6,17,9,13,33,22,26,33,22,26,1012.63,1008.23,0.11,1.8,0.3
ICEREZ2,Europe/Madrid,2025-07-03T21:59:48Z,2025-07-03 23:59:48,1751579988,41.217,-3.59,759.76,7.0,152,66,27,45,-1,34,18,26,17,0,3,24,0,5,17,10,13,34,18,26,34,18,26,1014.53,1010.53,0.1,0.0,0.0
ICEREZ2,Europe/Madrid,2025-07-04T21:59:47Z,2025-07-04 23:59:47,1751666387,41.217,-3.59,781.88,7.0,152,92,27,51,-1,33,15,25,22,0,2,28,0,4,19,10,14,33,15,25,33,15,25,1016.02,1011.62,0.0,85.8,26.19
ICEREZ2,Europe/Madrid,2025-07-05T21:59:44Z,2025-07-05 23:59:44,1751752784,41.217,-3.59,908.39,8.0,138,85,30,57,-1,33,16,23,15,0,2,28,0,4,18,10,13,33,16,23,34,16,23,1016.83,1010.33,-0.03,4.8,1.19
ICEREZ2,Europe/Madrid,2025-07-06T21:59:58Z,2025-07-06 23:59:58,1751839198,41.217,-3.59,797.25,7.0,156,82,32,53,-1,31,14,23,19,0,3,31,0,5,16,10,13,31,14,23,31,14,23,1013.72,1008.53,-0.17,0.0,0.0
ICEREZ2,Europe/Madrid,2025-07-07T21:59:56Z,2025-07-07 23:59:56,1751925596,41.217,-3.59,863.51,8.0,25,89,31,61,-1,28,12,20,18,0,2,24,0,3,17,8,12,28,12,20,28,12,20,1010.84,1008.33,0.05,0.0,0.0
ICEREZ2,Europe/Madrid,2025-07-08T21:59:55Z,2025-07-08 23:59:55,1752011995,41.217,-3.59,788.08,7.0,57,90,27,58,-1,32,8,20,12,0,1,17,0,2,15,6,10,32,8,20,31,8,20,1014.02,1009.92,0.12,0.0,0.0
ICEREZ2,Europe/Madrid,2025-07-09T21:59:53Z,2025-07-09 23:59:53,1752098393,41.217,-3.59,890.05,8.0,99,93,35,64,-1,33,14,22,17,0,2,37,0,2,21,9,14,33,14,22,34,14,22,1017.24,1012.84,0.04,88.8,25.1
ICEREZ2,Europe/Madrid,2025-07-10T21:59:50Z,2025-07-10 23:59:50,1752184790,41.217,-3.59,777.91,7.0,133,92,24,55,-1,33,13,24,10,0,1,17,0,2,18,7,12,33,13,24,32,13,23,1015.44,1011.92,-0.07,0.0,0.0
ICEREZ2,Europe/Madrid,2025-07-11T21:59:48Z,2025-07-11 23:59:48,1752271188,41.217,-3.59,869.31,8.0,140,84,24,49,-1,29,13,23,14,0,2,22,0,3,16,5,10,29,13,23,28,13,22,1013.41,1007.92,-0.09,0.0,0.0
ICEREZ2,Europe/Madrid,2025-07-12T21:59:46Z,2025-07-12 23:59:46,1752357586,41.217,-3.59,929.49,9.0,126,88,35,58,-1,26,11,20,13,0,2,20,0,3,15,6,11,26,11,20,26,11,19,1011.41,1007.92,0.01,0.0,0.0
ICEREZ2,Europe/Madrid,2025-07-13T21:59:44Z,2025-07-13 23:59:44,1752443984,41.217,-3.59,984.97,9.0,62,89,30,58,-1,31,12,21,13,0,1,15,0,2,17,7,12,31,12,21,30,12,21,1015.44,1010.02,0.17,0.0,0.0
ICEREZ2,Europe/Madrid,2025-07-14T21:59:58Z,2025-07-14 23:59:58,1752530398,41.217,-3.59,881.89,8.0,23,82,25,53,-1,33,12,23,12,0,2,15,0,2,17,8,11,33,12,23,32,12,22,1017.81,1014.63,0.1,0.0,0.0
ICEREZ2,Europe/Madrid,2025-07-15T21:59:57Z,2025-07-15 23:59:57,1752616797,41.217,-3.59,777.2,7.0,104,82,28,53,-1,32,13,23,14,0,2,18,0,2,17,9,12,32,13,23,31,13,22,1019.74,1017.34,0.08,0.0,0.0
ICEREZ2,Europe/Madrid,2025-07-16T21:59:55Z,2025-07-16 23:59:55,1752703195,41.217,-3.59,783.3,7.0,160,76,15,43,-1,37,12,25,12,0,1,15,0,2,16,4,9,37,12,25,36,12,24,1019.81,1015.04,-0.13,0.0,0.0
ICEREZ2,Europe/Madrid,2025-07-17T21:59:53Z,2025-07-17 23:59:53,1752789593,41.217,-3.59,778.69,7.0,150,63,18,39,-1,37,14,26,17,0,2,28,0,3,17,5,9,37,14,26,35,14,25,1016.73,1011.82,-0.15,0.0,0.0
ICEREZ2,Europe/Madrid,2025-07-18T21:59:51Z,2025-07-18 23:59:51,1752875991,41.217,-3.59,758.29,7.0,44,78,28,49,-1,31,13,22,15,0,3,20,0,4,16,6,10,31,13,22,30,13,22,1013.34,1007.32,-0.1,0.0,0.0
ICEREZ2,Europe/Madrid,2025-07-19T21:59:49Z,2025-07-19 23:59:49,1752962389,41.217,-3.59,846.47,8.0,144,80,31,55,-1,27,14,20,19,0,3,26,0,5,13,7,10,27,14,20,27,14,20,1011.92,1008.33,-0.04,0.0,0.0
ICEREZ2,Europe/Madrid,2025-07-20T21:59:46Z,2025-07-20 23:59:46,1753048786,41.217,-3.59,986.69,9.0,312,84,41,56,-1,26,11,20,21,0,4,29,0,6,14,5,10,26,11,20,26,11,19,1009.72,1006.54,-0.01,0.0,0.0
ICEREZ2,Europe/Madrid,2025-07-21T21:59:45Z,2025-07-21 23:59:45,1753135185,41.217,-3.59,778.22,7.0,332,85,21,50,-1,28,7,18,12,0,2,17,0,3,10,3,6,28,7,18,27,7,17,1013.34,1008.94,0.18,0.0,0.0
ICEREZ2,Europe/Madrid,2025-07-22T21:59:58Z,2025-07-22 23:59:58,1753221598,41.217,-3.59,769.03,7.0,48,75,21,45,-1,31,9,20,17,0,2,18,0,3,11,4,7,31,9,20,29,9,20,1014.33,1011.92,0.02,0.0,0.0
ICEREZ2,Europe/Madrid,2025-07-23T21:59:56Z,2025-07-23 23:59:56,1753307996,41.217,-3.59,970.83,9.0,208,76,31,54,-1,29,13,20,16,0,2,20,0,3,15,6,10,29,13,20,28,13,20,1013.82,1010.33,-0.06,0.0,0.0
ICEREZ2,Europe/Madrid,2025-07-24T21:59:54Z,2025-07-24 23:59:54,1753394394,41.217,-3.59,981.76,9.0,102,89,28,59,-1,25,7,16,18,0,2,24,0,3,10,5,7,25,7,16,24,7,16,1015.24,1011.24,0.11,0.0,0.0
ICEREZ2,Europe/Madrid,2025-07-25T21:59:52Z,2025-07-25 23:59:52,1753480792,41.217,-3.59,770.53,7.0,69,88,24,55,-1,27,5,16,15,0,2,20,0,3,10,3,6,27,5,16,27,5,16,1016.63,1013.41,0.06,0.0,0.0
ICEREZ2,Europe/Madrid,2025-07-26T21:59:50Z,2025-07-26 23:59:50,1753567190,41.217,-3.59,768.18,7.0,15,84,24,52,-1,29,7,18,14,0,2,18,0,3,11,4,7,29,7,18,28,7,18,1018.22,1015.44,0.06,0.0,0.0
ICEREZ2,Europe/Madrid,2025-07-27T21:59:38Z,2025-07-27 23:59:38,1753653578,41.217,-3.59,767.51,7.0,16,76,24,47,-1,31,11,21,19,0,2,22,0,3,13,5,8,31,11,21,29,11,20,1018.32,1014.63,-0.1,0.0,0.0
ICEREZ2,Europe/Madrid,2025-07-28T21:59:47Z,2025-07-28 23:59:47,1753739987,41.217,-3.59,764.46,7.0,75,80,32,53,-1,28,11,19,17,0,2,22,0,3,13,7,9,28,11,19,27,11,19,1017.71,1014.83,0.09,0.0,0.0
ICEREZ2,Europe/Madrid,2025-07-29T21:59:44Z,2025-07-29 23:59:44,1753826384,41.217,-3.59,767.17,7.0,89,89,29,58,-1,28,7,17,15,0,2,17,0,3,12,5,8,28,7,17,27,7,17,1018.12,1015.04,-0.01,0.0,0.0
ICEREZ2,Europe/Madrid,2025-07-30T21:59:59Z,2025-07-30 23:59:59,1753912799,41.217,-3.59,762.18,7.0,20,88,22,54,-1,30,8,19,13,0,1,15,0,2,13,6,8,30,8,19,29,8,19,1017.71,1015.04,-0.03,0.0,0.0
ICEREZ2,Europe/Madrid,2025-07-31T21:59:57Z,2025-07-31 23:59:57,1753999197,41.217,-3.59,755.41,7.0,352,79,26,51,-1,32,11,21,15,0,2,22,0,3,15,7,9,32,11,21,30,11,21,1016.93,1013.34,-0.07,0.0,0.0
ICEREZ2,Europe/Madrid,2025-08-01T21:59:55Z,2025-08-01 23:59:55,1754085595,41.217,-3.59,833.15,8.0,39,70,25,46,-1,32,12,22,17,0,2,20,0,3,14,5,9,32,12,22,31,12,21,1015.04,1011.14,-0.08,0.0,0.0
ICEREZ2,Europe/Madrid,2025-08-02T21:59:52Z,2025-08-02 23:59:52,1754171992,41.217,-3.59,876.39,8.0,149,77,28,52,-1,32,14,22,10,0,1,18,0,2,19,9,11,32,14,22,31,14,22,1014.12,1011.51,0.04,0.0,0.0
ICEREZ2,Europe/Madrid,2025-08-03T21:59:50Z,2025-08-03 23:59:50,1754258390,41.217,-3.59,743.91,7.0,83,71,24,46,-1,33,13,23,15,0,2,20,0,3,15,7,10,33,13,23,32,13,23,1018.02,1013.51,0.16,0.0,0.0
ICEREZ2,Europe/Madrid,2025-08-04T21:59:49Z,2025-08-04 23:59:49,1754344789,41.217,-3.59,740.51,7.0,151,67,19,39,-1,35,15,25,24,0,2,28,0,3,15,4,9,35,15,25,33,15,24,1019.03,1016.93,0.05,0.0,0.0
ICEREZ2,Europe/Madrid,2025-08-05T21:59:47Z,2025-08-05 23:59:47,1754431187,41.217,-3.59,732.92,7.0,215,64,19,39,-1,37,15,26,18,0,2,28,0,2,15,7,10,37,15,26,35,15,25,1019.44,1016.32,-0.06,0.0,0.0
ICEREZ2,Europe/Madrid,2025-08-06T21:59:45Z,2025-08-06 23:59:45,1754517585,41.217,-3.59,849.27,8.0,126,68,26,44,-1,34,16,26,17,0,2,24,0,4,17,8,12,34,16,26,33,16,25,1017.61,1014.22,-0.07,0.0,0.0
ICEREZ2,Europe/Madrid,2025-08-07T21:59:59Z,2025-08-07 23:59:59,1754603999,41.217,-3.59,716.73,6.0,104,65,16,38,-1,37,16,27,17,0,2,20,0,2,17,3,10,37,16,27,36,16,26,1016.22,1014.02,0.0,0.0,0.0
ICEREZ2,Europe/Madrid,2025-08-08T21:59:58Z,2025-08-08 23:59:58,1754690398,41.217,-3.59,777.84,7.0,357,50,15,31,-1,38,16,27,15,0,2,20,0,2,17,3,8,38,16,27,36,16,26,1017.44,1015.04,0.04,0.0,0.0
ICEREZ2,Europe/Madrid,2025-08-09T21:59:56Z,2025-08-09 23:59:56,1754776796,41.217,-3.59,791.03,7.0,100,62,18,34,-1,37,16,28,14,0,2,22,0,3,16,4,10,37,16,28,36,16,27,1018.42,1016.22,0.07,0.0,0.0
ICEREZ2,Europe/Madrid,2025-08-10T21:59:54Z,2025-08-10 23:59:54,1754863194,41.217,-3.59,716.87,6.0,154,47,21,28,-1,36,24,31,17,0,3,26,0,5,14,6,10,36,24,31,36,24,30,1020.32,1017.24,0.04,0.0,0.0
ICEREZ2,Europe/Madrid,2025-08-11T21:59:51Z,2025-08-11 23:59:51,1754949591,41.217,-3.59,716.93,6.0,157,44,17,30,-1,37,24,30,17,0,4,29,0,5,16,8,10,37,24,30,36,23,29,1019.34,1015.24,-0.05,0.0,0.0
ICEREZ2,Europe/Madrid,2025-08-12T21:59:50Z,2025-08-12 23:59:50,1755035990,41.217,-3.59,849.27,8.0,144,55,18,34,-1,36,21,27,20,0,3,31,0,4,14,6,10,36,21,27,35,21,27,1018.52,1014.53,-0.04,0.0,0.0
ICEREZ2,Europe/Madrid,2025-08-13T21:59:48Z,2025-08-13 23:59:48,1755122388,41.217,-3.59,855.27,8.0,93,62,24,43,-1,33,19,25,19,0,2,22,0,2,14,8,11,33,19,25,32,19,24,1017.44,1013.92,-0.07,0.0,0.0
ICEREZ2,Europe/Madrid,2025-08-14T21:59:46Z,2025-08-14 23:59:46,1755208786,41.217,-3.59,839.17,8.0,146,60,23,37,-1,34,18,27,14,0,2,24,0,4,15,7,11,34,18,27,33,18,26,1016.73,1013.92,0.04,0.0,0.0
ICEREZ2,Europe/Madrid,2025-08-15T21:59:44Z,2025-08-15 23:59:44,1755295184,41.217,-3.59,695.06,6.0,152,54,19,31,-1,37,21,29,17,0,4,31,0,6,15,9,11,37,21,29,36,21,29,1018.83,1015.82,0.09,0.0,0.0
ICEREZ2,Europe/Madrid,2025-08-16T21:59:58Z,2025-08-16 23:59:58,1755381598,41.217,-3.59,680.99,6.0,118,53,13,31,-1,37,17,27,15,0,1,18,0,2,16,3,7,37,17,27,35,17,26,1019.64,1017.03,-0.03,0.0,0.0
ICEREZ2,Europe/Madrid,2025-08-17T21:59:56Z,2025-08-17 23:59:56,1755467996,41.217,-3.59,689.44,6.0,141,56,20,34,-1,36,19,26,15,0,2,26,0,3,18,4,9,36,19,26,35,19,26,1018.32,1014.12,-0.13,1.8,0.3
ICEREZ2,Europe/Madrid,2025-08-18T21:59:54Z,2025-08-18 23:59:54,1755554394,41.217,-3.59,545.73,5.0,144,54,28,39,-1,31,16,24,12,0,2,18,0,3,13,6,10,31,16,24,30,16,24,1015.14,1011.04,-0.12,0.0,0.0
ICEREZ2,Europe/Madrid,2025-08-19T21:59:51Z,2025-08-19 23:59:51,1755640791,41.217,-3.59,588.36,5.0,24,77,31,59,-1,27,9,17,19,0,2,24,0,3,15,4,9,27,9,17,26,9,17,1013.41,1009.41,0.03,0.0,0.0
ICEREZ2,Europe/Madrid,2025-08-20T21:59:50Z,2025-08-20 23:59:50,1755727190,41.217,-3.59,739.14,7.0,10,87,33,61,-1,25,9,16,14,0,2,20,0,3,11,6,8,25,9,16,24,9,16,1014.63,1012.43,0.04,0.0,0.0
ICEREZ2,Europe/Madrid,2025-08-21T21:59:47Z,2025-08-21 23:59:47,1755813587,41.217,-3.59,815.02,7.0,90,88,37,62,-1,25,7,16,13,0,1,17,0,2,11,5,8,25,7,16,25,7,16,1017.14,1013.41,0.13,0.0,0.0
ICEREZ2,Europe/Madrid,2025-08-22T21:59:46Z,2025-08-22 23:59:46,1755899986,41.217,-3.59,691.16,6.0,40,87,23,55,-1,28,8,17,14,0,2,17,0,2,11,4,7,28,8,17,27,8,17,1017.24,1014.73,-0.02,0.0,0.0
ICEREZ2,Europe/Madrid,2025-08-23T21:59:59Z,2025-08-23 23:59:59,1755986399,41.217,-3.59,660.2,6.0,345,74,23,44,-1,31,8,20,14,0,2,20,0,2,11,3,6,31,8,20,30,8,19,1016.83,1013.34,-0.06,0.0,0.0
ICEREZ2,Europe/Madrid,2025-08-24T21:59:57Z,2025-08-24 23:59:57,1756072797,41.217,-3.59,676.23,6.0,154,69,19,40,-1,32,13,23,14,0,2,18,0,3,13,2,7,32,13,23,30,13,22,1015.51,1013.34,0.01,0.0,0.0
ICEREZ2,Europe/Madrid,2025-08-25T21:59:56Z,2025-08-25 23:59:56,1756159196,41.217,-3.59,923.65,9.0,168,59,25,40,-1,32,15,24,16,0,2,24,0,3,13,4,9,32,15,24,31,15,23,1017.24,1014.22,0.0,0.0,0.0
ICEREZ2,Europe/Madrid,2025-08-26T21:59:53Z,2025-08-26 23:59:53,1756245593,41.217,-3.59,774.96,7.0,162,94,31,64,-1,32,17,22,17,0,2,24,0,2,20,8,14,32,17,22,31,17,22,1015.82,1011.41,-0.13,24.61,15.19
ICEREZ2,Europe/Madrid,2025-08-27T21:59:52Z,2025-08-27 23:59:52,1756331992,41.217,-3.59,715.33,6.0,317,93,34,62,-1,28,14,21,18,0,3,26,0,4,17,5,12,28,14,21,28,14,21,1012.43,1008.43,-0.03,0.0,0.0
ICEREZ2,Europe/Madrid,2025-08-28T21:59:49Z,2025-08-28 23:59:49,1756418389,41.217,-3.59,830.14,8.0,328,82,29,54,-1,23,10,16,18,0,4,22,0,6,10,2,7,23,10,16,22,10,16,1013.82,1011.24,0.1,0.0,0.0
ICEREZ2,Europe/Madrid,2025-08-29T21:59:47Z,2025-08-29 23:59:47,1756504787,41.217,-3.59,846.24,8.0,235,76,39,58,-1,23,11,16,21,0,5,31,0,6,11,3,8,23,11,16,22,11,16,1015.34,1013.34,0.06,0.0,0.0
ICEREZ2,Europe/Madrid,2025-08-30T21:59:45Z,2025-08-30 23:59:45,1756591185,41.217,-3.59,812.7,7.0,324,83,32,58,-1,28,14,20,20,0,3,26,0,5,14,9,11,28,14,20,27,14,20,1017.14,1013.41,-0.02,0.0,0.0
ICEREZ2,Europe/Madrid,2025-08-31T21:59:58Z,2025-08-31 23:59:58,1756677598,41.217,-3.59,748.31,7.0,23,83,40,60,-1,24,10,17,24,0,5,31,0,6,14,5,9,24,10,17,24,10,17,1015.14,1009.82,-0.09,0.0,0.0
ICEREZ2,Europe/Madrid,2025-09-01T21:59:56Z,2025-09-01 23:59:56,1756763996,41.217,-3.59,875.42,8.0,326,78,35,58,-1,20,9,14,18,0,5,22,0,6,7,3,5,20,9,14,20,9,14,1017.03,1012.53,0.18,0.0,0.0
ICEREZ2,Europe/Madrid,2025-09-02T21:59:54Z,2025-09-02 23:59:54,1756850394,41.217,-3.59,817.22,7.0,34,85,39,61,-1,23,7,15,17,0,3,22,0,4,11,3,7,23,7,15,23,7,14,1018.52,1016.02,0.04,0.0,0.0
ICEREZ2,Europe/Madrid,2025-09-03T21:59:52Z,2025-09-03 23:59:52,1756936792,41.217,-3.59,699.79,6.0,240,88,30,58,-1,29,9,18,19,0,3,28,0,4,12,7,9,29,9,18,28,9,18,1018.02,1013.92,-0.12,0.0,0.0
ICEREZ2,Europe/Madrid,2025-09-04T21:59:50Z,2025-09-04 23:59:50,1757023190,41.217,-3.59,653.72,6.0,41,84,32,61,-1,24,10,17,16,0,3,20,0,4,12,4,8,24,10,17,24,10,16,1018.42,1014.53,0.13,0.0,0.0
ICEREZ2,Europe/Madrid,2025-09-05T21:59:48Z,2025-09-05 23:59:48,1757109588,41.217,-3.59,659.03,6.0,138,82,25,53,-1,29,6,18,14,0,2,24,0,3,14,3,7,29,6,18,28,6,18,1018.73,1015.44,-0.09,0.0,0.0
ICEREZ2,Europe/Madrid,2025-09-06T21:59:47Z,2025-09-06 23:59:47,1757195987,41.217,-3.59,647.99,6.0,151,74,30,51,-1,30,18,23,21,0,6,35,0,9,15,9,12,30,18,23,29,18,23,1016.63,1012.53,-0.12,0.0,0.0
ICEREZ2,Europe/Madrid,2025-09-07T21:59:44Z,2025-09-07 23:59:44,1757282384,41.217,-3.59,775.45,7.0,162,83,37,57,-1,26,15,21,21,0,3,31,0,5,15,10,12,26,15,21,26,15,21,1017.61,1012.84,0.16,0.0,0.0
ICEREZ2,Europe/Madrid,2025-09-08T21:59:57Z,2025-09-08 23:59:57,1757368797,41.217,-3.59,908.58,8.0,330,89,34,67,-1,25,12,18,14,0,2,18,0,2,15,7,11,25,12,18,25,12,18,1017.54,1013.61,-0.09,0.0,0.0
ICEREZ2,Europe/Madrid,2025-09-09T21:59:55Z,2025-09-09 23:59:55,1757455195,41.217,-3.59,834.71,8.0,347,90,36,66,-1,22,6,14,15,0,2,22,0,3,11,3,7,22,6,14,22,6,14,1015.92,1013.14,0.01,0.0,0.0
ICEREZ2,Europe/Madrid,2025-09-10T21:59:53Z,2025-09-10 23:59:53,1757541593,41.217,-3.59,899.21,8.0,186,91,57,72,-1,22,9,15,21,0,3,26,0,5,14,2,10,22,9,15,22,9,15,1017.24,1014.22,0.07,1.8,0.3
ICEREZ2,Europe/Madrid,2025-09-11T21:59:51Z,2025-09-11 23:59:51,1757627991,41.217,-3.59,639.78,6.0,325,86,37,62,-1,25,11,17,19,0,4,22,0,5,12,7,10,25,11,17,24,11,17,1020.83,1016.83,0.14,0.0,0.0
ICEREZ2,Europe/Madrid,2025-09-12T21:59:49Z,2025-09-12 23:59:49,1757714389,41.217,-3.59,770.07,7.0,215,91,37,63,-1,26,11,18,17,0,3,22,0,4,14,8,11,26,11,18,26,11,18,1020.62,1017.44,-0.08,0.0,0.0
ICEREZ2,Europe/Madrid,2025-09-13T21:59:47Z,2025-09-13 23:59:47,1757800787,41.217,-3.59,668.88,6.0,30,86,22,57,-1,25,11,18,19,0,3,26,0,4,13,2,8,25,11,18,24,11,17,1020.32,1017.03,0.07,0.0,0.0
ICEREZ2,Europe/Madrid,2025-09-14T21:59:45Z,2025-09-14 23:59:45,1757887185,41.217,-3.59,622.02,6.0,53,86,34,58,-1,29,9,18,12,0,1,17,0,2,13,3,9,29,9,18,28,9,18,1022.32,1013.14,-0.25,0.0,0.0
ICEREZ2,Europe/Madrid,2025-09-18T21:59:53Z,2025-09-18 23:59:53,1758232793,41.217,-3.59,587.55,5.0,157,64,20,40,-1,34,13,23,17,0,1,22,0,2,13,5,8,34,13,23,32,13,22,1014.83,1012.63,0.0,0.0,0.0
ICEREZ2,Europe/Madrid,2025-09-19T21:59:51Z,2025-09-19 23:59:51,1758319191,41.217,-3.59,748.44,7.0,182,62,27,39,-1,31,16,24,23,0,2,31,0,3,13,5,9,31,16,24,30,16,23,1015.34,1011.31,-0.05,0.0,0.0
ICEREZ2,Europe/Madrid,2025-09-21T21:59:47Z,2025-09-21 23:59:47,1758491987,41.217,-3.59,733.98,7.0,315,84,35,63,-1,20,8,15,18,0,3,24,0,5,12,0,8,20,8,15,20,8,15,1008.94,1005.62,-0.01,1.8,0.3
ICEREZ2,Europe/Madrid,2025-09-22T21:59:44Z,2025-09-22 23:59:44,1758578384,41.217,-3.59,659.27,6.0,5,91,36,65,-1,17,1,8,15,0,2,20,0,3,5,-1,1,17,1,8,17,1,8,1010.02,1007.21,0.02,0.0,0.0
ICEREZ2,Europe/Madrid,2025-09-23T21:59:58Z,2025-09-23 23:59:58,1758664798,41.217,-3.59,621.83,6.0,81,90,31,66,-1,18,1,8,14,0,2,18,0,2,6,-1,2,18,1,8,18,1,8,1011.92,1008.53,0.11,0.0,0.0
ICEREZ2,Europe/Madrid,2025-09-24T21:59:57Z,2025-09-24 23:59:57,1758751197,41.217,-3.59,597.4,5.0,2,87,24,58,-1,20,-1,8,12,0,1,15,0,2,3,-5,-1,20,-1,8,20,-1,8,1012.12,1008.64,-0.05,0.0,0.0
ICEREZ2,Europe/Madrid,2025-09-25T21:59:56Z,2025-09-25 23:59:56,1758837596,41.217,-3.59,579.71,5.0,168,87,25,55,-1,21,1,10,16,0,2,18,0,2,4,-3,0,21,1,10,21,1,10,1010.84,1008.13,-0.04,0.0,0.0
ICEREZ2,Europe/Madrid,2025-09-26T21:59:53Z,2025-09-26 23:59:53,1758923993,41.217,-3.59,565.58,5.0,68,75,22,47,-1,23,4,13,15,0,2,20,0,3,5,-1,1,23,4,13,22,4,12,1010.13,1007.62,-0.02,0.0,0.0
ICEREZ2,Europe/Madrid,2025-09-27T21:59:51Z,2025-09-27 23:59:51,1759010391,41.217,-3.59,623.48,6.0,189,63,21,40,-1,25,6,16,12,0,2,20,0,3,5,-2,1,25,6,16,24,6,15,1009.62,1006.94,-0.06,0.0,0.0
ICEREZ2,Europe/Madrid,2025-09-28T21:59:49Z,2025-09-28 23:59:49,1759096789,41.217,-3.59,322.39,3.0,323,90,34,60,-1,20,14,16,18,0,1,28,0,2,13,3,8,20,14,16,20,14,16,1007.72,1004.74,-0.01,3.0,2.01
ICEREZ2,Europe/Madrid,2025-09-29T21:59:47Z,2025-09-29 23:59:47,1759183187,41.217,-3.59,763.25,7.0,132,85,48,67,-1,20,10,15,15,0,3,24,0,5,10,8,9,20,10,15,20,10,15,1010.13,1006.84,0.1,0.0,0.0
ICEREZ2,Europe/Madrid,2025-09-30T21:59:46Z,2025-09-30 23:59:46,1759269586,41.217,-3.59,668.0,6.0,168,92,48,69,-1,20,6,14,7,0,0,11,0,0,10,5,8,20,6,14,20,6,14,1012.12,1008.84,0.08,0.0,0.0
ICEREZ2,Europe/Madrid,2025-10-01T21:59:59Z,2025-10-01 23:59:59,1759355999,41.217,-3.59,535.92,5.0,116,91,23,59,-1,25,8,15,13,0,1,18,0,2,11,-3,6,25,8,15,24,8,15,1013.41,1011.04,0.03,0.0,0.0
ICEREZ2,Europe/Madrid,2025-10-02T21:59:57Z,2025-10-02 23:59:57,1759442397,41.217,-3.59,530.06,5.0,267,60,17,39,-1,26,5,14,14,0,2,17,0,2,2,-3,-1,26,5,14,25,5,14,1013.34,1010.84,0.0,0.0,0.0
ICEREZ2,Europe/Madrid,2025-10-03T21:59:55Z,2025-10-03 23:59:55,1759528795,41.217,-3.59,493.68,4.0,174,63,32,48,-1,25,8,15,15,0,1,18,0,2,9,-1,4,25,8,15,25,8,15,1013.82,1011.41,0.02,0.0,0.0
ICEREZ2,Europe/Madrid,2025-10-04T21:59:52Z,2025-10-04 23:59:52,1759615192,41.217,-3.59,519.23,5.0,271,76,37,56,-1,25,8,17,15,0,2,18,0,3,10,4,7,25,8,17,25,8,16,1013.51,1010.13,-0.07,0.0,0.0
ICEREZ2,Europe/Madrid,2025-10-05T21:59:51Z,2025-10-05 23:59:51,1759701591,41.217,-3.59,515.66,5.0,347,91,29,63,-1,21,6,13,22,0,1,28,0,2,9,1,5,21,6,13,21,6,13,1013.72,1011.14,0.09,0.0,0.0
ICEREZ2,Europe/Madrid,2025-10-07T21:59:47Z,2025-10-07 23:59:47,1759874387,41.217,-3.59,495.97,4.0,227,87,33,59,-1,26,9,16,12,0,1,17,0,2,11,3,8,26,9,16,26,9,16,1014.12,1011.31,-0.06,0.0,0.0
ICEREZ2,Europe/Madrid,2025-10-08T21:59:45Z,2025-10-08 23:59:45,1759960785,41.217,-3.59,589.12,5.0,192,92,40,71,-1,24,11,15,19,0,1,22,0,2,14,5,9,24,11,15,24,11,15,1014.33,1010.53,0.04,111.0,51.79
ICEREZ2,Europe/Madrid,2025-10-09T21:59:59Z,2025-10-09 23:59:59,1760047199,41.217,-3.59,589.77,5.0,345,97,40,61,-1,22,7,16,13,0,2,18,0,3,11,6,8,22,7,16,22,7,16,1015.51,1012.33,0.08,0.0,0.0
ICEREZ2,Europe/Madrid,2025-10-10T21:59:57Z,2025-10-10 23:59:57,1760133597,41.217,-3.59,687.33,6.0,214,93,44,70,-1,21,5,13,9,0,1,11,0,1,10,3,7,21,5,13,21,5,13,1017.03,1015.04,0.05,0.0,0.0
ICEREZ2,Europe/Madrid,2025-10-11T21:59:54Z,2025-10-11 23:59:54,1760219994,41.217,-3.59,645.93,6.0,158,94,39,69,-1,22,6,14,12,0,2,18,0,2,10,5,8,22,6,14,22,6,14,1017.03,1013.61,-0.06,0.0,0.0
ICEREZ2,Europe/Madrid,2025-10-12T21:59:53Z,2025-10-12 23:59:53,1760306393,41.217,-3.59,678.67,6.0,170,92,44,69,-1,22,8,15,10,0,1,17,0,2,11,6,9,22,8,15,22,8,15,1015.04,1010.94,-0.13,0.0,0.0
ICEREZ2,Europe/Madrid,2025-10-14T21:59:49Z,2025-10-14 23:59:49,1760479189,41.217,-3.59,552.15,5.0,145,95,38,75,-1,24,7,13,9,0,1,11,0,1,12,6,8,24,7,13,23,7,13,1012.33,1010.13,0.05,0.0,0.0
ICEREZ2,Europe/Madrid,2025-10-15T21:59:46Z,2025-10-15 23:59:46,1760565586,41.217,-3.59,454.08,4.0,0,94,22,65,-1,24,7,14,9,0,1,13,0,1,11,1,6,24,7,14,23,7,13,1012.63,1009.82,-0.05,0.0,0.0
ICEREZ2,Europe/Madrid,2025-10-19T21:59:55Z,2025-10-19 23:59:55,1760911195,41.217,-3.59,587.19,5.0,151,92,41,58,-1,21,9,15,17,0,3,24,0,5,12,4,7,21,9,15,21,9,15,1011.72,1005.32,-0.22,5.99,2.79
ICEREZ2,Europe/Madrid,2025-10-20T21:59:53Z,2025-10-20 23:59:53,1760997593,41.217,-3.59,764.55,7.0,124,96,63,83,-1,16,11,13,19,0,4,26,0,5,13,8,10,16,11,13,16,11,13,1006.43,1003.42,0.0,4.8,6.3
ICEREZ2,Europe/Madrid,2025-10-21T21:59:51Z,2025-10-21 23:59:51,1761083991,41.217,-3.59,741.83,7.0,279,96,71,87,-1,19,11,15,19,0,3,28,0,4,15,9,12,19,11,15,19,11,15,1006.54,1003.93,0.03,8.99,9.4
ICEREZ2,Europe/Madrid,2025-10-22T21:59:48Z,2025-10-22 23:59:48,1761170388,41.217,-3.59,588.62,5.0,354,93,66,82,-1,18,13,15,18,0,4,29,0,6,13,11,12,18,13,15,18,13,15,1008.74,1006.33,0.07,1.8,1.09
ICEREZ2,Europe/Madrid,2025-10-23T21:59:47Z,2025-10-23 23:59:47,1761256787,41.217,-3.59,501.77,4.0,315,88,41,66,-1,16,9,14,29,0,7,42,0,10,13,2,8,16,9,14,16,9,14,1010.74,1005.72,0.08,1.8,0.71
ICEREZ2,Europe/Madrid,2025-10-24T21:59:44Z,2025-10-24 23:59:44,1761343184,41.217,-3.59,574.49,5.0,244,96,59,82,-1,16,8,13,13,0,1,17,0,2,14,2,10,16,8,13,16,8,13,1010.43,1007.11,-0.1,73.2,32.0
ICEREZ2,Europe/Madrid,2025-10-25T21:59:58Z,2025-10-25 23:59:58,1761429598,41.217,-3.59,230.87,2.0,254,97,88,93,-1,14,9,12,13,0,2,18,0,3,13,8,11,14,9,12,14,9,12,1008.94,1006.13,0.04,21.59,28.19
ICEREZ2,Europe/Madrid,2025-10-26T22:59:56Z,2025-10-26 23:59:56,1761519596,41.217,-3.59,730.72,7.0,77,96,52,83,-1,14,1,8,11,0,1,15,0,2,8,0,5,14,1,8,14,1,8,1014.63,1007.72,0.22,1.8,1.5
ICEREZ2,Europe/Madrid,2025-10-27T22:59:54Z,2025-10-27 23:59:54,1761605994,41.217,-3.59,399.51,3.0,89,96,26,72,-1,19,0,7,8,0,1,9,0,1,6,-3,1,19,0,7,19,0,7,1015.34,1013.24,-0.03,1.8,0.3
ICEREZ2,Europe/Madrid,2025-10-28T22:59:52Z,2025-10-28 23:59:52,1761692392,41.217,-3.59,459.76,4.0,176,86,20,51,-1,20,1,11,17,0,2,31,0,3,6,-7,-1,20,1,11,20,1,11,1013.72,1003.62,-0.39,0.0,0.0
ICEREZ2,Europe/Madrid,2025-10-29T22:59:50Z,2025-10-29 23:59:50,1761778790,41.217,-3.59,253.72,2.0,180,97,59,84,-1,15,8,12,14,0,1,18,0,2,11,3,9,15,8,12,15,8,12,1015.04,1000.34,0.45,5.99,5.79
ICEREZ2,Europe/Madrid,2025-10-30T22:59:48Z,2025-10-30 23:59:48,1761865188,41.217,-3.59,534.8,5.0,156,98,65,82,-1,16,6,12,14,0,2,20,0,3,10,5,9,16,6,12,16,6,12,1018.52,1014.63,0.11,0.0,0.0
ICEREZ2,Europe/Madrid,2025-10-31T22:59:46Z,2025-10-31 23:59:46,1761951586,41.217,-3.59,500.16,4.0,155,89,63,75,-1,16,8,12,18,0,5,31,0,8,10,6,8,16,7,12,16,8,12,1018.42,1016.42,-0.02,0.0,0.0
ICEREZ2,Europe/Madrid,2025-11-01T22:59:59Z,2025-11-01 23:59:59,1762037999,41.217,-3.59,191.43,1.0,155,96,69,86,-1,14,10,12,19,0,3,31,0,5,11,8,10,14,9,12,14,10,12,1023.64,1016.22,0.26,3.0,3.81
ICEREZ2,Europe/Madrid,2025-11-02T22:59:58Z,2025-11-02 23:59:58,1762124398,41.217,-3.59,395.54,3.0,292,95,62,85,-1,12,3,8,15,0,2,24,0,3,9,2,5,12,3,8,12,3,8,1028.04,1022.22,0.18,0.0,0.0
ICEREZ2,Europe/Madrid,2025-11-03T22:59:57Z,2025-11-03 23:59:57,1762210797,41.217,-3.59,366.7,3.0,169,96,29,68,-1,20,1,9,14,0,1,20,0,2,8,0,3,20,1,9,20,1,9,1027.94,1023.54,-0.15,0.0,0.0
ICEREZ2,Europe/Madrid,2025-11-04T22:59:54Z,2025-11-04 23:59:54,1762297194,41.217,-3.59,365.28,3.0,154,66,32,51,-1,19,8,14,26,0,5,42,0,8,8,-1,4,19,7,14,19,8,14,1024.21,1019.13,-0.19,0.0,0.0
ICEREZ2,Europe/Madrid,2025-11-05T22:59:53Z,2025-11-05 23:59:53,1762383593,41.217,-3.59,475.66,4.0,140,93,45,69,-1,18,8,13,27,0,7,42,0,11,10,6,8,18,7,13,18,8,13,1019.64,1010.33,-0.25,27.61,12.5
ICEREZ2,Europe/Madrid,2025-11-07T22:59:39Z,2025-11-07 23:59:39,1762556379,41.217,-3.59,183.0,1.0,305,95,85,90,-1,12,7,9,17,0,3,26,0,4,11,5,7,12,5,9,12,7,9,1017.91,1015.04,-0.07,3.0,4.29
ICEREZ2,Europe/Madrid,2025-11-08T22:59:46Z,2025-11-08 23:59:46,1762642786,41.217,-3.59,475.23,4.0,335,95,66,85,-1,9,1,6,24,0,3,31,0,4,8,0,4,9,1,6,9,1,6,1024.72,1016.02,0.34,16.79,9.7
ICEREZ2,Europe/Madrid,2025-11-09T22:59:45Z,2025-11-09 23:59:45,1762729185,41.217,-3.59,327.04,3.0,300,96,51,82,-1,14,-1,5,8,0,1,9,0,1,5,-1,2,14,-1,5,14,-1,5,1024.62,1020.52,-0.16,0.0,0.0
ICEREZ2,Europe/Madrid,2025-11-10T22:59:44Z,2025-11-10 23:59:44,1762815584,41.217,-3.59,319.64,3.0,221,96,69,87,-1,12,1,6,10,0,1,15,0,1,8,0,4,12,1,6,12,1,6,1021.23,1019.24,-0.01,1.19,0.2
ICEREZ2,Europe/Madrid,2025-11-11T22:59:58Z,2025-11-11 23:59:58,1762901998,41.217,-3.59,362.1,3.0,158,91,59,75,-1,13,7,10,21,0,4,35,0,7,7,4,6,13,6,10,13,7,10,1020.62,1014.93,-0.21,0.0,0.0
ICEREZ2,Europe/Madrid,2025-11-12T22:59:56Z,2025-11-12 23:59:56,1762988396,41.217,-3.59,329.89,3.0,167,63,32,43,-1,19,11,15,34,0,7,51,0,12,6,-2,3,19,11,15,19,11,15,1015.34,1010.94,-0.08,0.0,0.0
ICEREZ2,Europe/Madrid,2025-11-13T22:59:53Z,2025-11-13 23:59:53,1763074793,41.217,-3.59,423.52,4.0,164,88,47,69,-1,16,11,13,29,0,6,57,0,10,10,3,8,16,11,13,16,11,13,1015.61,1006.84,-0.25,5.99,16.0
ICEREZ2,Europe/Madrid,2025-11-14T22:59:51Z,2025-11-14 23:59:51,1763161191,41.217,-3.59,423.52,4.0,171,90,66,80,-1,12,8,10,30,0,7,55,0,11,10,4,7,12,5,10,12,8,10,1011.04,1004.74,0.14,10.8,20.29
ICEREZ2,Europe/Madrid,2025-11-16T22:59:48Z,2025-11-16 23:59:48,1763333988,41.217,-3.59,476.99,4.0,209,96,63,84,-1,12,4,8,18,0,1,22,0,2,7,4,5,12,4,8,12,4,8,1018.42,1015.71,0.07,1.8,0.79
ICEREZ2,Europe/Madrid,2025-11-17T22:59:46Z,2025-11-17 23:59:46,1763420386,41.217,-3.59,477.4,4.0,125,97,67,90,-1,12,5,7,9,0,1,11,0,1,8,4,6,12,5,7,12,5,7,1024.62,1018.02,0.26,7.8,7.29
ICEREZ2,Europe/Madrid,2025-11-18T22:59:59Z,2025-11-18 23:59:59,1763506799,41.217,-3.59,380.36,3.0,338,97,65,87,-1,9,-1,4,13,0,2,17,0,2,6,-2,2,9,-1,4,9,-1,4,1026.21,1023.74,-0.01,0.0,0.0
ICEREZ2,Europe/Madrid,2025-11-19T22:59:59Z,2025-11-19 23:59:59,1763593199,41.217,-3.59,259.44,2.0,9,96,62,85,-1,7,-2,2,9,0,1,15,0,1,2,-2,0,7,-2,2,7,-2,2,1024.11,1021.44,-0.03,0.0,0.0
ICEREZ2,Europe/Madrid,2025-11-21T22:59:56Z,2025-11-21 23:59:56,1763765996,41.217,-3.59,474.13,4.0,242,95,57,82,-1,5,-3,0,18,0,3,28,0,4,0,-5,-2,5,-4,0,5,-3,0,1033.63,1025.03,0.34,0.0,0.0
ICEREZ2,Europe/Madrid,2025-11-22T22:59:55Z,2025-11-22 23:59:55,1763852395,41.217,-3.59,307.87,3.0,17,95,51,76,-1,6,-5,1,12,0,1,15,0,1,-1,-6,-3,6,-5,1,6,-5,1,1034.14,1012.63,-0.86,0.0,0.0
ICEREZ2,Europe/Madrid,2025-11-24T22:59:52Z,2025-11-24 23:59:52,1764025192,41.217,-3.59,204.22,1.0,304,96,78,87,-1,11,7,9,23,0,5,31,0,8,9,4,7,11,4,8,11,7,9,1006.94,998.24,-0.23,9.6,8.89
ICEREZ2,Europe/Madrid,2025-11-26T22:59:50Z,2025-11-26 23:59:50,1764197990,41.217,-3.59,293.98,2.0,357,97,66,90,-1,6,-3,1,13,0,1,17,0,1,2,-4,-1,6,-3,0,6,-3,1,1014.43,1009.62,0.16,1.8,0.3
ICEREZ2,Europe/Madrid,2025-11-27T22:59:48Z,2025-11-27 23:59:48,1764284388,41.217,-3.59,224.86,2.0,87,94,70,84,-1,8,-4,3,11,0,1,15,0,1,4,-5,1,8,-4,3,8,-4,3,1014.22,1011.82,-0.03,0.0,0.0
ICEREZ2,Europe/Madrid,2025-11-28T22:59:47Z,2025-11-28 23:59:47,1764370787,41.217,-3.59,250.09,2.0,264,96,48,84,-1,12,-2,3,9,0,1,9,0,1,4,-3,1,12,-2,3,12,-2,3,1013.24,1009.52,-0.11,0.0,0.0
ICEREZ2,Europe/Madrid,2025-11-30T22:59:44Z,2025-11-30 23:59:44,1764543584,41.217,-3.59,434.66,4.0,225,96,65,88,-1,9,-3,4,14,0,2,17,0,3,5,-3,2,9,-3,4,9,-3,4,1010.02,1001.93,0.26,3.0,4.29
ICEREZ2,Europe/Madrid,2025-12-01T22:59:58Z,2025-12-01 23:59:58,1764629998,41.217,-3.59,231.14,2.0,300,96,56,81,-1,10,-5,2,11,0,1,15,0,1,3,-6,-1,10,-5,2,10,-5,2,1010.33,1004.74,-0.2,1.19,0.2
ICEREZ2,Europe/Madrid,2025-12-02T22:59:57Z,2025-12-02 23:59:57,1764716397,41.217,-3.59,203.19,1.0,184,94,64,81,-1,6,1,4,16,0,2,20,0,3,3,-3,1,6,-1,3,6,1,4,1005.11,1002.34,-0.09,4.19,2.31
ICEREZ2,Europe/Madrid,2025-12-03T22:59:55Z,2025-12-03 23:59:55,1764802795,41.217,-3.59,127.98,1.0,293,97,87,92,-1,3,0,2,12,0,1,15,0,1,2,-1,0,3,-1,2,3,0,2,1009.31,1002.13,0.24,3.61,9.19
ICEREZ2,Europe/Madrid,2025-12-05T22:59:52Z,2025-12-05 23:59:52,1764975592,41.217,-3.59,183.9,1.0,322,97,83,90,-1,10,3,7,22,0,4,28,0,5,9,2,5,10,0,6,10,3,7,1010.23,1005.52,0.16,1.8,0.79
ICEREZ2,Europe/Madrid,2025-12-06T22:59:50Z,2025-12-06 23:59:50,1765061990,41.217,-3.59,296.83,2.0,284,97,86,91,-1,12,9,11,17,0,3,24,0,4,11,8,9,12,8,10,12,9,11,1013.04,1009.52,0.13,1.8,0.51
ICEREZ2,Europe/Madrid,2025-12-07T22:59:48Z,2025-12-07 23:59:48,1765148388,41.217,-3.59,216.45,2.0,243,96,73,86,-1,10,2,8,12,0,2,15,0,2,9,1,6,10,2,8,10,2,8,1014.33,1011.51,-0.02,0.0,0.0
ICEREZ2,Europe/Madrid,2025-12-08T22:59:48Z,2025-12-08 23:59:48,1765234788,41.217,-3.59,208.01,2.0,172,97,61,84,-1,13,1,6,12,0,1,22,0,2,6,0,3,13,1,6,13,1,6,1012.94,1009.52,-0.06,0.0,0.0
ICEREZ2,Europe/Madrid,2025-12-09T22:59:45Z,2025-12-09 23:59:45,1765321185,41.217,-3.59,157.68,1.0,162,89,59,76,-1,11,5,8,19,0,5,29,0,8,6,3,4,11,4,8,11,5,8,1011.24,1008.23,-0.06,1.8,0.71
ICEREZ2,Europe/Madrid,2025-12-10T22:59:44Z,2025-12-10 23:59:44,1765407584,41.217,-3.59,182.35,1.0,162,97,76,89,-1,10,6,8,13,0,2,22,0,3,7,4,6,10,5,8,10,6,8,1012.84,1008.23,0.14,3.61,7.39
ICEREZ2,Europe/Madrid,2025-12-11T22:59:57Z,2025-12-11 23:59:57,1765493997,41.217,-3.59,126.43,1.0,259,94,62,78,-1,11,4,8,22,0,3,28,0,4,5,2,4,11,4,8,11,4,8,1012.73,1007.92,-0.16,0.0,0.0
ICEREZ2,Europe/Madrid,2025-12-12T22:59:55Z,2025-12-12 23:59:55,1765580395,41.217,-3.59,121.94,1.0,178,91,71,81,-1,10,5,7,20,0,2,26,0,3,6,3,4,10,5,7,10,5,7,1010.13,1005.42,0.05,0.0,0.0
ICEREZ2,Europe/Madrid,2025-12-13T22:59:54Z,2025-12-13 23:59:54,1765666794,41.217,-3.59,207.75,2.0,219,95,54,83,-1,13,1,5,13,0,1,17,0,1,6,0,3,13,-1,5,13,1,5,1014.83,1010.02,0.15,0.0,0.0
ICEREZ2,Europe/Madrid,2025-12-14T22:59:53Z,2025-12-14 23:59:53,1765753193,41.217,-3.59,254.62,2.0,283,97,56,84,-1,12,-3,4,13,0,1,18,0,2,5,-3,1,12,-6,4,12,-3,4,1013.82,1007.01,-0.28,1.8,0.3
ICEREZ2,Europe/Madrid,2025-12-15T22:59:51Z,2025-12-15 23:59:51,1765839591,41.217,-3.59,236.05,2.0,289,95,74,83,-1,9,6,7,18,0,3,26,0,5,6,3,5,9,4,7,9,6,7,1007.52,996.41,-0.43,5.99,2.49
ICEREZ2,Europe/Madrid,2025-12-16T22:59:49Z,2025-12-16 23:59:49,1765925989,41.217,-3.59,167.21,1.0,305,88,70,79,-1,9,6,7,14,0,3,28,0,4,5,2,4,9,3,7,9,6,7,1023.54,995.33,1.12,0.0,0.0
ICEREZ2,Europe/Madrid,2025-12-17T22:59:48Z,2025-12-17 23:59:48,1766012388,41.217,-3.59,189.94,1.0,131,98,77,88,-1,9,1,5,14,0,1,20,0,2,6,0,3,9,1,5,9,1,5,1029.83,1023.33,0.26,0.0,0.0
ICEREZ2,Europe/Madrid,2025-12-18T22:59:46Z,2025-12-18 23:59:46,1766098786,41.217,-3.59,173.99,1.0,263,89,67,77,-1,11,7,8,22,0,5,37,0,7,5,3,5,11,5,8,11,7,8,1030.14,1026.14,-0.13,0.0,0.0
ICEREZ2,Europe/Madrid,2025-12-19T22:59:44Z,2025-12-19 23:59:44,1766185184,41.217,-3.59,117.29,1.0,167,93,75,82,-1,8,6,7,14,0,2,22,0,3,6,3,4,8,5,7,8,6,7,1027.23,1024.21,-0.1,4.19,2.31
ICEREZ2,Europe/Madrid,2025-12-20T22:59:58Z,2025-12-20 23:59:58,1766271598,41.217,-3.59,148.99,1.0,244,96,75,86,-1,8,5,6,15,0,3,22,0,4,6,3,4,8,2,6,8,5,6,1024.52,1015.44,-0.37,8.99,9.4
ICEREZ2,Europe/Madrid,2025-12-21T22:59:57Z,2025-12-21 23:59:57,1766357997,41.217,-3.59,238.05,2.0,175,96,81,89,-1,5,0,2,22,0,3,37,0,5,3,-2,0,5,-4,1,5,0,2,1015.82,1009.11,-0.11,3.0,7.11
ICEREZ2,Europe/Madrid,2025-12-22T22:59:55Z,2025-12-22 23:59:55,1766444395,41.217,-3.59,204.39,1.0,316,96,81,91,-1,2,0,1,14,0,3,17,0,4,0,-2,-1,2,-5,0,2,0,1,1018.22,1012.63,0.2,1.8,0.51
ICEREZ2,Europe/Madrid,2025-12-23T22:59:54Z,2025-12-23 23:59:54,1766530794,41.217,-3.59,154.45,1.0,339,97,86,92,-1,4,-2,2,12,0,2,18,0,2,2,-3,1,4,-2,2,4,-2,2,1018.12,1015.24,-0.07,1.8,0.79
ICEREZ2,Europe/Madrid,2025-12-24T22:59:54Z,2025-12-24 23:59:54,1766617194,41.217,-3.59,159.1,1.0,359,98,66,89,-1,8,-2,2,10,0,1,15,0,1,3,-3,0,8,-2,2,8,-2,2,1018.32,1015.61,0.01,0.0,0.0
ICEREZ2,Europe/Madrid,2025-12-25T22:59:52Z,2025-12-25 23:59:52,1766703592,41.217,-3.59,140.95,1.0,102,94,75,84,-1,2,-1,1,8,0,1,9,0,1,0,-4,-2,2,-2,1,2,-1,1,1018.63,1015.61,0.08,0.0,0.0
ICEREZ2,Europe/Madrid,2025-12-26T22:59:51Z,2025-12-26 23:59:51,1766789991,41.217,-3.59,200.02,1.0,340,98,82,92,-1,4,-3,1,6,0,1,7,0,1,2,-3,0,4,-3,1,4,-3,1,1021.91,1017.91,0.13,1.19,0.2
ICEREZ2,Europe/Madrid,2025-12-27T22:59:49Z,2025-12-27 23:59:49,1766876389,41.217,-3.59,131.97,1.0,167,97,63,80,-1,9,-1,4,14,0,2,22,0,3,3,-1,1,9,-3,4,9,-1,4,1023.03,1020.62,0.01,0.0,0.0
ICEREZ2,Europe/Madrid,2025-12-28T22:59:47Z,2025-12-28 23:59:47,1766962787,41.217,-3.59,281.79,2.0,168,94,56,74,-1,11,0,6,13,0,3,20,0,4,3,-1,2,11,-2,6,11,0,6,1025.13,1021.13,0.12,0.0,0.0
ICEREZ2,Europe/Madrid,2025-12-29T22:59:47Z,2025-12-29 23:59:47,1767049187,41.217,-3.59,191.25,1.0,266,95,57,85,-1,10,-3,2,10,0,1,13,0,1,3,-3,0,10,-3,2,10,-3,2,1027.13,1024.31,0.09,0.0,0.0
ICEREZ2,Europe/Madrid,2025-12-30T22:59:45Z,2025-12-30 23:59:45,1767135585,41.217,-3.59,266.96,2.0,337,97,71,90,-1,8,-1,2,6,0,0,7,0,0,3,-2,1,8,-1,2,8,-1,2,1028.82,1026.14,0.0,0.0,0.0
ICEREZ2,Europe/Madrid,2025-12-31T22:59:59Z,2025-12-31 23:59:59,1767221999,41.217,-3.59,236.86,2.0,332,94,68,83,-1,6,-3,2,10,0,1,13,0,1,2,-5,0,6,-3,2,6,-3,2,1027.23,1024.01,-0.1,0.0,0.0
ICEREZ2,Europe/Madrid,2026-01-01T22:59:58Z,2026-01-01 23:59:58,1767308398,41.217,-3.59,142.79,1.0,151,96,61,79,-1,7,-4,2,11,0,1,20,0,2,1,-5,-2,7,-6,2,7,-4,2,1024.72,1020.22,-0.17,0.0,0.0
ICEREZ2,Europe/Madrid,2026-01-02T22:59:56Z,2026-01-02 23:59:56,1767394796,41.217,-3.59,158.65,1.0,102,95,51,78,-1,14,3,7,15,0,1,22,0,2,6,0,4,14,2,7,14,3,7,1020.52,1015.82,-0.18,1.8,0.99
ICEREZ2,Europe/Madrid,2026-01-03T22:59:54Z,2026-01-03 23:59:54,1767481194,41.217,-3.59,283.54,2.0,155,96,62,85,-1,11,3,7,9,0,0,13,0,1,8,2,5,11,3,7,11,3,7,1016.22,1011.92,-0.16,1.8,0.51
ICEREZ2,Europe/Madrid,2026-01-04T22:59:37Z,2026-01-04 23:59:37,1767567577,41.217,-3.59,100.77,0.0,286,98,78,93,-1,7,-1,3,10,0,1,13,0,2,5,-2,2,7,-2,3,7,-1,3,1016.02,1011.24,0.14,1.8,0.3
ICEREZ2,Europe/Madrid,2026-01-05T22:59:53Z,2026-01-05 23:59:53,1767653993,41.217,-3.59,192.34,1.0,31,97,69,87,-1,1,-9,-3,12,0,1,15,0,2,-2,-10,-5,1,-9,-3,1,-9,-3,1021.23,1015.61,0.22,0.0,0.0
ICEREZ2,Europe/Madrid,2026-01-06T22:59:52Z,2026-01-06 23:59:52,1767740392,41.217,-3.59,233.48,2.0,101,91,60,79,-1,0,-9,-4,19,0,2,26,0,3,-5,-11,-7,0,-9,-4,0,-9,-4,1027.53,1020.83,0.25,0.0,0.0
ICEREZ2,Europe/Madrid,2026-01-07T22:59:50Z,2026-01-07 23:59:50,1767826790,41.217,-3.59,110.22,1.0,142,97,87,92,-1,3,-8,-2,9,0,1,13,0,1,1,-10,-3,3,-8,-2,3,-8,-2,1033.42,1025.84,0.26,1.8,0.3
ICEREZ2,Europe/Madrid,2026-01-08T22:59:49Z,2026-01-08 23:59:49,1767913189,41.217,-3.59,248.22,2.0,296,97,75,86,-1,8,-2,4,19,0,3,26,0,4,4,-2,2,8,-2,4,8,-2,4,1034.54,1029.43,-0.15,3.0,1.19
ICEREZ2,Europe/Madrid,2026-01-09T22:59:48Z,2026-01-09 23:59:48,1767999588,41.217,-3.59,208.41,2.0,327,94,67,82,-1,7,2,5,25,0,8,37,0,12,6,0,2,7,-1,4,7,2,5,1029.83,1026.62,-0.01,1.8,1.5
ICEREZ2,Europe/Madrid,2026-01-10T22:59:46Z,2026-01-10 23:59:46,1768085986,41.217,-3.59,198.78,1.0,338,95,71,87,-1,5,0,2,16,0,4,22,0,5,1,-2,0,5,-3,1,5,0,2,1033.32,1029.23,0.13,0.0,0.0
ICEREZ2,Europe/Madrid,2026-01-11T22:59:45Z,2026-01-11 23:59:45,1768172385,41.217,-3.59,177.19,1.0,157,95,71,86,-1,8,-1,4,12,0,1,18,0,1,6,-3,2,8,-1,4,8,-1,4,1033.02,1030.14,-0.09,0.0,0.0
ICEREZ2,Europe/Madrid,2026-01-12T22:59:44Z,2026-01-12 23:59:44,1768258784,41.217,-3.59,252.49,2.0,163,94,70,81,-1,9,3,6,23,0,4,31,0,6,4,2,3,9,1,5,9,3,6,1030.72,1022.32,-0.33,0.0,0.0
ICEREZ2,Europe/Madrid,2026-01-13T22:59:58Z,2026-01-13 23:59:58,1768345198,41.217,-3.59,165.97,1.0,324,87,60,72,-1,8,6,7,31,0,8,44,0,11,5,0,2,8,2,6,8,6,7,1022.42,1016.32,-0.04,0.0,0.0
ICEREZ2,Europe/Madrid,2026-01-14T22:59:56Z,2026-01-14 23:59:56,1768431596,41.217,-3.59,254.77,2.0,208,96,64,83,-1,9,1,6,13,0,2,20,0,3,5,0,3,9,1,6,9,1,6,1027.02,1021.23,0.22,1.8,0.61
ICEREZ2,Europe/Madrid,2026-01-15T22:59:54Z,2026-01-15 23:59:54,1768517994,41.217,-3.59,356.29,3.0,172,96,69,85,-1,7,-2,3,17,0,2,24,0,3,3,-2,1,7,-2,3,7,-2,3,1027.13,1021.13,-0.21,3.61,7.29
ICEREZ2,Europe/Madrid,2026-01-16T22:59:53Z,2026-01-16 23:59:53,1768604393,41.217,-3.59,356.68,3.0,162,96,73,90,-1,7,0,3,9,0,1,11,0,1,4,-1,2,7,0,3,7,0,3,1021.74,1017.14,-0.16,3.61,5.89
ICEREZ2,Europe/Madrid,2026-01-17T22:59:52Z,2026-01-17 23:59:52,1768690792,41.217,-3.59,157.2,1.0,357,97,93,95,-1,2,0,1,5,0,0,7,0,0,2,0,0,2,0,1,2,0,1,1018.02,1011.51,-0.2,3.61,7.59
ICEREZ2,Europe/Madrid,2026-01-18T22:59:50Z,2026-01-18 23:59:50,1768777190,41.217,-3.59,494.52,4.0,160,98,79,93,-1,5,-3,1,9,0,1,11,0,1,2,-4,0,5,-3,1,5,-3,1,1020.62,1012.94,0.3,1.8,0.99
ICEREZ2,Europe/Madrid,2026-01-19T22:59:49Z,2026-01-19 23:59:49,1768863589,41.217,-3.59,176.09,1.0,348,98,87,95,-1,4,1,2,9,0,0,11,0,1,3,0,1,4,0,2,4,1,2,1022.82,1019.54,0.08,3.0,2.31
ICEREZ2,Europe/Madrid,2026-01-20T22:59:47Z,2026-01-20 23:59:47,1768949987,41.217,-3.59,436.91,4.0,329,97,61,87,-1,7,-1,2,10,0,1,13,0,1,2,-2,0,7,-3,2,7,-1,2,1022.62,1018.32,-0.16,0.0,0.0
ICEREZ2,Europe/Madrid,2026-01-21T22:59:46Z,2026-01-21 23:59:46,1769036386,41.217,-3.59,171.94,1.0,164,95,74,84,-1,8,2,4,27,0,6,38,0,10,6,-1,2,8,-2,3,8,2,4,1018.73,1001.12,-0.59,19.81,10.39
ICEREZ2,Europe/Madrid,2026-01-22T22:59:44Z,2026-01-22 23:59:44,1769122784,41.217,-3.59,423.43,4.0,337,92,70,85,-1,6,2,3,24,0,7,33,0,10,2,0,1,6,-2,2,6,2,3,1010.33,1003.62,-0.01,4.8,2.31
ICEREZ2,Europe/Madrid,2026-01-23T22:59:59Z,2026-01-23 23:59:59,1769209199,41.217,-3.59,410.75,4.0,220,97,57,84,-1,8,0,3,32,0,5,40,0,8,4,-3,0,8,-3,2,8,0,3,1005.52,1000.71,-0.13,4.8,2.79
ICEREZ2,Europe/Madrid,2026-01-24T22:59:58Z,2026-01-24 23:59:58,1769295598,41.217,-3.59,85.64,0.0,22,97,88,93,-1,2,-2,0,19,0,5,28,0,7,1,-3,-1,2,-7,-1,2,-2,0,1014.83,1000.81,0.56,1.8,4.8
ICEREZ2,Europe/Madrid,2026-01-25T22:59:57Z,2026-01-25 23:59:57,1769381997,41.217,-3.59,399.09,3.0,315,95,67,85,-1,7,1,4,34,0,8,44,0,12,3,0,1,6,-3,2,7,1,4,1015.92,1009.62,0.05,1.8,3.1
ICEREZ2,Europe/Madrid,2026-01-26T14:10:51Z,2026-01-26 15:10:51,1769436651,41.217,-3.59,101.49,0.0,309,97,75,87,-1,9,1,4,22,0,3,28,0,5,8,0,2,9,-1,4,9,1,4,1016.63,1012.94,-0.14,3.61,7.11
ICEREZ2,Europe/Madrid,2026-01-27T22:59:54Z,2026-01-27 23:59:54,1769554794,41.217,-3.59,385.1,3.0,185,95,81,90,-1,7,1,4,25,0,5,40,0,8,5,0,2,7,-3,3,7,1,4,1015.82,1007.01,0.38,8.99,19.1
ICEREZ2,Europe/Madrid,2026-01-28T22:59:52Z,2026-01-28 23:59:52,1769641192,41.217,-3.59,177.66,1.0,278,96,79,90,-1,4,0,2,22,0,3,26,0,5,2,-2,0,4,-4,1,4,0,2,1018.42,1004.34,0.09,4.19,5.59
ICEREZ2,Europe/Madrid,2026-01-29T22:59:50Z,2026-01-29 23:59:50,1769727590,41.217,-3.59,315.12,3.0,265,98,79,91,-1,9,2,7,26,0,6,35,0,8,8,1,5,9,1,6,9,2,7,1022.72,1014.43,0.2,6.6,23.6
ICEREZ2,Europe/Madrid,2026-01-30T22:59:48Z,2026-01-30 23:59:48,1769813988,41.217,-3.59,530.3,5.0,320,93,66,83,-1,8,2,5,29,0,5,40,0,8,4,0,3,8,-3,5,8,2,5,1024.42,1016.02,-0.17,13.79,9.09
ICEREZ2,Europe/Madrid,2026-01-31T22:59:47Z,2026-01-31 23:59:47,1769900387,41.217,-3.59,427.13,4.0,335,94,74,85,-1,6,1,3,27,0,8,37,0,11,3,0,1,6,-4,1,6,1,3,1029.02,1012.73,-0.19,1.8,0.3
ICEREZ2,Europe/Madrid,2026-02-01T22:59:45Z,2026-02-01 23:59:45,1769986785,41.217,-3.59,179.64,1.0,275,97,84,91,-1,9,3,6,15,0,2,26,0,3,9,2,5,9,2,6,9,3,6,1014.43,1004.44,-0.12,5.99,9.4
ICEREZ2,Europe/Madrid,2026-02-02T22:59:59Z,2026-02-02 23:59:59,1770073199,41.217,-3.59,661.27,6.0,198,95,71,87,-1,9,1,6,31,0,5,48,0,7,7,0,4,9,-1,5,9,1,6,1011.41,998.82,-0.26,7.19,14.2
ICEREZ2,Europe/Madrid,2026-02-03T22:59:58Z,2026-02-03 23:59:58,1770159598,41.217,-3.59,598.16,5.0,211,92,71,84,-1,7,2,3,14,0,3,20,0,4,3,-1,1,7,-1,3,7,2,3,1007.21,1003.22,-0.07,3.0,0.71
ICEREZ2,Europe/Madrid,2026-02-04T22:59:56Z,2026-02-04 23:59:56,1770245996,41.217,-3.59,657.83,6.0,197,94,75,85,-1,10,1,6,28,0,6,42,0,9,6,0,4,10,-4,5,10,1,6,1004.34,996.24,0.0,3.0,4.9
ICEREZ2,Europe/Madrid,2026-02-05T22:59:55Z,2026-02-05 23:59:55,1770332395,41.217,-3.59,655.05,6.0,218,94,76,88,-1,9,4,6,40,0,6,51,0,9,8,3,4,9,0,5,9,4,6,1005.22,995.33,0.06,7.8,30.71
ICEREZ2,Europe/Madrid,2026-02-06T22:59:54Z,2026-02-06 23:59:54,1770418794,41.217,-3.59,491.65,4.0,282,96,76,87,-1,7,1,4,31,0,3,40,0,5,5,0,2,7,-2,4,7,1,4,1012.43,1004.64,0.32,5.99,4.8
ICEREZ2,Europe/Madrid,2026-02-07T22:59:52Z,2026-02-07 23:59:52,1770505192,41.217,-3.59,277.33,2.0,221,89,67,82,-1,5,2,3,25,0,5,38,0,8,1,-1,0,5,-2,2,5,2,3,1015.14,1005.32,-0.3,3.0,2.11
ICEREZ2,Europe/Madrid,2026-02-08T22:59:51Z,2026-02-08 23:59:51,1770591591,41.217,-3.59,575.22,5.0,244,97,69,87,-1,7,0,3,19,0,5,28,0,7,3,-1,1,7,-3,2,7,0,3,1018.12,1005.32,0.46,3.61,3.81
ICEREZ2,Europe/Madrid,2026-02-09T22:59:49Z,2026-02-09 23:59:49,1770677989,41.217,-3.59,383.71,3.0,258,97,73,92,-1,11,2,7,22,0,4,28,0,7,9,-1,6,11,0,7,11,2,7,1017.34,1013.92,0.03,9.6,12.7
ICEREZ2,Europe/Madrid,2026-02-10T22:59:47Z,2026-02-10 23:59:47,1770764387,41.217,-3.59,662.19,6.0,314,96,81,92,-1,14,10,11,26,0,7,44,0,10,12,8,10,14,8,11,14,10,11,1019.34,1015.44,0.08,10.8,16.51
ICEREZ2,Europe/Madrid,2026-02-11T22:59:45Z,2026-02-11 23:59:45,1770850785,41.217,-3.59,215.28,2.0,322,94,77,85,-1,14,8,10,30,0,8,51,0,11,11,5,8,14,4,10,14,8,10,1020.42,1006.03,-0.14,3.0,3.0
ICEREZ2,Europe/Madrid,2026-02-12T22:59:59Z,2026-02-12 23:59:59,1770937199,41.217,-3.59,569.79,5.0,338,91,69,79,-1,9,5,7,29,0,8,42,0,11,6,2,3,9,1,5,9,5,7,1021.03,1014.93,-0.03,1.8,0.51
ICEREZ2,Europe/Madrid,2026-02-13T22:59:57Z,2026-02-13 23:59:57,1771023597,41.217,-3.59,184.8,1.0,251,94,84,90,-1,7,3,5,30,0,9,40,0,13,6,1,4,7,-2,3,7,3,5,1015.14,999.02,-0.29,6.6,19.99
ICEREZ2,Europe/Madrid,2026-02-14T22:59:56Z,2026-02-14 23:59:56,1771109996,41.217,-3.59,356.02,3.0,342,95,63,81,-1,5,-3,2,26,0,8,33,0,11,1,-4,-1,5,-5,-1,5,-3,2,1028.31,1008.13,0.83,0.0,0.0
ICEREZ2,Europe/Madrid,2026-02-15T22:59:55Z,2026-02-15 23:59:55,1771196395,41.217,-3.59,213.25,2.0,267,95,77,87,-1,7,-4,3,22,0,4,31,0,5,5,-5,1,7,-4,2,7,-4,3,1029.73,1027.43,0.04,0.0,0.0
ICEREZ2,Europe/Madrid,2026-02-16T22:59:53Z,2026-02-16 23:59:53,1771282793,41.217,-3.59,262.32,2.0,329,95,83,90,-1,12,6,8,27,0,8,38,0,12,9,4,7,12,2,8,12,6,8,1029.23,1026.31,-0.03,1.8,0.79
ICEREZ2,Europe/Madrid,2026-02-17T22:59:51Z,2026-02-17 23:59:51,1771369191,41.217,-3.59,631.14,6.0,337,98,63,86,-1,13,7,9,24,0,7,35,0,9,8,5,7,13,4,8,13,7,9,1029.43,1025.53,-0.11,0.0,0.0
ICEREZ2,Europe/Madrid,2026-02-18T22:59:50Z,2026-02-18 23:59:50,1771455590,41.217,-3.59,659.06,6.0,296,97,59,84,-1,13,3,7,28,0,5,40,0,7,7,2,4,13,0,6,13,3,7,1025.74,1005.72,-0.69,4.8,3.3
ICEREZ2,Europe/Madrid,2026-02-19T22:59:48Z,2026-02-19 23:59:48,1771541988,41.217,-3.59,648.6,6.0,336,91,54,77,-1,8,-1,3,31,0,8,42,0,11,2,-2,0,7,-3,2,8,-1,3,1021.33,1009.11,0.5,0.0,0.0
ICEREZ2,Europe/Madrid,2026-02-20T22:59:46Z,2026-02-20 23:59:46,1771628386,41.217,-3.59,475.79,4.0,162,96,34,75,-1,12,-3,3,9,0,1,11,0,2,2,-4,-2,12,-3,3,12,-3,3,1024.52,1021.13,0.12,0.0,0.0
ICEREZ2,Europe/Madrid,2026-02-21T22:59:46Z,2026-02-21 23:59:46,1771714786,41.217,-3.59,466.12,4.0,244,90,26,64,-1,18,-2,6,12,0,1,13,0,2,3,-4,-1,18,-2,6,18,-2,6,1025.53,1023.13,0.05,0.0,0.0
ICEREZ2,Europe/Madrid,2026-02-22T22:59:59Z,2026-02-22 23:59:59,1771801199,41.217,-3.59,489.43,4.0,267,81,26,57,-1,18,0,7,10,0,1,15,0,2,4,-5,-1,18,0,7,18,0,7,1025.43,1022.62,-0.07,0.0,0.0
ICEREZ2,Europe/Madrid,2026-02-23T22:59:57Z,2026-02-23 23:59:57,1771887597,41.217,-3.59,476.27,4.0,203,74,21,49,-1,21,0,10,12,0,2,15,0,2,3,-6,-1,21,0,10,21,0,10,1023.64,1018.52,-0.2,0.0,0.0
ICEREZ2,Europe/Madrid,2026-02-24T22:59:56Z,2026-02-24 23:59:56,1771973996,41.217,-3.59,475.84,4.0,166,73,34,48,-1,19,3,12,17,0,3,24,0,4,5,-2,1,19,3,12,19,3,12,1018.93,1011.62,-0.26,0.0,0.0
ICEREZ2,Europe/Madrid,2026-02-25T22:59:54Z,2026-02-25 23:59:54,1772060394,41.217,-3.59,460.81,4.0,163,60,26,40,-1,20,5,14,14,0,3,22,0,5,3,-3,0,20,5,14,20,5,14,1016.63,1011.24,0.17,0.0,0.0
ICEREZ2,Europe/Madrid,2026-02-26T22:59:51Z,2026-02-26 23:59:51,1772146791,41.217,-3.59,476.4,4.0,165,72,25,42,-1,20,3,12,12,0,2,20,0,3,2,-3,-1,20,3,12,20,3,12,1020.01,1016.22,0.07,0.0,0.0
ICEREZ2,Europe/Madrid,2026-02-27T22:59:49Z,2026-02-27 23:59:49,1772233189,41.217,-3.59,507.37,4.0,172,88,37,50,-1,16,5,12,21,0,4,26,0,6,5,-1,1,16,5,12,16,5,12,1018.73,1014.73,-0.08,0.0,0.0
ICEREZ2,Europe/Madrid,2026-02-28T22:59:48Z,2026-02-28 23:59:48,1772319588,41.217,-3.59,564.63,5.0,64,95,45,78,-1,14,1,8,12,0,1,15,0,1,6,-1,4,14,1,8,14,1,8,1017.91,1015.51,0.04,0.0,0.0
ICEREZ2,Europe/Madrid,2026-03-01T22:59:46Z,2026-03-01 23:59:46,1772405986,41.217,-3.59,509.57,4.0,163,95,49,70,-1,14,0,7,16,0,3,26,0,5,4,-2,2,14,-2,7,14,0,7,1017.61,1011.82,-0.23,0.0,0.0
ICEREZ2,Europe/Madrid,2026-03-02T22:59:59Z,2026-03-02 23:59:59,1772492399,41.217,-3.59,558.5,5.0,171,79,38,64,-1,16,6,10,26,0,6,38,0,9,6,1,3,16,3,9,16,6,10,1012.12,1005.83,-0.09,0.0,0.0
ICEREZ2,Europe/Madrid,2026-03-03T22:59:58Z,2026-03-03 23:59:58,1772578798,41.217,-3.59,379.87,3.0,197,77,51,65,-1,14,7,10,18,0,4,29,0,5,5,2,4,14,5,10,14,7,10,1012.02,1009.21,0.07,0.0,0.0
ICEREZ2,Europe/Madrid,2026-03-04T22:59:56Z,2026-03-04 23:59:56,1772665196,41.217,-3.59,445.77,4.0,285,89,44,67,-1,17,2,9,14,0,2,20,0,2,6,0,3,17,2,9,17,2,9,1011.92,1007.82,-0.07,0.0,0.0
ICEREZ2,Europe/Madrid,2026-03-05T22:59:54Z,2026-03-05 23:59:54,1772751594,41.217,-3.59,461.89,4.0,155,95,51,76,-1,15,3,9,16,0,2,18,0,3,7,1,4,15,2,9,15,3,9,1010.23,1004.44,-0.16,19.81,6.4
ICEREZ2,Europe/Madrid,2026-03-06T22:59:52Z,2026-03-06 23:59:52,1772837992,41.217,-3.59,224.59,2.0,130,95,87,91,-1,8,5,6,17,0,3,24,0,4,6,3,5,8,3,6,8,5,6,1010.94,1005.52,0.21,4.8,14.71
ICEREZ2,Europe/Madrid,2026-03-07T22:59:51Z,2026-03-07 23:59:51,1772924391,41.217,-3.59,726.97,7.0,116,96,61,89,-1,11,3,5,10,0,1,17,0,1,6,2,3,11,2,5,11,3,5,1012.53,1009.21,0.06,4.8,8.61
ICEREZ2,Europe/Madrid,2026-03-08T22:59:49Z,2026-03-08 23:59:49,1773010789,41.217,-3.59,537.96,5.0,47,97,70,88,-1,9,1,5,9,0,1,15,0,1,5,1,3,9,1,5,9,1,5,1014.63,1011.41,0.07,1.8,0.79
ICEREZ2,Europe/Madrid,2026-03-09T22:59:48Z,2026-03-09 23:59:48,1773097188,41.217,-3.59,685.99,6.0,305,97,62,86,-1,11,0,5,17,0,2,22,0,2,5,0,2,11,0,4,11,0,5,1014.63,1008.74,-0.18,7.8,5.59
ICEREZ2,Europe/Madrid,2026-03-10T22:59:47Z,2026-03-10 23:59:47,1773183587,41.217,-3.59,591.36,5.0,329,97,77,92,-1,10,3,5,11,0,1,13,0,1,7,2,4,10,1,5,10,3,5,1016.32,1009.04,0.26,1.8,0.51
ICEREZ2,Europe/Madrid,2026-03-11T22:59:44Z,2026-03-11 23:59:44,1773269984,41.217,-3.59,357.05,3.0,111,97,57,82,-1,14,3,7,10,0,1,11,0,1,6,1,4,14,3,7,14,3,7,1020.52,1015.82,0.18,0.0,0.0
ICEREZ2,Europe/Madrid,2026-03-12T22:59:58Z,2026-03-12 23:59:58,1773356398,41.217,-3.59,754.2,7.0,349,95,43,74,-1,16,1,7,15,0,2,18,0,2,6,0,3,16,1,7,16,1,7,1020.42,1016.93,-0.12,0.0,0.0
ICEREZ2,Europe/Madrid,2026-03-13T22:59:56Z,2026-03-13 23:59:56,1773442796,41.217,-3.59,644.64,6.0,325,94,30,73,-1,15,3,9,19,0,4,26,0,5,7,-3,4,15,2,9,15,3,9,1017.44,1008.53,-0.35,0.0,0.0
ICEREZ2,Europe/Madrid,2026-03-14T22:59:55Z,2026-03-14 23:59:55,1773529195,41.217,-3.59,669.43,6.0,340,94,68,85,-1,9,3,6,25,0,9,35,0,12,6,1,4,8,0,5,9,3,6,1009.11,1002.54,-0.07,21.59,9.09
ICEREZ2,Europe/Madrid,2026-03-15T22:59:53Z,2026-03-15 23:59:53,1773615593,41.217,-3.59,849.98,8.0,49,90,56,76,-1,10,1,5,18,0,3,24,0,5,3,-1,1,10,0,4,10,1,5,1016.42,1007.01,0.36,0.0,0.0
ICEREZ2,Europe/Madrid,2026-03-16T22:59:51Z,2026-03-16 23:59:51,1773701991,41.217,-3.59,571.4,5.0,349,95,44,75,-1,17,-2,6,11,0,1,15,0,2,6,-3,2,17,-2,6,17,-2,6,1017.44,1014.12,-0.07,0.0,0.0
ICEREZ2,Europe/Madrid,2026-03-17T22:59:51Z,2026-03-17 23:59:51,1773788391,41.217,-3.59,576.93,5.0,172,81,16,41,-1,21,1,12,15,0,3,26,0,5,2,-9,-2,21,0,12,21,1,12,1014.43,1004.74,-0.39,0.0,0.0
ICEREZ2,Europe/Madrid,2026-03-18T22:59:48Z,2026-03-18 23:59:48,1773874788,41.217,-3.59,677.82,6.0,318,60,22,38,-1,19,4,12,12,0,2,18,0,3,3,-7,-2,19,4,12,19,4,12,1005.01,1001.12,-0.02,0.0,0.0
ICEREZ2,Europe/Madrid,2026-03-19T22:59:45Z,2026-03-19 23:59:45,1773961185,41.217,-3.59,599.01,5.0,167,75,40,54,-1,18,3,11,20,0,3,31,0,5,6,-2,2,18,3,11,18,3,11,1006.54,1004.23,0.06,0.0,0.0
ICEREZ2,Europe/Madrid,2026-03-20T22:59:44Z,2026-03-20 23:59:44,1774047584,41.217,-3.59,701.59,6.0,173,82,50,68,-1,14,8,9,21,0,4,29,0,6,5,1,4,14,4,9,14,8,9,1006.64,1004.13,0.02,1.8,0.99
ICEREZ2,Europe/Madrid,2026-03-21T22:59:58Z,2026-03-21 23:59:58,1774133998,41.217,-3.59,807.23,7.0,183,89,55,73,-1,14,4,9,11,0,2,18,0,3,7,2,4,14,4,9,14,4,9,1006.54,1004.13,-0.02,3.0,1.3
ICEREZ2,Europe/Madrid,2026-03-22T22:59:56Z,2026-03-22 23:59:56,1774220396,41.217,-3.59,713.3,6.0,85,95,30,67,-1,16,1,8,17,0,2,22,0,3,7,-3,2,16,1,8,16,1,8,1007.92,1004.84,0.06,0.0,0.0
ICEREZ2,Europe/Madrid,2026-03-23T22:59:54Z,2026-03-23 23:59:54,1774306794,41.217,-3.59,608.06,5.0,93,89,29,63,-1,15,-2,6,23,0,2,24,0,3,3,-5,-1,15,-2,6,15,-2,6,1013.82,1007.32,0.26,0.0,0.0
ICEREZ2,Europe/Madrid,2026-03-24T22:59:53Z,2026-03-24 23:59:53,1774393193,41.217,-3.59,599.1,5.0,122,85,30,58,-1,18,1,9,12,0,2,15,0,3,4,-2,1,18,1,9,18,1,9,1016.53,1013.34,0.1,0.0,0.0
ICEREZ2,Europe/Madrid,2026-03-25T22:59:51Z,2026-03-25 23:59:51,1774479591,41.217,-3.59,622.45,6.0,146,84,35,61,-1,18,1,9,14,0,2,20,0,3,6,-1,1,18,1,9,18,1,9,1016.83,1012.43,-0.05,0.0,0.0
ICEREZ2,Europe/Madrid,2026-03-26T22:59:49Z,2026-03-26 23:59:49,1774565989,41.217,-3.59,749.6,7.0,82,89,45,69,-1,11,-3,4,17,0,2,22,0,3,1,-5,-2,11,-3,4,11,-3,4,1015.61,1012.84,-0.02,0.0,0.0
ICEREZ2,Europe/Madrid,2026-03-27T22:59:48Z,2026-03-27 23:59:48,1774652388,41.217,-3.59,638.02,6.0,72,91,38,68,-1,14,-4,4,21,0,2,26,0,3,2,-5,-1,14,-4,4,14,-4,4,1014.83,1011.51,0.01,0.0,0.0
ICEREZ2,Europe/Madrid,2026-03-28T22:59:47Z,2026-03-28 23:59:47,1774738787,41.217,-3.59,907.54,8.0,103,91,47,71,-1,12,-3,4,23,0,3,29,0,5,3,-5,-1,12,-3,4,12,-3,4,1021.91,1013.92,0.29,0.0,0.0
ICEREZ2,Europe/Madrid,2026-03-29T21:59:45Z,2026-03-29 23:59:45,1774821585,41.217,-3.59,756.17,7.0,70,87,35,62,-1,9,-5,2,25,0,5,48,0,7,-2,-7,-5,9,-5,2,9,-5,2,1023.43,1018.93,0.07,0.0,0.0
ICEREZ2,Europe/Madrid,2026-03-30T21:59:44Z,2026-03-30 23:59:44,1774907984,41.217,-3.59,641.67,6.0,73,86,46,70,-1,14,-5,4,21,0,3,31,0,4,5,-7,-1,14,-5,4,14,-5,4,1023.74,1011.41,-0.45,0.0,0.0
ICEREZ2,Europe/Madrid,2026-03-31T21:59:58Z,2026-03-31 23:59:58,1774994398,41.217,-3.59,832.25,8.0,52,84,52,70,-1,14,4,9,22,0,5,35,0,7,5,1,3,14,4,8,14,4,9,1012.73,1009.41,-0.09,0.0,0.0
ICEREZ2,Europe/Madrid,2026-04-01T21:59:57Z,2026-04-01 23:59:57,1775080797,41.217,-3.59,889.54,8.0,117,92,44,70,-1,14,-1,7,18,0,3,26,0,4,4,-2,1,14,-1,7,14,-1,7,1010.53,1005.93,-0.13,0.0,0.0
ICEREZ2,Europe/Madrid,2026-04-02T21:59:54Z,2026-04-02 23:59:54,1775167194,41.217,-3.59,949.74,9.0,76,92,50,72,-1,12,-1,5,21,0,3,26,0,4,4,-3,1,12,-1,5,12,-1,5,1007.32,1004.44,-0.01,0.0,0.0
ICEREZ2,Europe/Madrid,2026-04-03T21:59:53Z,2026-04-03 23:59:53,1775253593,41.217,-3.59,713.88,6.0,54,91,22,64,-1,18,-2,7,19,0,2,24,0,3,4,-7,0,18,-2,7,18,-2,7,1009.31,1005.93,0.09,0.0,0.0
ICEREZ2,Europe/Madrid,2026-04-04T21:59:51Z,2026-04-04 23:59:51,1775339991,41.217,-3.59,641.17,6.0,179,90,28,60,-1,23,2,12,13,0,2,15,0,2,9,0,4,23,2,12,22,2,12,1009.72,1005.62,-0.07,0.0,0.0
ICEREZ2,Europe/Madrid,2026-04-05T21:59:49Z,2026-04-05 23:59:49,1775426389,41.217,-3.59,759.42,7.0,175,80,27,51,-1,25,6,15,10,0,1,15,0,2,9,1,4,25,6,15,25,6,15,1008.43,1006.13,-0.02,0.0,0.0
ICEREZ2,Europe/Madrid,2026-04-06T21:59:48Z,2026-04-06 23:59:48,1775512788,41.217,-3.59,654.92,6.0,172,62,22,37,-1,24,10,18,19,0,4,33,0,6,5,0,3,24,10,18,23,10,18,1007.92,1001.93,-0.21,0.0,0.0
ICEREZ2,Europe/Madrid,2026-04-07T21:59:45Z,2026-04-07 23:59:45,1775599185,41.217,-3.59,413.39,4.0,170,74,38,51,-1,20,11,15,23,0,4,33,0,5,8,3,5,20,11,15,20,11,15,1004.13,1000.34,0.01,0.0,0.0
ICEREZ2,Europe/Madrid,2026-04-08T21:59:59Z,2026-04-08 23:59:59,1775685599,41.217,-3.59,530.96,5.0,102,86,37,67,-1,21,8,13,15,0,2,24,0,3,9,4,7,21,8,13,21,8,13,1005.32,1001.63,0.12,0.0,0.0
ICEREZ2,Europe/Madrid,2026-04-09T21:59:56Z,2026-04-09 23:59:56,1775771996,41.217,-3.59,648.97,6.0,176,92,23,59,-1,25,4,14,12,0,1,17,0,2,11,1,4,25,4,14,25,4,14,1006.03,1002.44,-0.02,0.0,0.0
ICEREZ2,Europe/Madrid,2026-04-10T21:59:54Z,2026-04-10 23:59:54,1775858394,41.217,-3.59,620.47,6.0,176,62,21,37,-1,26,9,19,16,0,3,29,0,4,6,-1,3,26,9,19,25,9,18,1005.11,999.22,-0.19,0.0,0.0
ICEREZ2,Europe/Madrid,2026-04-11T21:59:53Z,2026-04-11 23:59:53,1775944793,41.217,-3.59,481.1,4.0,152,94,35,57,-1,20,11,16,16,0,2,24,0,3,12,1,6,20,11,16,20,11,16,1000.34,996.24,-0.1,56.39,10.69
ICEREZ2,Europe/Madrid,2026-04-12T21:59:50Z,2026-04-12 23:59:50,1776031190,41.217,-3.59,681.03,6.0,74,97,54,84,-1,11,4,7,18,0,3,24,0,4,10,-1,4,11,1,7,11,4,7,999.02,996.04,0.02,7.19,7.8
ICEREZ2,Europe/Madrid,2026-04-13T21:59:49Z,2026-04-13 23:59:49,1776117589,41.217,-3.59,819.12,7.0,11,88,40,69,-1,12,1,5,24,0,4,33,0,6,3,-2,0,12,-1,5,12,1,5,1002.91,998.04,0.2,0.0,0.0
ICEREZ2,Europe/Madrid,2026-04-14T21:59:47Z,2026-04-14 23:59:47,1776203987,41.217,-3.59,837.09,8.0,351,92,46,74,-1,17,4,10,17,0,4,18,0,5,8,2,5,17,3,10,17,4,10,1006.54,1002.71,0.14,0.0,0.0
ICEREZ2,Europe/Madrid,2026-04-15T21:59:45Z,2026-04-15 23:59:45,1776290385,41.217,-3.59,611.79,5.0,120,92,35,69,-1,21,6,12,15,0,2,20,0,3,10,3,6,21,6,12,21,6,12,1007.42,1005.01,0.03,0.0,0.0
ICEREZ2,Europe/Madrid,2026-04-16T21:59:59Z,2026-04-16 23:59:59,1776376799,41.217,-3.59,620.51,6.0,35,88,27,58,-1,23,4,14,16,0,2,22,0,3,9,2,4,23,4,14,23,4,13,1007.52,1003.52,-0.06,0.0,0.0
ICEREZ2,Europe/Madrid,2026-04-17T21:59:57Z,2026-04-17 23:59:57,1776463197,41.217,-3.59,713.57,6.0,217,81,26,53,-1,25,6,15,13,0,2,17,0,2,9,2,5,25,6,15,25,6,15,1005.72,1002.54,-0.02,0.0,0.0
ICEREZ2,Europe/Madrid,2026-04-18T21:59:55Z,2026-04-18 23:59:55,1776549595,41.217,-3.59,755.88,7.0,153,76,32,54,-1,26,7,16,16,0,1,22,0,2,12,3,6,26,7,16,25,7,16,1005.22,1002.44,-0.03,0.0,0.0
ICEREZ2,Europe/Madrid,2026-04-19T21:59:54Z,2026-04-19 23:59:54,1776635994,41.217,-3.59,771.18,7.0,143,83,31,55,-1,25,8,17,13,0,2,20,0,3,12,4,7,25,8,17,25,8,17,1004.44,1000.24,-0.1,0.0,0.0
ICEREZ2,Europe/Madrid,2026-04-20T21:59:51Z,2026-04-20 23:59:51,1776722391,41.217,-3.59,648.9,6.0,151,80,32,55,-1,25,8,16,12,0,1,13,0,2,13,4,7,25,8,16,25,8,16,1001.93,996.61,-0.16,1.8,0.3
ICEREZ2,Europe/Madrid,2026-04-21T21:59:49Z,2026-04-21 23:59:49,1776808789,41.217,-3.59,677.06,6.0,169,74,31,48,-1,26,8,17,16,0,2,26,0,4,10,1,6,26,8,17,25,8,17,998.44,994.14,-0.13,0.0,0.0
ICEREZ2,Europe/Madrid,2026-04-22T21:59:46Z,2026-04-22 23:59:46,1776895186,41.217,-3.59,662.28,6.0,174,80,36,53,-1,23,10,17,21,0,3,29,0,4,11,4,7,23,10,17,23,10,17,1000.34,993.94,0.23,0.0,0.0
ICEREZ2,Europe/Madrid,2026-04-23T21:59:45Z,2026-04-23 23:59:45,1776981585,41.217,-3.59,691.33,6.0,162,75,33,48,-1,25,9,18,14,0,2,24,0,4,11,2,7,25,8,18,25,9,18,1001.12,998.34,-0.03,0.0,0.0
ICEREZ2,Europe/Madrid,2026-04-24T21:59:59Z,2026-04-24 23:59:59,1777067999,41.217,-3.59,713.08,6.0,163,93,48,74,-1,22,12,15,15,0,2,28,0,2,13,9,10,22,12,15,22,12,15,1003.62,999.22,0.17,8.99,4.29
ICEREZ2,Europe/Madrid,2026-04-25T21:59:57Z,2026-04-25 23:59:57,1777154397,41.217,-3.59,814.21,7.0,196,96,50,80,-1,21,11,14,13,0,1,22,0,1,15,7,10,21,11,14,21,11,14,1014.93,1000.71,0.47,10.8,10.9
ICEREZ2,Europe/Madrid,2026-04-26T21:59:54Z,2026-04-26 23:59:54,1777240794,41.217,-3.59,780.19,7.0,279,97,36,76,-1,25,9,15,16,0,1,24,0,2,16,8,10,25,9,15,24,9,15,1015.14,1012.23,0.0,39.6,19.61
ICEREZ2,Europe/Madrid,2026-04-27T21:59:51Z,2026-04-27 23:59:51,1777327191,41.217,-3.59,826.76,8.0,155,93,35,65,-1,25,11,17,14,0,1,18,0,2,14,6,10,25,11,17,24,11,17,1014.83,1009.41,-0.16,1.8,0.3
ICEREZ2,Europe/Madrid,2026-04-28T21:59:50Z,2026-04-28 23:59:50,1777413590,41.217,-3.59,844.0,8.0,137,90,39,60,-1,23,8,16,22,0,2,33,0,2,12,4,8,23,8,16,23,8,16,1011.14,1004.13,-0.21,4.19,0.99
ICEREZ2,Europe/Madrid,2026-04-29T21:59:48Z,2026-04-29 23:59:48,1777499988,41.217,-3.59,985.49,9.0,147,93,66,79,-1,18,10,14,15,0,2,26,0,4,13,9,10,18,10,14,18,10,14,1014.22,1003.32,0.35,30.61,10.9
ICEREZ2,Europe/Madrid,2026-04-30T21:59:46Z,2026-04-30 23:59:46,1777586386,41.217,-3.59,875.86,8.0,232,97,47,77,-1,19,8,13,9,0,1,13,0,1,10,7,8,19,7,13,19,8,13,1019.81,1014.02,0.23,1.19,0.2
ICEREZ2,Europe/Madrid,2026-05-01T21:59:44Z,2026-05-01 23:59:44,1777672784,41.217,-3.59,690.45,6.0,155,91,37,63,-1,23,6,14,12,0,2,20,0,3,10,4,7,23,6,14,22,6,14,1020.62,1018.63,0.02,0.0,0.0
ICEREZ2,Europe/Madrid,2026-05-02T21:59:57Z,2026-05-02 23:59:57,1777759197,41.217,-3.59,809.55,7.0,170,86,63,75,-1,17,11,14,18,0,3,26,0,5,12,8,10,17,11,14,17,11,14,1020.22,1015.34,-0.13,1.8,0.79
ICEREZ2,Europe/Madrid,2026-05-03T21:59:55Z,2026-05-03 23:59:55,1777845595,41.217,-3.59,837.38,8.0,167,94,62,85,-1,17,7,11,16,0,1,22,0,1,12,6,9,17,7,11,17,7,11,1017.24,1012.33,-0.1,7.8,8.89
ICEREZ2,Europe/Madrid,2026-05-04T21:59:37Z,2026-05-04 23:59:37,1777931977,41.217,-3.59,943.58,9.0,283,96,53,80,-1,15,6,10,19,0,2,26,0,3,8,4,7,15,6,10,15,6,10,1015.24,1012.84,0.02,6.6,1.3
ICEREZ2,Europe/Madrid,2026-05-05T21:59:52Z,2026-05-05 23:59:52,1778018392,41.217,-3.59,872.77,8.0,354,94,42,69,0,14,4,9,18,0,4,24,0,6,5,1,4,14,4,9,14,4,9,1015.51,1013.24,0.0,0.0,0.0
ICEREZ2,Europe/Madrid,2026-05-06T21:59:51Z,2026-05-06 23:59:51,1778104791,41.217,-3.59,729.57,7.0,277,95,37,70,0,17,2,9,13,0,2,18,0,2,7,1,3,17,2,9,17,2,9,1015.34,1011.72,-0.09,0.0,0.0
ICEREZ2,Europe/Madrid,2026-05-07T21:59:48Z,2026-05-07 23:59:48,1778191188,41.217,-3.59,788.48,7.0,166,93,45,72,0,19,5,10,17,0,3,24,0,4,9,2,5,19,4,10,19,5,10,1013.61,1010.53,0.01,24.61,12.9
ICEREZ2,Europe/Madrid,2026-05-08T21:59:46Z,2026-05-08 23:59:46,1778277586,41.217,-3.59,919.19,8.0,165,89,57,73,-1,16,6,10,16,0,4,29,0,6,9,3,6,16,6,10,16,6,10,1013.61,1010.33,-0.02,6.6,3.3
ICEREZ2,Europe/Madrid,2026-05-09T21:59:59Z,2026-05-09 23:59:59,1778363999,41.217,-3.59,973.36,9.0,186,94,61,78,-1,15,5,11,19,0,2,29,0,4,10,4,7,15,5,11,15,5,11,1013.51,1009.52,0.03,21.59,16.51
ICEREZ2,Europe/Madrid,2026-05-10T21:59:58Z,2026-05-10 23:59:58,1778450398,41.217,-3.59,1060.06,10.0,178,94,57,80,0,14,7,10,19,0,3,28,0,4,9,5,6,14,5,10,14,7,10,1014.53,1011.62,0.04,10.8,5.41
ICEREZ2,Europe/Madrid,2026-05-11T21:59:56Z,2026-05-11 23:59:56,1778536796,41.217,-3.59,930.53,9.0,157,93,54,75,0,17,4,11,12,0,2,17,0,3,10,3,7,17,4,11,17,4,11,1018.02,1013.72,0.15,3.0,0.51
ICEREZ2,Europe/Madrid,2026-05-12T21:59:53Z,2026-05-12 23:59:53,1778623193,41.217,-3.59,714.52,6.0,58,97,62,87,-1,14,5,9,14,0,1,18,0,2,9,5,7,14,5,9,14,5,9,1019.24,1016.63,0.06,18.01,11.1
ICEREZ2,Europe/Madrid,2026-05-13T21:59:52Z,2026-05-13 23:59:52,1778709592,41.217,-3.59,994.43,9.0,357,97,48,79,0,17,7,11,14,0,2,17,0,3,9,5,7,17,7,11,17,7,11,1019.81,1011.72,-0.28,5.99,3.1
ICEREZ2,Europe/Madrid,2026-05-14T21:59:50Z,2026-05-14 23:59:50,1778795990,41.217,-3.59,938.69,9.0,135,93,42,71,-1,16,6,11,19,0,4,26,0,6,8,1,5,16,6,11,16,6,11,1012.63,1004.74,-0.3,0.0,0.0
ICEREZ2,Europe/Madrid,2026-05-15T21:59:48Z,2026-05-15 23:59:48,1778882388,41.217,-3.59,1055.59,10.0,4,90,41,70,-1,13,3,8,19,0,5,28,0,7,7,-1,3,13,3,8,13,3,8,1011.24,1003.93,0.24,4.8,1.8
ICEREZ2,Europe/Madrid,2026-05-16T21:59:46Z,2026-05-16 23:59:46,1778968786,41.217,-3.59,704.29,6.0,48,93,39,67,0,17,-1,8,14,0,2,18,0,2,6,-2,2,17,-1,8,17,-1,8,1013.34,1011.04,0.05,0.0,0.0
ICEREZ2,Europe/Madrid,2026-05-17T21:59:45Z,2026-05-17 23:59:45,1779055185,41.217,-3.59,813.91,7.0,76,91,39,68,0,18,2,11,15,0,2,22,0,3,10,1,5,18,2,11,18,2,11,1013.14,1010.53,0.02,0.0,0.0
ICEREZ2,Europe/Madrid,2026-05-18T21:59:58Z,2026-05-18 23:59:58,1779141598,41.217,-3.59,816.92,7.0,357,93,39,68,-1,20,4,12,21,0,3,26,0,4,9,2,6,20,4,12,20,4,12,1015.92,1012.02,0.11,0.0,0.0
ICEREZ2,Europe/Madrid,2026-05-19T21:59:56Z,2026-05-19 23:59:56,1779227996,41.217,-3.59,729.97,7.0,288,90,35,64,0,23,5,14,15,0,3,22,0,4,11,3,7,23,5,14,22,5,14,1020.52,1015.44,0.2,0.0,0.0
ICEREZ2,Europe/Madrid,2026-05-20T21:59:54Z,2026-05-20 23:59:54,1779314394,41.217,-3.59,778.64,7.0,92,94,35,64,0,29,7,18,12,0,1,17,0,2,14,6,10,29,7,18,28,7,18,1021.44,1019.54,0.04,0.0,0.0
ICEREZ2,Europe/Madrid,2026-05-21T21:59:52Z,2026-05-21 23:59:52,1779400792,41.217,-3.59,696.17,6.0,166,81,29,45,-1,29,11,21,15,0,3,26,0,4,13,4,8,29,11,21,28,11,21,1022.01,1020.22,0.0,0.0,0.0
ICEREZ2,Europe/Madrid,2026-05-22T21:59:50Z,2026-05-22 23:59:50,1779487190,41.217,-3.59,883.09,8.0,155,76,27,45,-1,30,12,22,14,0,2,18,0,3,15,5,9,30,12,22,29,12,22,1022.82,1019.91,0.0,0.0,0.0
ICEREZ2,Europe/Madrid,2026-05-23T21:59:48Z,2026-05-23 23:59:48,1779573588,41.217,-3.59,714.93,6.0,165,69,22,40,-1,30,15,23,13,0,3,22,0,4,14,5,9,30,15,23,29,15,23,1022.32,1020.12,0.04,0.0,0.0
ICEREZ2,Europe/Madrid,2026-05-24T21:59:46Z,2026-05-24 23:59:46,1779659986,41.217,-3.59,754.21,7.0,165,69,25,38,-1,30,13,23,15,0,2,22,0,4,12,2,7,30,13,23,28,13,22,1022.32,1020.42,-0.01,0.0,0.0
ICEREZ2,Europe/Madrid,2026-05-25T21:59:44Z,2026-05-25 23:59:44,1779746384,41.217,-3.59,693.46,6.0,169,60,26,38,-1,28,17,23,21,0,4,29,0,7,12,3,7,28,17,23,27,17,22,1023.23,1020.93,0.04,0.0,0.0
ICEREZ2,Europe/Madrid,2026-05-26T21:59:58Z,2026-05-26 23:59:58,1779832798,41.217,-3.59,696.99,6.0,168,47,26,32,0,30,19,24,17,0,4,33,0,6,14,1,6,30,19,24,29,19,23,1023.23,1020.83,-0.04,0.0,0.0
ICEREZ2,Europe/Madrid,2026-05-27T21:59:56Z,2026-05-27 23:59:56,1779919196,41.217,-3.59,686.5,6.0,132,70,23,45,0,31,13,22,13,0,1,20,0,2,15,6,9,31,13,22,30,13,22,1022.72,1018.12,-0.09,0.0,0.0
ICEREZ2,Europe/Madrid,2026-05-28T21:59:54Z,2026-05-28 23:59:54,1780005594,41.217,-3.59,697.32,6.0,148,76,23,45,0,33,11,23,10,0,1,13,0,1,14,6,9,33,11,23,32,11,22,1020.01,1017.44,-0.05,0.0,0.0
ICEREZ2,Europe/Madrid,2026-05-29T21:59:51Z,2026-05-29 23:59:51,1780091991,41.217,-3.59,784.33,7.0,351,71,19,47,0,33,13,23,13,0,1,15,0,1,19,4,10,33,13,23,31,13,22,1019.74,1017.61,0.04,0.0,0.0
ICEREZ2,Europe/Madrid,2026-05-30T21:59:50Z,2026-05-30 23:59:50,1780178390,41.217,-3.59,733.34,7.0,49,76,19,50,0,32,13,23,14,0,1,22,0,2,16,5,11,32,13,23,30,13,22,1019.54,1016.63,-0.04,0.0,0.0
ICEREZ2,Europe/Madrid,2026-05-31T21:59:48Z,2026-05-31 23:59:48,1780264788,41.217,-3.59,715.49,6.0,45,77,19,50,0,31,12,22,15,0,1,17,0,2,14,4,10,31,12,22,29,12,21,1019.13,1013.14,-0.21,0.0,0.0
ICEREZ2,Europe/Madrid,2026-06-01T21:59:46Z,2026-06-01 23:59:46,1780351186,41.217,-3.59,817.8,7.0,29,82,24,52,0,31,11,21,19,0,2,24,0,3,14,7,10,31,11,21,29,11,21,1013.61,1008.74,-0.14,0.0,0.0
ICEREZ2,Europe/Madrid,2026-06-02T21:59:45Z,2026-06-02 23:59:45,1780437585,41.217,-3.59,837.52,8.0,112,84,28,55,0,25,12,19,17,0,3,20,0,5,12,3,9,25,12,19,25,12,18,1012.12,1009.31,0.07,0.0,0.0
ICEREZ2,Europe/Madrid,2026-06-03T21:59:58Z,2026-06-03 23:59:58,1780523998,41.217,-3.59,774.3,7.0,20,89,35,59,0,27,8,17,16,0,2,20,0,3,13,5,9,27,8,17,27,8,17,1013.51,1009.04,-0.08,0.0,0.0
ICEREZ2,Europe/Madrid,2026-06-04T21:59:55Z,2026-06-04 23:59:55,1780610395,41.217,-3.59,912.89,8.0,172,84,31,60,-1,22,10,17,17,0,4,24,0,6,12,3,9,22,10,17,21,10,17,1009.82,1006.33,-0.07,0.0,0.0
ICEREZ2,Europe/Madrid,2026-06-05T21:59:54Z,2026-06-05 23:59:54,1780696794,41.217,-3.59,899.59,8.0,59,90,35,62,0,24,5,15,15,0,2,20,0,3,12,3,7,24,5,15,24,5,14,1013.61,1006.33,0.22,0.0,0.0
ICEREZ2,Europe/Madrid,2026-06-06T21:59:52Z,2026-06-06 23:59:52,1780783192,41.217,-3.59,721.04,7.0,40,78,26,52,0,28,9,18,17,0,2,22,0,2,12,3,7,28,9,18,27,9,18,1017.03,1013.14,0.15,0.0,0.0
ICEREZ2,Europe/Madrid,2026-06-07T21:59:50Z,2026-06-07 23:59:50,1780869590,41.217,-3.59,833.03,8.0,169,74,29,48,-1,30,11,22,18,0,2,22,0,4,14,5,10,30,11,22,29,11,21,1018.12,1016.12,0.0,0.0,0.0
ICEREZ2,Europe/Madrid,2026-06-08T21:59:48Z,2026-06-08 23:59:48,1780955988,41.217,-3.59,712.3,6.0,39,81,20,46,0,29,12,22,20,0,3,29,0,4,14,4,9,29,12,22,28,12,21,1017.44,1014.83,-0.04,0.0,0.0
ICEREZ2,Europe/Madrid,2026-06-09T21:59:46Z,2026-06-09 23:59:46,1781042386,41.217,-3.59,872.07,8.0,37,88,36,60,0,28,9,18,18,0,2,24,0,3,14,7,10,28,9,18,27,9,18,1016.42,1012.84,-0.03,0.0,0.0
ICEREZ2,Europe/Madrid,2026-06-10T21:59:59Z,2026-06-10 23:59:59,1781128799,41.217,-3.59,737.6,7.0,24,89,26,58,0,26,6,16,15,0,2,18,0,3,10,4,6,26,6,16,25,6,15,1019.13,1014.63,0.15,0.0,0.0
ICEREZ2,Europe/Madrid,2026-06-11T21:59:57Z,2026-06-11 23:59:57,1781215197,41.217,-3.59,715.12,6.0,102,87,20,52,0,29,6,18,12,0,1,17,0,2,11,2,6,29,6,18,27,6,18,1021.44,1018.02,0.09,0.0,0.0
ICEREZ2,Europe/Madrid,2026-06-12T21:59:56Z,2026-06-12 23:59:56,1781301596,41.217,-3.59,715.57,6.0,154,75,20,44,-1,32,10,22,14,0,1,18,0,2,14,4,7,32,10,22,31,10,21,1022.11,1011.82,-0.34,0.0,0.0
ICEREZ2,Europe/Madrid,2026-06-13T21:59:54Z,2026-06-13 23:59:54,1781387994,41.217,-3.59,813.58,7.0,168,44,19,30,-1,32,19,25,15,0,4,28,0,6,10,3,6,32,19,25,30,19,24,1013.24,1008.43,-0.17,0.0,0.0
ICEREZ2,Europe/Madrid,2026-06-14T21:59:52Z,2026-06-14 23:59:52,1781474392,41.217,-3.59,851.32,8.0,162,78,26,44,0,30,18,23,18,0,3,29,0,4,16,4,10,30,18,23,29,18,22,1014.53,1004.91,0.23,1.8,0.3
ICEREZ2,Europe/Madrid,2026-06-15T21:59:50Z,2026-06-15 23:59:50,1781560790,41.217,-3.59,828.88,8.0,4,89,30,64,0,29,11,19,12,0,2,17,0,3,16,6,12,29,11,19,29,11,19,1015.82,1012.33,0.01,3.0,0.79
ICEREZ2,Europe/Madrid,2026-06-16T21:59:48Z,2026-06-16 23:59:48,1781647188,41.217,-3.59,828.76,8.0,161,86,28,52,0,32,11,23,13,0,2,17,0,2,15,9,12,32,11,23,31,11,22,1017.71,1014.63,0.11,0.0,0.0
ICEREZ2,Europe/Madrid,2026-06-17T21:59:46Z,2026-06-17 23:59:46,1781733586,41.217,-3.59,815.86,7.0,166,63,24,39,0,33,17,26,14,0,3,28,0,5,14,7,10,33,17,26,32,17,25,1018.52,1010.74,-0.22,0.0,0.0
ICEREZ2,Europe/Madrid,2026-06-18T21:59:59Z,2026-06-18 23:59:59,1781819999,41.217,-3.59,697.19,6.0,151,64,22,33,-1,33,16,26,17,0,3,29,0,5,13,4,8,33,16,26,31,16,25,1013.82,1008.23,0.06,0.0,0.0
ICEREZ2,Europe/Madrid,2026-06-19T21:59:57Z,2026-06-19 23:59:57,1781906397,41.217,-3.59,820.71,7.0,152,68,28,45,0,32,15,23,20,0,2,26,0,4,16,8,11,32,15,23,31,15,23,1013.72,1010.74,-0.04,0.0,0.0
ICEREZ2,Europe/Madrid,2026-06-20T21:59:55Z,2026-06-20 23:59:55,1781992795,41.217,-3.59,752.73,7.0,153,58,27,42,-1,34,22,27,22,0,3,28,0,4,17,9,13,34,22,27,33,21,27,1015.71,1011.92,0.1,0.0,0.0
ICEREZ2,Europe/Madrid,2026-06-21T21:59:54Z,2026-06-21 23:59:54,1782079194,41.217,-3.59,681.25,6.0,311,44,21,31,0,36,25,30,28,0,6,46,0,10,16,9,11,36,25,30,35,24,29,1018.12,1014.63,0.1,0.0,0.0
ICEREZ2,Europe/Madrid,2026-06-22T21:59:51Z,2026-06-22 23:59:51,1782165591,41.217,-3.59,754.51,7.0,170,39,17,28,-1,37,24,30,19,0,4,31,0,6,16,5,10,37,24,30,35,24,29,1018.63,1015.34,-0.07,0.0,0.0
ICEREZ2,Europe/Madrid,2026-06-23T21:59:50Z,2026-06-23 23:59:50,1782251990,41.217,-3.59,684.18,6.0,160,47,13,25,-1,38,23,30,19,0,3,29,0,4,14,4,8,38,23,30,36,22,29,1016.63,1012.63,-0.12,0.0,0.0
ICEREZ2,Europe/Madrid,2026-06-24T21:59:47Z,2026-06-24 23:59:47,1782338387,41.217,-3.59,710.55,6.0,169,46,20,29,-1,36,25,30,17,0,4,31,0,6,15,7,10,36,25,30,35,25,29,1014.12,1010.43,-0.1,0.0,0.0
ICEREZ2,Europe/Madrid,2026-06-25T21:59:46Z,2026-06-25 23:59:46,1782424786,41.217,-3.59,867.38,8.0,161,70,29,41,-1,29,16,25,21,0,4,29,0,6,16,8,11,29,16,25,28,16,25,1014.53,1010.13,0.14,1.8,0.3
ICEREZ2,Europe/Madrid,2026-06-26T21:59:44Z,2026-06-26 23:59:44,1782511184,41.217,-3.59,732.72,7.0,136,76,26,48,0,31,13,22,15,0,2,20,0,3,15,6,10,31,13,22,30,13,22,1015.24,1012.53,-0.01,0.0,0.0
ICEREZ2,Europe/Madrid,2026-06-27T21:59:59Z,2026-06-27 23:59:59,1782597599,41.217,-3.59,746.67,7.0,133,78,22,45,0,33,14,24,14,0,2,18,0,3,16,6,10,33,14,24,32,14,23,1016.22,1013.61,0.08,0.0,0.0
ICEREZ2,Europe/Madrid,2026-06-28T21:59:56Z,2026-06-28 23:59:56,1782683996,41.217,-3.59,787.02,7.0,112,88,32,60,0,30,16,21,14,0,1,22,0,2,17,7,13,30,16,21,29,16,21,1017.34,1013.92,0.05,8.99,3.3
ICEREZ2,Europe/Madrid,2026-06-29T21:59:54Z,2026-06-29 23:59:54,1782770394,41.217,-3.59,792.62,7.0,106,90,26,57,0,33,11,22,18,0,1,24,0,2,16,9,12,33,11,22,32,11,22,1018.73,1015.92,0.04,0.0,0.0
ICEREZ2,Europe/Madrid,2026-06-30T21:59:52Z,2026-06-30 23:59:52,1782856792,41.217,-3.59,715.26,6.0,57,84,26,51,-1,33,14,24,15,0,2,18,0,3,15,9,12,33,14,24,32,14,23,1018.22,1015.82,-0.02,0.0,0.0
ICEREZ2,Europe/Madrid,2026-07-01T21:59:51Z,2026-07-01 23:59:51,1782943191,41.217,-3.59,689.39,6.0,69,80,27,52,0,31,12,22,19,0,2,24,0,3,16,8,11,31,12,22,30,12,22,1018.52,1011.41,-0.17,0.0,0.0
ICEREZ2,Europe/Madrid,2026-07-02T21:59:48Z,2026-07-02 23:59:48,1783029588,41.217,-3.59,699.38,6.0,130,87,20,49,0,31,7,20,18,0,3,24,0,4,14,2,7,31,7,20,30,7,19,1014.22,1011.82,0.0,0.0,0.0
ICEREZ2,Europe/Madrid,2026-07-03T21:59:47Z,2026-07-03 23:59:47,1783115987,41.217,-3.59,690.06,6.0,100,62,18,34,-1,35,11,24,18,0,2,20,0,3,13,0,6,35,11,24,33,11,23,1015.04,1012.53,0.06,0.0,0.0
ICEREZ2,Europe/Madrid,2026-07-04T21:59:45Z,2026-07-04 23:59:45,1783202385,41.217,-3.59,693.35,6.0,32,73,14,41,-1,35,12,23,17,0,2,22,0,3,14,2,8,35,12,23,32,12,23,1015.34,1011.24,-0.12,0.0,0.0
ICEREZ2,Europe/Madrid,2026-07-05T21:59:58Z,2026-07-05 23:59:58,1783288798,41.217,-3.59,683.96,6.0,79,60,15,35,-1,36,14,25,12,0,2,17,0,3,14,3,8,36,14,25,34,14,24,1012.53,1008.94,-0.09,0.0,0.0
ICEREZ2,Europe/Madrid,2026-07-06T21:59:57Z,2026-07-06 23:59:57,1783375197,41.217,-3.59,735.6,7.0,116,66,14,32,-1,37,16,27,15,0,2,20,0,3,15,3,7,37,16,27,35,16,26,1010.33,1007.42,-0.04,0.0,0.0
ICEREZ2,Europe/Madrid,2026-07-07T21:59:55Z,2026-07-07 23:59:55,1783461595,41.217,-3.59,740.87,7.0,145,65,19,41,-1,37,16,24,21,0,2,29,0,3,16,5,10,37,16,24,35,16,24,1010.74,1007.92,0.04,0.0,0.0
ICEREZ2,Europe/Madrid,2026-07-08T21:59:53Z,2026-07-08 23:59:53,1783547993,41.217,-3.59,748.87,7.0,161,65,19,32,-1,35,18,28,12,0,3,24,0,4,14,6,9,35,18,28,34,18,27,1010.13,1005.42,-0.13,0.0,0.0
ICEREZ2,Europe/Madrid,2026-07-09T21:59:51Z,2026-07-09 23:59:51,1783634391,41.217,-3.59,693.11,6.0,142,65,14,33,-1,36,14,26,18,0,2,22,0,3,13,3,6,36,14,26,34,14,25,1006.94,1000.24,-0.21,0.0,0.0
ICEREZ2,Europe/Madrid,2026-07-10T21:59:50Z,2026-07-10 23:59:50,1783720790,41.217,-3.59,788.55,7.0,165,63,20,36,-1,32,16,23,18,0,2,31,0,3,14,3,7,32,16,23,30,16,23,1002.71,999.63,0.02,0.0,0.0
ICEREZ2,Europe/Madrid,2026-07-11T21:59:47Z,2026-07-11 23:59:47,1783807187,41.217,-3.59,741.39,7.0,171,65,17,34,0,35,13,26,22,0,2,28,0,4,13,4,7,35,13,26,33,13,25,1002.71,1000.34,-0.04,0.0,0.0
ICEREZ2,Europe/Madrid,2026-07-12T21:59:46Z,2026-07-12 23:59:46,1783893586,41.217,-3.59,686.24,6.0,173,63,32,42,-1,31,21,26,27,0,4,40,0,6,16,9,12,31,21,26,30,21,26,1004.64,1001.02,0.13,0.0,0.0
ICEREZ2,Europe/Madrid,2026-07-13T21:59:44Z,2026-07-13 23:59:44,1783979984,41.217,-3.59,880.99,8.0,25,77,22,41,0,32,13,23,15,0,2,22,0,3,13,3,8,32,13,23,30,13,23,1006.03,1003.22,0.06,0.0,0.0
ICEREZ2,Europe/Madrid,2026-07-14T21:59:57Z,2026-07-14 23:59:57,1784066397,41.217,-3.59,756.44,7.0,171,75,17,39,0,33,12,23,16,0,2,29,0,3,13,4,8,33,12,23,32,12,23,1007.21,1005.01,0.04,0.0,0.0
ICEREZ2,Europe/Madrid,2026-07-15T21:59:55Z,2026-07-15 23:59:55,1784152795,41.217,-3.59,768.56,7.0,132,70,22,39,-1,34,14,25,26,0,2,31,0,3,14,6,9,34,14,25,32,14,24,1008.84,1006.13,0.06,0.0,0.0
ICEREZ2,Europe/Madrid,2026-07-16T21:59:54Z,2026-07-16 23:59:54,1784239194,41.217,-3.59,805.54,7.0,24,65,17,39,0,33,13,24,22,0,3,29,0,4,14,3,8,33,13,24,31,13,23,1014.73,1005.72,0.27,0.0,0.0
ICEREZ2,Europe/Madrid,2026-07-17T21:59:52Z,2026-07-17 23:59:52,1784325592,41.217,-3.59,688.04,6.0,136,83,18,40,-1,33,12,23,26,0,2,31,0,3,15,4,8,33,12,23,31,12,23,1014.73,1010.84,-0.06,0.0,0.0
ICEREZ2,Europe/Madrid,2026-07-18T21:59:50Z,2026-07-18 23:59:50,1784411990,41.217,-3.59,753.33,7.0,71,72,10,33,0,36,13,24,26,0,2,35,0,3,13,-1,5,36,13,24,33,13,23,1013.41,1009.41,-0.07,0.0,0.0
ICEREZ2,Europe/Madrid,2026-07-19T21:59:47Z,2026-07-19 23:59:47,1784498387,41.217,-3.59,778.91,7.0,162,67,15,30,-1,34,13,24,17,0,2,24,0,3,10,1,4,34,13,24,32,13,23,1013.04,1010.53,0.06,0.0,0.0
ICEREZ2,Europe/Madrid,2026-07-20T21:59:46Z,2026-07-20 23:59:46,1784584786,41.217,-3.59,686.97,6.0,55,68,10,31,-1,35,13,24,18,0,2,26,0,3,12,-2,5,35,13,24,32,13,23,1014.02,1011.14,0.03,0.0,0.0
ICEREZ2,Europe/Madrid,2026-07-21T21:59:44Z,2026-07-21 23:59:44,1784671184,41.217,-3.59,680.03,6.0,64,66,10,29,0,38,12,25,17,0,2,22,0,3,13,0,4,38,12,25,35,12,24,1015.14,1012.73,0.04,0.0,0.0
ICEREZ2,Europe/Madrid,2026-07-22T21:59:58Z,2026-07-22 23:59:58,1784757598,41.217,-3.59,700.24,6.0,69,48,17,29,-1,38,15,27,17,0,2,24,0,3,14,3,7,38,15,27,36,15,26,1015.71,1013.24,0.03,0.0,0.0
ICEREZ2,Europe/Madrid,2026-07-23T21:59:57Z,2026-07-23 23:59:57,1784843997,41.217,-3.59,708.11,6.0,60,70,14,32,-1,36,14,25,17,0,2,24,0,3,12,3,6,36,14,25,33,14,24,1015.71,1012.73,-0.09,0.0,0.0
ICEREZ2,Europe/Madrid,2026-07-24T21:59:54Z,2026-07-24 23:59:54,1784930394,41.217,-3.59,616.47,6.0,24,57,24,39,0,29,13,21,20,0,4,31,0,5,13,0,7,29,13,21,28,13,21,1013.61,1009.52,-0.08,0.0,0.0
ICEREZ2,Europe/Madrid,2026-07-25T21:59:52Z,2026-07-25 23:59:52,1785016792,41.217,-3.59,827.1,8.0,105,75,35,56,-1,25,12,18,18,0,3,28,0,4,12,6,8,25,12,18,24,12,17,1013.72,1010.43,0.09,0.0,0.0
ICEREZ2,Europe/Madrid,2026-07-26T21:59:51Z,2026-07-26 23:59:51,1785103191,41.217,-3.59,694.57,6.0,42,87,26,55,0,27,7,17,19,0,2,24,0,3,11,4,6,27,7,17,27,7,17,1015.92,1013.34,0.09,0.0,0.0
ICEREZ2,Europe/Madrid,2026-07-27T21:59:49Z,2026-07-27 23:59:49,1785189589,41.217,-3.59,696.8,6.0,41,84,25,47,0,33,11,22,15,0,2,18,0,2,15,5,9,33,11,22,32,11,21,1016.53,1013.14,-0.05,0.0,0.0
ICEREZ2,Europe/Madrid,2026-07-28T21:59:47Z,2026-07-28 23:59:47,1785275987,41.217,-3.59,651.74,6.0,168,62,18,34,0,36,15,27,19,0,2,26,0,4,15,5,8,36,15,27,35,15,26,1015.82,1013.82,0.04,0.0,0.0
ICEREZ2,Europe/Madrid,2026-07-29T21:59:45Z,2026-07-29 23:59:45,1785362385,41.217,-3.59,665.76,6.0,156,57,22,31,0,36,18,29,15,0,3,24,0,4,16,5,10,36,18,29,36,18,28,1016.83,1014.53,0.05,0.0,0.0
ICEREZ2,Europe/Madrid,2026-07-30T21:59:59Z,2026-07-30 23:59:59,1785448799,41.217,-3.59,675.22,6.0,134,72,17,37,-1,37,16,27,13,0,2,20,0,3,15,7,10,37,16,27,36,16,26,1016.83,1013.14,-0.07,0.0,0.0
ICEREZ2,Europe/Madrid,2026-07-31T21:59:56Z,2026-07-31 23:59:56,1785535196,41.217,-3.59,676.24,6.0,50,63,12,32,0,34,18,25,21,0,3,28,0,5,14,0,6,34,18,25,31,18,24,1015.71,1012.94,-0.03,0.0,0.0
ICEREZ2,Europe/Madrid,2026-08-01T21:59:55Z,2026-08-01 23:59:55,1785621595,41.217,-3.59,682.55,6.0,34,60,18,30,0,35,14,25,19,0,3,26,0,4,12,1,6,35,14,25,33,14,24,1014.63,1010.02,-0.12,0.0,0.0
ICEREZ2,Europe/Madrid,2026-08-02T21:59:53Z,2026-08-02 23:59:53,1785707993,41.217,-3.59,676.29,6.0,38,68,21,38,0,34,13,24,17,0,3,22,0,4,14,5,8,34,13,24,32,13,23,1011.41,1008.23,-0.06,0.0,0.0
ICEREZ2,Europe/Madrid,2026-08-03T21:59:51Z,2026-08-03 23:59:51,1785794391,41.217,-3.59,877.67,8.0,26,69,26,43,-1,31,15,22,19,0,2,26,0,3,14,6,9,31,15,22,30,15,22,1011.51,1008.13,0.06,0.0,0.0
ICEREZ2,Europe/Madrid,2026-08-04T21:59:48Z,2026-08-04 23:59:48,1785880788,41.217,-3.59,757.54,7.0,18,89,26,54,-1,31,15,23,19,0,3,24,0,4,17,8,12,31,15,23,29,15,22,1015.92,1011.24,0.18,0.0,0.0
ICEREZ2,Europe/Madrid,2026-08-05T21:59:46Z,2026-08-05 23:59:46,1785967186,41.217,-3.59,685.39,6.0,18,82,28,51,0,34,14,24,15,0,2,20,0,3,16,9,12,34,14,24,34,14,23,1016.53,1013.61,0.02,0.0,0.0
ICEREZ2,Europe/Madrid,2026-08-06T21:59:45Z,2026-08-06 23:59:45,1786053585,41.217,-3.59,680.31,6.0,31,83,22,47,-1,34,15,25,15,0,2,24,0,3,17,9,12,34,15,25,33,15,24,1016.63,1011.14,-0.12,0.0,0.0
ICEREZ2,Europe/Madrid,2026-08-07T21:59:59Z,2026-08-07 23:59:59,1786139999,41.217,-3.59,681.03,6.0,31,68,17,40,-1,35,15,25,20,0,3,28,0,4,16,5,9,35,15,25,33,15,24,1013.41,1010.53,-0.03,0.0,0.0
ICEREZ2,Europe/Madrid,2026-08-08T21:59:58Z,2026-08-08 23:59:58,1786226398,41.217,-3.59,702.06,6.0,147,67,20,42,0,35,15,24,16,0,1,20,0,2,16,8,10,35,15,24,33,15,23,1012.63,1007.72,-0.15,0.0,0.0
ICEREZ2,Europe/Madrid,2026-08-09T21:59:54Z,2026-08-09 23:59:54,1786312794,41.217,-3.59,703.43,6.0,172,71,16,41,0,33,15,24,15,0,2,24,0,3,15,3,9,33,15,24,32,15,23,1009.62,1007.21,0.02,0.0,0.0
ICEREZ2,Europe/Madrid,2026-08-10T21:59:54Z,2026-08-10 23:59:54,1786399194,41.217,-3.59,638.19,6.0,128,59,17,35,1,34,13,23,17,0,2,22,0,3,11,3,6,34,13,23,32,13,23,1009.92,1006.94,0.0,0.0,0.0
ICEREZ2,Europe/Madrid,2026-08-11T21:59:51Z,2026-08-11 23:59:51,1786485591,41.217,-3.59,714.03,6.0,116,74,20,38,0,35,15,25,14,0,2,20,0,3,15,5,9,35,15,25,34,15,24,1011.41,1008.74,0.07,0.0,0.0
ICEREZ2,Europe/Madrid,2026-08-12T21:59:49Z,2026-08-12 23:59:49,1786571989,41.217,-3.59,626.33,6.0,130,57,16,31,0,36,15,26,15,0,2,20,0,2,13,5,7,36,15,26,35,15,25,1014.02,1011.04,0.11,0.0,0.0
ICEREZ2,Europe/Madrid,2026-08-13T21:59:47Z,2026-08-13 23:59:47,1786658387,41.217,-3.59,739.29,7.0,154,62,19,35,0,37,18,27,16,0,2,26,0,3,16,3,10,37,18,27,36,18,26,1014.73,1012.23,-0.01,0.0,0.0
ICEREZ2,Europe/Madrid,2026-08-14T21:59:44Z,2026-08-14 23:59:44,1786744784,41.217,-3.59,748.53,7.0,144,61,23,38,0,35,20,26,27,0,2,31,0,4,17,7,10,35,20,26,34,20,26,1013.51,1009.31,-0.12,13.79,2.31
ICEREZ2,Europe/Madrid,2026-08-15T21:59:59Z,2026-08-15 23:59:59,1786831199,41.217,-3.59,713.72,6.0,178,92,29,51,0,31,15,23,15,0,2,26,0,3,16,8,12,31,15,23,30,15,23,1010.63,1007.62,-0.02,33.6,12.9
ICEREZ2,Europe/Madrid,2026-08-16T21:59:56Z,2026-08-16 23:59:56,1786917596,41.217,-3.59,705.6,6.0,141,90,27,56,0,32,14,22,12,0,1,18,0,2,15,10,12,32,14,22,31,14,22,1011.31,1008.74,0.05,0.0,0.0
ICEREZ2,Europe/Madrid,2026-08-17T21:59:55Z,2026-08-17 23:59:55,1787003995,41.217,-3.59,635.82,6.0,19,74,21,46,0,34,14,24,16,0,2,24,0,2,14,7,10,34,14,24,32,14,23,1012.53,1010.33,0.03,0.0,0.0
ICEREZ2,Europe/Madrid,2026-08-18T21:59:53Z,2026-08-18 23:59:53,1787090393,41.217,-3.59,626.45,6.0,127,63,17,38,0,36,16,26,17,0,2,26,0,2,15,6,9,36,16,26,34,16,25,1012.33,1008.84,-0.06,0.0,0.0
ICEREZ2,Europe/Madrid,2026-08-19T21:59:51Z,2026-08-19 23:59:51,1787176791,41.217,-3.59,713.34,6.0,35,67,25,41,-1,34,16,25,16,0,2,22,0,3,16,7,11,34,16,25,33,16,25,1010.53,1005.32,-0.1,0.0,0.0
ICEREZ2,Europe/Madrid,2026-08-20T21:59:49Z,2026-08-20 23:59:49,1787263189,41.217,-3.59,668.54,6.0,56,96,36,69,0,27,15,19,18,0,2,22,0,2,16,7,13,27,15,19,27,15,19,1008.43,1004.84,-0.06,50.39,25.4
ICEREZ2,Europe/Madrid,2026-08-21T21:59:47Z,2026-08-21 23:59:47,1787349587,41.217,-3.59,695.37,6.0,51,97,35,75,-1,27,15,19,13,0,2,17,0,3,17,9,14,27,15,19,27,15,19,1009.11,1006.13,0.06,0.0,0.0
ICEREZ2,Europe/Madrid,2026-08-22T21:59:44Z,2026-08-22 23:59:44,1787435984,41.217,-3.59,682.96,6.0,128,91,33,60,0,30,12,21,15,0,2,24,0,3,16,10,12,30,12,21,29,12,21,1008.03,1006.23,-0.01,0.0,0.0
